file,start,end,F0semitoneFrom27.5Hz_sma3nz_amean,F0semitoneFrom27.5Hz_sma3nz_stddevNorm,F0semitoneFrom27.5Hz_sma3nz_percentile20.0,F0semitoneFrom27.5Hz_sma3nz_percentile50.0,F0semitoneFrom27.5Hz_sma3nz_percentile80.0,F0semitoneFrom27.5Hz_sma3nz_pctlrange0-2,F0semitoneFrom27.5Hz_sma3nz_meanRisingSlope,F0semitoneFrom27.5Hz_sma3nz_stddevRisingSlope,F0semitoneFrom27.5Hz_sma3nz_meanFallingSlope,F0semitoneFrom27.5Hz_sma3nz_stddevFallingSlope,loudness_sma3_amean,loudness_sma3_stddevNorm,loudness_sma3_percentile20.0,loudness_sma3_percentile50.0,loudness_sma3_percentile80.0,loudness_sma3_pctlrange0-2,loudness_sma3_meanRisingSlope,loudness_sma3_stddevRisingSlope,loudness_sma3_meanFallingSlope,loudness_sma3_stddevFallingSlope,spectralFlux_sma3_amean,spectralFlux_sma3_stddevNorm,mfcc1_sma3_amean,mfcc1_sma3_stddevNorm,mfcc2_sma3_amean,mfcc2_sma3_stddevNorm,mfcc3_sma3_amean,mfcc3_sma3_stddevNorm,mfcc4_sma3_amean,mfcc4_sma3_stddevNorm,jitterLocal_sma3nz_amean,jitterLocal_sma3nz_stddevNorm,shimmerLocaldB_sma3nz_amean,shimmerLocaldB_sma3nz_stddevNorm,HNRdBACF_sma3nz_amean,HNRdBACF_sma3nz_stddevNorm,logRelF0-H1-H2_sma3nz_amean,logRelF0-H1-H2_sma3nz_stddevNorm,logRelF0-H1-A3_sma3nz_amean,logRelF0-H1-A3_sma3nz_stddevNorm,F1frequency_sma3nz_amean,F1frequency_sma3nz_stddevNorm,F1bandwidth_sma3nz_amean,F1bandwidth_sma3nz_stddevNorm,F1amplitudeLogRelF0_sma3nz_amean,F1amplitudeLogRelF0_sma3nz_stddevNorm,F2frequency_sma3nz_amean,F2frequency_sma3nz_stddevNorm,F2bandwidth_sma3nz_amean,F2bandwidth_sma3nz_stddevNorm,F2amplitudeLogRelF0_sma3nz_amean,F2amplitudeLogRelF0_sma3nz_stddevNorm,F3frequency_sma3nz_amean,F3frequency_sma3nz_stddevNorm,F3bandwidth_sma3nz_amean,F3bandwidth_sma3nz_stddevNorm,F3amplitudeLogRelF0_sma3nz_amean,F3amplitudeLogRelF0_sma3nz_stddevNorm,alphaRatioV_sma3nz_amean,alphaRatioV_sma3nz_stddevNorm,hammarbergIndexV_sma3nz_amean,hammarbergIndexV_sma3nz_stddevNorm,slopeV0-500_sma3nz_amean,slopeV0-500_sma3nz_stddevNorm,slopeV500-1500_sma3nz_amean,slopeV500-1500_sma3nz_stddevNorm,spectralFluxV_sma3nz_amean,spectralFluxV_sma3nz_stddevNorm,mfcc1V_sma3nz_amean,mfcc1V_sma3nz_stddevNorm,mfcc2V_sma3nz_amean,mfcc2V_sma3nz_stddevNorm,mfcc3V_sma3nz_amean,mfcc3V_sma3nz_stddevNorm,mfcc4V_sma3nz_amean,mfcc4V_sma3nz_stddevNorm,alphaRatioUV_sma3nz_amean,hammarbergIndexUV_sma3nz_amean,slopeUV0-500_sma3nz_amean,slopeUV500-1500_sma3nz_amean,spectralFluxUV_sma3nz_amean,loudnessPeaksPerSec,VoicedSegmentsPerSec,MeanVoicedSegmentLengthSec,StddevVoicedSegmentLengthSec,MeanUnvoicedSegmentLength,StddevUnvoicedSegmentLength,equivalentSoundLevel_dBp
./StandardData/2021.0525.101404.wav,0 days,0 days 00:00:01.195375,0.0,0.0,0.0,0.0,0.0,0.0,0.0,0.0,0.0,0.0,0.47359887,1.2999213,0.11128497,0.16470453,1.0955325,0.98424757,25.766504,18.046934,43.96355,11.150137,0.45738843,1.6133286,3.4015908,1.4561647,-13.60564,-0.39934352,-0.58606166,-7.041724,-18.409777,-0.3634406,0.0,0.0,0.0,0.0,0.0,0.0,0.0,0.0,0.0,0.0,0.0,0.0,0.0,0.0,-201.0,0.0,0.0,0.0,0.0,0.0,-201.0,0.0,0.0,0.0,0.0,0.0,-201.0,0.0,0.0,0.0,0.0,0.0,0.0,0.0,0.0,0.0,0.0,0.0,0.0,0.0,0.0,0.0,0.0,0.0,0.0,0.0,1.251077,6.4677653,0.06200923,0.009559545,0.48074448,6.779661,0.0,0.0,0.0,1.12,0.0,-23.732244
./StandardData/2021.0707.084640.wav,0 days,0 days 00:00:00.575500,0.0,0.0,0.0,0.0,0.0,0.0,0.0,0.0,0.0,0.0,0.13890111,0.7998852,0.07018662,0.10035007,0.18363601,0.11344939,5.2271085,3.734622,-0.17970586,2.542401,0.073867954,1.6967772,19.763031,0.44137508,-2.4179747,-3.3806484,0.43368816,18.190935,-16.749565,-0.48641205,0.0,0.0,0.0,0.0,0.0,0.0,0.0,0.0,0.0,0.0,0.0,0.0,0.0,0.0,-201.0,0.0,0.0,0.0,0.0,0.0,-201.0,0.0,0.0,0.0,0.0,0.0,-201.0,0.0,0.0,0.0,0.0,0.0,0.0,0.0,0.0,0.0,0.0,0.0,0.0,0.0,0.0,0.0,0.0,0.0,0.0,0.0,-8.458796,17.883713,0.064204454,0.00015239354,0.074261576,7.142857,0.0,0.0,0.0,0.5,0.0,-38.18657
./StandardData/2021.0616.112308.wav,0 days,0 days 00:00:00.363562500,0.0,0.0,0.0,0.0,0.0,0.0,0.0,0.0,0.0,0.0,0.43097126,1.097056,0.22503135,0.27730525,0.38940507,0.16437373,1.8011633,1.0782067,11.609544,10.079003,0.49994788,2.5740979,8.539091,0.7876042,-16.607815,-0.31580773,-4.26694,-0.8944566,-20.632635,-0.220655,0.0,0.0,0.0,0.0,0.0,0.0,0.0,0.0,0.0,0.0,0.0,0.0,0.0,0.0,-201.0,0.0,0.0,0.0,0.0,0.0,-201.0,0.0,0.0,0.0,0.0,0.0,-201.0,0.0,0.0,0.0,0.0,0.0,0.0,0.0,0.0,0.0,0.0,0.0,0.0,0.0,0.0,0.0,0.0,0.0,0.0,0.0,-0.32582003,9.232411,0.07476126,0.00095018,0.59253955,2.857143,0.0,0.0,0.0,0.29,0.0,-20.930077
./StandardData/2021.0514.143939.wav,0 days,0 days 00:00:01.815250,28.414652,0.10514151,26.567453,27.97567,31.06075,4.4932957,63.98109,70.44628,84.82855,111.55103,0.20463413,0.5852206,0.102418885,0.18056354,0.28062057,0.17820169,2.7057474,2.4753072,1.925976,0.6541999,0.13309418,0.71342593,30.462605,0.32429132,25.539963,0.4458758,16.724846,0.7051594,3.8843212,3.5824502,0.039213106,1.6092486,1.4911743,0.59979945,7.3483324,0.24906372,6.9684806,2.058391,30.941637,0.50004965,853.7605,0.24745616,1383.3915,0.12677905,-64.5524,-0.9554068,1968.0317,0.120900095,1197.1622,0.22137274,-74.77796,-0.74157315,3052.0173,0.073805384,1097.8824,0.24117336,-76.36648,-0.7074772,-29.80632,-0.28446755,42.570362,0.1882895,-0.029662922,-0.80724764,-0.014559897,-0.86487174,0.15485853,0.54855365,33.663685,0.20597555,29.252817,0.25564143,19.612549,0.5613287,8.257374,1.347451,-15.3322935,25.604193,-0.00563278,-0.007330965,0.05093923,2.777778,2.2857144,0.35,0.3203904,0.08,0.06377042,-28.592987
./StandardData/2021.0616.113832.wav,0 days,0 days 00:00:02.182625,29.882242,0.10201922,26.908398,29.658741,32.950726,6.042328,35.1344,13.602859,30.837914,9.590453,0.4085776,0.8924563,0.07777944,0.27842906,0.7432972,0.6655178,8.58164,4.730734,6.275314,3.7656095,0.25975254,1.0935237,35.514473,0.40719107,7.7141466,1.8145972,3.4901116,4.6474686,-8.472034,-1.5853196,0.042723335,1.019728,1.5388741,0.7583596,5.6436534,0.58457327,3.4731312,2.1725812,35.24419,0.27087644,672.0685,0.315656,1446.624,0.154969,-75.48155,-1.1523085,1716.0969,0.17709972,1184.9989,0.19283417,-81.73046,-0.96593094,2885.1538,0.10834788,1090.0957,0.25819242,-91.18686,-0.7928987,-17.911737,-0.5305024,34.856426,0.19558187,0.051815946,0.6096881,-0.020746432,-0.92221004,0.3562973,0.8121273,43.131927,0.2059292,9.884548,1.3114489,-0.6786877,-26.097427,-7.4859,-1.846191,-12.985424,23.191372,0.060101345,0.00664982,0.07828633,3.6866362,2.3584907,0.278,0.09867117,0.121999994,0.07222188,-24.152212
./StandardData/2021.0610.112417.wav,0 days,0 days 00:00:00.487500,59.21748,1.2797669e-05,59.21694,59.216988,59.217926,0.0009841919,0.000521342,0.0,0.0,0.0,0.14681496,1.1745113,0.06651114,0.0755787,0.115736686,0.049225546,1.3839864,0.9310422,5.147751,0.0,0.02945083,1.8498394,11.019505,0.5069745,-2.5487623,-3.0022418,1.513268,2.6524918,-20.527641,-0.23558842,0.025103828,0.0,2.7354407,0.2789776,-2.0159054,-0.10804107,2.4173641,0.03309554,2.4173641,0.03309554,489.48096,0.002612532,1092.335,0.023868002,-201.0,0.0,1456.4308,0.003291912,1239.4272,0.0049847295,-186.79805,-0.22623993,2369.6929,0.0060420875,1197.2432,0.084656246,-186.96664,-0.22332981,-10.825781,-0.053790763,19.90354,0.030416477,0.00026883432,28.218298,-0.004395203,-0.84101725,0.006710827,0.044325225,12.906989,0.07839583,0.7898056,0.91907054,-3.5576518,-1.0579549,-27.58471,-0.016202698,-7.4650617,17.309505,0.010724957,0.00027232736,0.034400765,2.1276596,2.3809524,0.02,0.0,0.185,0.035,-43.62236
./StandardData/2021.0714.093436.wav,0 days,0 days 00:00:01.080562500,28.588366,0.12086451,25.73608,28.544426,32.051136,6.315056,58.155903,0.0,-9.839344,32.8315,0.34569004,0.9797465,0.048791513,0.22526854,0.6462127,0.59742117,2.53114,1.1154947,4.5460677,0.82820094,0.17546049,1.1106504,28.535172,0.61553484,2.4925435,6.2125072,3.6627028,3.7124143,-10.59339,-1.0721714,0.08473464,0.9385766,1.1428282,0.7208353,4.2651386,0.59110916,4.1279306,2.2806559,35.90537,0.46760395,646.6891,0.25478554,1345.6039,0.1286822,-102.40636,-0.91971135,1719.5343,0.13439217,1071.6251,0.18925104,-108.13351,-0.79843587,2826.4417,0.09717662,1144.1057,0.17533387,-114.941864,-0.7014111,-16.34571,-0.5869455,30.117655,0.52488256,0.052906618,0.5474756,-0.033288658,-0.6589725,0.30506802,0.6254726,40.50089,0.25092366,6.719134,2.5432785,1.0784388,15.65636,-12.304455,-1.0122641,-5.8101954,16.189789,0.049565054,0.0027422125,0.052942757,1.869159,1.9607843,0.255,0.114999995,0.15333332,0.059066813,-26.234516
./StandardData/2021.0606.145536.wav,0 days,0 days 00:00:00.596937500,39.36664,0.013755651,38.9478,39.260883,39.604073,0.6562729,5.321325,0.0,11.728331,3.4042487,0.19099738,0.46426824,0.0942245,0.21866679,0.23116934,0.13694485,1.8633387,1.3926276,1.0449722,0.48118693,0.0417707,0.61310023,32.09888,0.29756355,8.002477,1.4021922,7.065155,1.7363088,-14.38214,-0.8351379,0.010715763,0.5730499,0.65940285,0.928136,12.74115,0.2376429,15.902796,0.68799543,34.093624,0.4496199,701.80896,0.28409043,1486.9789,0.19641717,-59.306366,-1.1046236,1799.7246,0.14551368,955.84894,0.2310175,-59.387726,-0.9847719,2908.805,0.07139434,1015.2103,0.15734379,-69.21291,-0.7905056,-22.981844,-0.31776106,35.904953,0.31472164,0.07192286,0.17607632,-0.027206512,-0.3661123,0.05140545,0.4386776,36.261227,0.1583791,10.880067,1.0162375,7.801116,1.7023525,-14.8237505,-0.85803574,-10.986433,21.332384,0.052744105,0.012619877,0.016843582,1.724138,1.8867925,0.44,0.0,0.07,0.0,-34.087093
./StandardData/2021.0707.084515.wav,0 days,0 days 00:00:02.504000,31.987822,0.1786746,26.197968,32.6781,38.58653,12.388561,39.263897,10.892931,59.79991,36.473526,0.3273895,0.7487935,0.08357407,0.2665932,0.57811165,0.4945376,5.854195,3.2607634,4.566934,2.0795214,0.20891865,1.0652678,34.51733,0.46979558,16.388407,0.91258806,2.0612352,8.921903,-18.07265,-0.8820329,0.029267168,1.6936741,1.4998982,0.6927725,6.501909,0.598136,9.198707,1.361141,48.18183,0.26318666,679.23376,0.29932225,1433.0056,0.10988192,-73.802345,-1.1569299,1754.6263,0.16092162,1246.817,0.3124881,-86.332726,-0.8490292,2924.8857,0.07742716,1100.8558,0.19939503,-95.86378,-0.6902438,-26.45414,-0.35386074,44.280376,0.19729228,0.07071006,0.33854496,-0.034965064,-0.6687293,0.28989378,0.79222274,42.84158,0.2143974,20.835403,0.5633008,-3.0554264,-6.055419,-20.525787,-0.82163435,-11.945395,21.4937,0.06525994,0.006764585,0.04374593,3.6144578,2.8688524,0.23142856,0.13767752,0.09428571,0.049528386,-24.896704
./StandardData/2021.0616.114137.wav,0 days,0 days 00:00:01.539750,30.433598,0.045079764,29.693357,30.57257,31.559107,1.8657494,84.18888,73.3195,22.89795,14.109635,0.4730271,0.8391396,0.059079394,0.37267143,0.91078174,0.85170233,10.596453,4.8807797,8.940861,4.544101,0.29400775,0.97946334,27.632069,0.6489507,2.146767,5.459905,0.086426534,213.26263,-13.147553,-1.0474477,0.014557159,0.8850519,1.7429105,0.7213515,5.4388566,0.5776696,1.7598983,2.3823316,35.99162,0.2928448,732.10144,0.30257928,1417.743,0.19323102,-107.4235,-0.85807914,1753.6803,0.1485845,1140.7365,0.2692921,-112.75813,-0.75267816,2862.3398,0.106939815,987.1562,0.24758217,-119.33798,-0.65601593,-13.78028,-0.5724493,27.286648,0.29223347,0.07166818,0.29062724,-0.023818124,-0.9455077,0.45945007,0.6023964,38.423267,0.35797006,2.655084,3.97572,-2.1734564,-7.9056687,-9.872969,-1.3254795,-5.563793,19.461054,0.05380392,0.00066407194,0.16065274,4.605263,4.081633,0.10833333,0.060941685,0.11333333,0.07909207,-23.160841
./StandardData/2021.0614.114056.wav,0 days,0 days 00:00:02.549937500,28.175127,0.1271107,25.247643,27.389046,31.192736,5.945093,79.71841,117.54957,47.165108,33.193123,0.5557085,0.84585327,0.13879466,0.47336268,0.8151465,0.67635185,10.728095,5.0810647,11.38173,8.361981,0.45878094,1.1147904,35.60165,0.4394619,8.864856,1.6020194,-5.0789895,-3.3691022,-7.2056103,-1.9109784,0.021949505,0.6753245,1.7141334,0.7037776,5.0730715,0.61571145,4.289886,1.8834032,42.695274,0.18746154,592.76105,0.33398038,1474.3208,0.13358578,-88.36379,-1.0414741,1609.1886,0.16064563,1225.2738,0.23206954,-98.39918,-0.83909976,2784.0422,0.089653626,1180.8396,0.21257947,-108.16261,-0.68832445,-19.042255,-0.47729045,38.354874,0.21517088,0.04431343,0.59010196,-0.022796627,-0.7507563,0.6409631,0.811578,44.385723,0.17817178,13.422859,0.8684382,-5.8293557,-3.486158,-2.8896544,-4.951679,-9.821773,24.785448,0.04151517,-0.0042357263,0.2270903,5.13834,2.8225806,0.19714284,0.13455899,0.11875,0.051584277,-19.204693
./StandardData/2021.0606.145203.wav,0 days,0 days 00:00:00.298437500,0.0,0.0,0.0,0.0,0.0,0.0,0.0,0.0,0.0,0.0,0.24755044,0.83864367,0.04941761,0.16830045,0.4674488,0.4180312,1.9676973,1.3947096,2.9373055,0.0,0.06904696,1.0063983,14.644044,0.50480723,-1.2532281,-10.735142,0.35286415,30.329885,-8.563036,-0.84579927,0.0,0.0,0.0,0.0,0.0,0.0,0.0,0.0,0.0,0.0,0.0,0.0,0.0,0.0,-201.0,0.0,0.0,0.0,0.0,0.0,-201.0,0.0,0.0,0.0,0.0,0.0,-201.0,0.0,0.0,0.0,0.0,0.0,0.0,0.0,0.0,0.0,0.0,0.0,0.0,0.0,0.0,0.0,0.0,0.0,0.0,0.0,-6.6748195,15.74348,0.0015799183,-0.0025394016,0.08715109,3.5714285,0.0,0.0,0.0,0.22,0.0,-39.89036
./StandardData/2021.0606.145113.wav,0 days,0 days 00:00:00.521687500,36.699886,0.065835156,33.48139,38.07694,38.75769,5.2762985,76.83663,65.76079,9.86824,0.0,0.3670705,0.8333797,0.10815073,0.22827296,0.5682693,0.4601186,3.7949593,2.2144744,10.872685,9.320165,0.15133175,1.2206079,33.05849,0.10433788,9.361287,0.92625576,-3.2902484,-3.5158846,-31.48898,-0.5045001,0.0099916225,0.58940864,0.7833687,0.48194003,11.694527,0.16807558,3.7334864,2.6577141,32.47615,0.2701836,836.78754,0.12769845,1330.7004,0.13674468,-5.719849,-2.5203354,2061.6843,0.09917427,1035.1179,0.34190342,-25.623093,-0.5299797,3104.497,0.08539502,1329.6178,0.16713563,-31.59907,-0.3751091,-23.912342,-0.19487295,32.019962,0.21032612,0.08649688,0.21593367,-0.0418856,-0.434853,0.1740332,1.091685,32.769867,0.1089858,8.564032,1.0423696,-4.837287,-2.3687973,-33.267136,-0.48368278,0.0,0.0,0.0,0.0,0.0,3.9215686,2.2222223,0.44,0.0,0.0,0.0,-24.683693
./StandardData/2021.0714.092439.wav,0 days,0 days 00:00:00.412125,0.0,0.0,0.0,0.0,0.0,0.0,0.0,0.0,0.0,0.0,0.5261134,1.1443775,0.25173622,0.31701058,0.46570733,0.21397111,32.030376,22.56678,67.743484,0.0,0.4026324,2.4245787,5.5420847,1.1371988,-17.956188,-0.16931893,-3.5447192,-1.467348,-20.479864,-0.28058702,0.0,0.0,0.0,0.0,0.0,0.0,0.0,0.0,0.0,0.0,0.0,0.0,0.0,0.0,-201.0,0.0,0.0,0.0,0.0,0.0,-201.0,0.0,0.0,0.0,0.0,0.0,-201.0,0.0,0.0,0.0,0.0,0.0,0.0,0.0,0.0,0.0,0.0,0.0,0.0,0.0,0.0,0.0,0.0,0.0,0.0,0.0,0.5246736,7.7854686,0.07922472,0.0030672932,0.4533627,2.5000002,0.0,0.0,0.0,0.34,0.0,-20.576809
./StandardData/2021.0714.095440.wav,0 days,0 days 00:00:01.264249999,29.132399,0.16287643,24.991432,26.52857,34.61835,9.626919,18.69784,10.213028,52.09126,0.0,0.20484823,0.71015716,0.04289325,0.19538522,0.3624052,0.31951195,2.718389,1.8950355,2.3976336,0.64620954,0.13062814,1.2216892,22.52094,0.8482119,14.596338,1.0960938,22.277412,0.9142662,1.6266054,7.0669146,0.021940218,0.8758791,1.8047787,0.79065615,6.5826135,0.39497826,10.64469,1.172862,36.86744,0.5768183,693.7285,0.29832885,1464.7296,0.15939075,-105.76579,-0.8065733,1784.5021,0.10308349,1071.7542,0.2565354,-112.37165,-0.69530636,2915.995,0.06836861,1102.3776,0.29649332,-115.33807,-0.6540176,-28.464827,-0.29320568,37.496002,0.26225883,0.027871558,1.0409155,-0.009874881,-1.4884768,0.21891998,0.8209703,34.76954,0.3365899,26.659235,0.37454587,29.570812,0.6894442,4.8616395,2.8153708,-3.4770555,15.556751,0.034361273,0.02801066,0.039409306,3.2,2.5000002,0.20666665,0.032998316,0.1275,0.061390147,-29.56148
./StandardData/2021.0614.014505.wav,0 days,0 days 00:00:01.402000,27.048065,0.055763736,25.497864,27.119537,28.716259,3.2183952,46.57248,30.472685,16.362083,5.8258033,0.096687354,0.6159279,0.05187211,0.0807715,0.13744184,0.08556973,0.92619294,0.20971584,0.97349316,0.41771618,0.046129566,1.1262463,28.417707,0.4592959,14.561733,1.0935278,13.895764,0.7321244,3.2136462,4.338524,0.032522842,0.91426605,1.4095373,0.91310334,7.5280185,0.2610471,9.686975,0.71223134,39.957855,0.26181808,918.01,0.22089976,1338.3064,0.103232116,-110.05194,-0.7116824,2004.0447,0.095063485,1256.9579,0.15825287,-117.74643,-0.60843074,3108.8733,0.06725177,1170.2871,0.19307126,-121.85626,-0.5579226,-32.305374,-0.21074773,46.195965,0.1579457,-0.011806837,-2.1823614,-0.007155042,-1.7357526,0.07536581,0.7652497,37.555077,0.17593493,26.298845,0.30032414,18.56025,0.4456026,10.929131,1.0175077,-10.238706,20.66046,0.03380651,0.015324122,0.014370218,4.316547,2.9850748,0.1725,0.08870598,0.111999996,0.08328265,-35.179855
./StandardData/2021.0610.112954.wav,0 days,0 days 00:00:01.264249999,28.432226,0.15673351,27.206005,27.845415,31.935892,4.729887,-13.58555,32.39999,35.842262,0.0,0.20090923,0.66303176,0.06886655,0.17995925,0.31393984,0.24507329,2.3622766,1.0408487,2.3886735,1.0045353,0.09744476,0.925908,18.95514,0.3804533,23.209929,0.6767854,10.402258,1.5951271,-0.6560737,-24.727747,0.01808518,0.6812634,1.4029572,0.5268603,6.9095397,0.41431984,10.5869,1.1268035,22.547087,0.5212364,839.7896,0.23308605,1375.1785,0.3797707,-121.11704,-0.6568882,1964.4733,0.099089615,1167.2032,0.23054743,-125.113556,-0.59076667,2975.1035,0.07315365,981.8115,0.34010613,-124.10412,-0.60459834,-21.316921,-0.3496461,28.612392,0.26490122,-0.030094178,-0.9443611,-0.0008495164,-14.456635,0.1444237,0.53766245,18.842684,0.4347671,35.447906,0.25873804,16.797853,0.886051,11.5560255,1.0664024,-14.078741,23.732203,-0.013601095,-0.0029469475,0.059415415,3.2,3.3333335,0.1375,0.10328964,0.111999996,0.062096696,-30.253902
./StandardData/2021.0514.143949.wav,0 days,0 days 00:00:01.631562500,28.196291,0.07117509,26.946907,27.380169,29.824772,2.8778648,21.426325,8.086486,19.258314,15.076237,0.23783512,0.5599405,0.080084026,0.2358731,0.3517621,0.27167806,2.6907747,2.4201853,2.3651447,0.88580257,0.13218206,0.855416,24.569994,0.5312352,22.555887,0.6727159,11.455665,1.0163282,3.9539647,4.7137294,0.025464488,1.5630252,1.232848,0.6071025,7.7293086,0.25540397,6.4531426,1.5758444,25.363737,0.48140582,915.431,0.16634168,1338.5537,0.18675311,-86.797264,-0.86084026,2017.6707,0.09809078,1293.4384,0.19990993,-96.177635,-0.70655113,3061.3276,0.06543524,1069.4453,0.20804965,-96.43462,-0.7055505,-26.589207,-0.36667806,39.113903,0.2990095,-0.041715536,-0.66936153,-0.010331914,-1.4004314,0.18370567,0.5611651,27.689352,0.51767844,30.54052,0.3463791,14.499859,0.8584102,8.950321,1.8298179,-12.225006,24.075525,-0.010420049,-0.0042808102,0.033435017,4.3209877,1.2738854,0.53499997,0.515,0.14999999,0.037416574,-24.886284
./StandardData/2021.0714.095357.wav,0 days,0 days 00:00:02.090750,28.067095,0.12413796,25.017607,27.189857,30.596722,5.579115,23.618002,8.9478655,20.85197,8.304947,0.33719003,0.8159492,0.0640543,0.29458913,0.52983356,0.46577924,6.8944473,5.114309,6.0280204,4.197755,0.21302532,1.1084231,33.642338,0.45953536,11.09249,1.2746407,9.396892,1.891933,-1.7326424,-10.1039505,0.026083257,1.0061351,1.3927735,0.5860004,6.095005,0.43154064,6.3414516,1.1868365,38.30922,0.33076823,682.11646,0.3023784,1425.7191,0.16458485,-46.693005,-1.5100288,1740.2573,0.14511915,1133.4507,0.25640702,-57.194862,-1.1319082,2895.6162,0.07766762,1126.3755,0.2864184,-69.19073,-0.84439766,-21.507372,-0.4624812,36.85857,0.213633,0.038075034,0.9443525,-0.011950711,-2.009004,0.26405224,0.90505236,39.029648,0.30607688,15.182746,0.7548853,8.980932,2.077448,0.47787288,36.301052,-6.8156047,16.642212,0.056073528,0.018716877,0.006356494,4.3269234,1.4778326,0.5466667,0.39203173,0.08,0.06442049,-25.201078
./StandardData/2021.0514.143717.wav,0 days,0 days 00:00:00.529562500,27.732323,0.05744195,27.578299,27.882298,28.79459,1.2162914,27.60547,2.7326908,-16.74634,36.622757,0.08358072,0.44406188,0.05821088,0.07272627,0.091115706,0.032904826,1.0445937,0.42051175,0.60783476,0.5442238,0.031677544,0.8434275,36.510204,0.17180215,8.2604885,1.2436107,25.514482,0.29521945,2.5447075,3.2852194,0.022080278,0.6597716,2.3353364,0.49827158,6.4189425,0.27314138,0.47637057,10.3304615,27.95382,0.30504155,648.2937,0.3996319,1401.9425,0.17335144,-106.545105,-0.72245526,1733.6935,0.104683205,1277.5769,0.27652234,-114.236725,-0.59514904,2751.2844,0.10143796,1134.9216,0.23312314,-116.0754,-0.5714464,-24.231844,-0.296116,34.271984,0.22116882,0.033145804,1.0922059,-0.0038290813,-3.8973866,0.044716265,0.75911397,36.04123,0.23026444,12.901621,0.76561654,29.190323,0.1964901,2.4048908,4.3751364,-18.581732,30.882238,0.02921985,0.005719728,0.021730268,5.882353,8.888889,0.0475,0.021650637,0.089999996,0.04,-43.499035
./StandardData/2021.0606.145023.wav,0 days,0 days 00:00:00.137750,0.0,0.0,0.0,0.0,0.0,0.0,0.0,0.0,0.0,0.0,0.079483904,0.30929473,0.06263262,0.06610731,0.09291066,0.030278042,0.09081252,0.0,0.99707305,0.0,0.0067652077,0.46311215,4.1992335,0.32414654,-14.774111,-0.25039408,2.8033807,0.8040881,-8.207396,-0.48200306,0.0,0.0,0.0,0.0,0.0,0.0,0.0,0.0,0.0,0.0,0.0,0.0,0.0,0.0,-201.0,0.0,0.0,0.0,0.0,0.0,-201.0,0.0,0.0,0.0,0.0,0.0,-201.0,0.0,0.0,0.0,0.0,0.0,0.0,0.0,0.0,0.0,0.0,0.0,0.0,0.0,0.0,0.0,0.0,0.0,0.0,0.0,2.6979861,4.141218,0.049107995,0.018396694,0.009575544,0.0,0.0,0.0,0.0,0.06,0.0,-60.875023
./StandardData/2021.0614.113911.wav,0 days,0 days 00:00:00.483625,28.73855,0.0026777314,28.704796,28.75879,28.790628,0.085832596,2.4788857,0.0,-1.0683218,3.0737417,0.087689444,0.8070648,0.047236793,0.055386055,0.11062105,0.06338426,0.63275886,0.32142568,1.5909841,0.0,0.041366573,2.2125545,26.05028,0.5207467,15.908033,0.6066916,11.188742,0.7700052,-14.628008,-0.9635641,0.004804994,0.6184722,1.6183723,0.35647684,8.97931,0.096257195,2.445389,0.17727338,41.99507,0.13883375,826.74164,0.119076,1214.9236,0.11623221,-153.18262,-0.51738024,2026.4613,0.12442411,1288.6255,0.14593288,-160.39407,-0.41962713,3093.9019,0.06699117,1083.4564,0.1735768,-160.32565,-0.42047983,-27.486197,-0.22385593,37.086327,0.069919944,0.0822767,0.21991886,-0.03970954,-0.36997616,0.094197616,1.179445,42.85044,0.06274754,25.442095,0.30105698,0.23118672,13.361637,-34.205482,-0.1434704,-12.805349,20.424763,0.046929352,0.0077739144,0.03225401,2.1276596,2.4390244,0.089999996,0.0,0.145,0.114999995,-39.618526
./StandardData/2021.0614.013956.wav,0 days,0 days 00:00:01.034687500,28.877577,0.035169568,27.605318,29.148611,29.831196,2.2258778,25.766182,5.6386414,7.6085205,0.82640386,0.19718644,0.5898169,0.07100318,0.19009256,0.30502066,0.23401748,1.2236863,1.2585565,1.6071454,0.53249913,0.06618205,0.8870268,29.75373,0.41342434,15.0623455,0.67560214,6.127101,1.4364655,-3.584143,-3.604373,0.011537113,0.7417945,0.8861878,0.7759541,9.2407875,0.14201553,5.4043555,1.7124392,22.427364,0.38160086,916.77515,0.15048437,1142.91,0.21382356,-73.32434,-1.0691384,2033.5679,0.09885633,1227.7784,0.30798703,-90.43628,-0.743922,3072.6914,0.050100062,902.7156,0.28512898,-90.3218,-0.74664456,-21.620043,-0.31315014,43.00192,0.15977548,-0.03736627,-0.5487888,-0.00906352,-0.8884514,0.09332072,0.5543416,37.01144,0.19026738,21.095837,0.24805641,8.242276,1.1641692,2.855511,3.5257936,-11.0045,22.644707,-0.00028219595,0.0007471886,0.007034897,2.9411764,1.0309279,0.69,0.0,0.125,0.035,-28.748476
./StandardData/2021.0514.143848.wav,0 days,0 days 00:00:01.677500,29.322195,0.09673682,27.059801,28.005835,32.473923,5.4141216,31.343735,7.686544,15.448856,5.385006,0.24544431,0.61080277,0.09433604,0.22081923,0.38486657,0.29053053,2.7737846,2.219345,2.6098092,0.7600573,0.1318016,0.71806616,29.086187,0.33310086,26.185602,0.37016356,16.647436,0.848676,8.257739,1.819025,0.019048154,0.8805519,1.2552552,0.7041092,8.907882,0.19587977,6.133201,1.445134,27.591948,0.40245467,886.1194,0.20045094,1349.0757,0.13058421,-55.368065,-0.9478154,1999.1504,0.10334777,1216.1395,0.27336344,-65.14829,-0.73280346,3067.1892,0.059192743,1091.4567,0.17965041,-68.06946,-0.6809801,-29.506964,-0.22216466,42.461617,0.19046871,-0.028985338,-0.8991539,-0.013362794,-1.2827089,0.15386619,0.55556935,31.358067,0.26940024,29.29931,0.21195821,18.11167,0.791843,12.192135,1.0038859,-13.881592,24.269547,7.230453e-05,-0.0003440192,0.008731847,3.6144578,1.2500001,0.7,0.28,0.14999999,0.0,-24.941044
./StandardData/2021.0614.113501.wav,0 days,0 days 00:00:00.411187500,0.0,0.0,0.0,0.0,0.0,0.0,0.0,0.0,0.0,0.0,0.3876165,1.1083736,0.15367684,0.2461969,0.43266767,0.27899083,8.847355,9.285701,18.681372,17.112745,0.39037123,2.6365838,9.54636,0.6710623,-15.158507,-0.42708635,-3.1564672,-1.7789929,-21.565596,-0.3021478,0.0,0.0,0.0,0.0,0.0,0.0,0.0,0.0,0.0,0.0,0.0,0.0,0.0,0.0,-201.0,0.0,0.0,0.0,0.0,0.0,-201.0,0.0,0.0,0.0,0.0,0.0,-201.0,0.0,0.0,0.0,0.0,0.0,0.0,0.0,0.0,0.0,0.0,0.0,0.0,0.0,0.0,0.0,0.0,0.0,0.0,0.0,-1.6473465,9.444985,0.07648887,0.0007084129,0.4472972,5.0000005,0.0,0.0,0.0,0.34,0.0,-21.733139
./StandardData/2021.0614.113831.wav,0 days,0 days 00:00:01.493875,32.54232,0.09489703,29.816652,33.033108,35.087044,5.2703915,19.008955,28.922775,76.67457,77.34095,0.41510716,0.8958091,0.046467617,0.33453315,0.8512598,0.8047922,8.00338,4.139247,4.831839,2.3674185,0.23360895,1.1120157,35.940926,0.4152698,7.62111,2.4080737,5.6592813,2.1130362,-12.546641,-1.1008141,0.020050911,1.017935,1.1714962,0.904871,8.592349,0.41946825,12.478314,0.9578005,44.12017,0.22887367,720.50476,0.32806897,1468.9623,0.1686566,-90.30096,-0.9316864,1793.6522,0.16386414,1207.9596,0.15253304,-94.91009,-0.7815287,3018.7256,0.094177924,1080.2001,0.15901686,-103.51627,-0.6528081,-22.135462,-0.30814153,37.313465,0.22151089,0.049517553,0.39272216,-0.012951465,-1.6580491,0.33375305,0.7317137,43.876507,0.19664262,16.996065,0.6491433,4.5560594,2.8204725,-14.42181,-1.0829154,-7.8674493,20.519344,0.05695156,0.019095188,0.07541505,3.3783784,2.7972028,0.2225,0.18389875,0.11,0.06964194,-20.073921
./StandardData/2021.0606.145033.wav,0 days,0 days 00:00:03.077937500,37.764557,0.0397469,36.463963,37.93142,38.817932,2.3539696,29.66158,21.389305,19.288446,7.444954,0.3659561,0.7994145,0.13012515,0.30656284,0.5135994,0.38347423,4.783267,3.1574738,3.8471794,1.9986347,0.12650114,0.9916954,15.317806,1.1631829,12.169382,1.4166502,-0.18611972,-75.219055,-23.867968,-0.6528988,0.014247201,1.192892,0.96934205,0.8961648,10.827253,0.27196303,10.048619,1.3319284,30.349215,0.40584576,822.17694,0.19520843,1283.091,0.16039328,-96.11925,-0.87834567,1944.223,0.094852895,1091.1599,0.24092989,-102.29057,-0.7396041,2981.0886,0.08052132,972.7527,0.30706328,-103.246346,-0.72259444,-19.72338,-0.56941515,28.443884,0.43395308,0.07910247,0.2041636,-0.026115317,-0.84404975,0.18039536,0.7299805,24.797197,0.5310694,16.636696,1.0511224,1.268151,11.526815,-27.463621,-0.6214649,-3.3774712,10.285469,0.075808525,0.0005810437,0.048256062,3.267974,2.9900331,0.19222221,0.0421051,0.109,0.040112343,-26.511082
./StandardData/2021.0707.084612.wav,0 days,0 days 00:00:00.942812500,31.347813,0.12577976,26.684536,33.394558,34.41356,7.729023,13.622157,0.0,-39.98058,0.0,0.14983761,0.6888598,0.04666192,0.107798696,0.24448517,0.19782326,2.1391785,1.3296417,2.8626254,1.6473126,0.074274324,0.97556895,26.48745,0.57162505,4.492373,3.7061708,23.404213,0.7196601,5.447405,3.2830148,0.034366205,1.2168989,1.2465926,0.64168394,8.677366,0.3952097,11.891332,0.79769915,25.851885,0.6292343,774.4682,0.36562875,1350.0691,0.17686269,-109.31471,-0.7397986,1819.2212,0.14239037,1286.6588,0.30279645,-103.64917,-0.7459399,2899.776,0.10125312,984.20685,0.20265399,-104.94047,-0.729231,-26.043154,-0.37152293,34.15454,0.3297895,0.01644034,1.6266356,0.0056368457,2.080763,0.118107006,0.56318855,34.122635,0.3449598,15.58869,0.46794185,35.487175,0.26329443,15.591388,0.964811,-5.152989,14.376018,0.043590978,0.017084787,0.018451083,4.3010755,1.1363636,0.52,0.0,0.16499999,0.015,-31.610119
./StandardData/2021.0614.113905.wav,0 days,0 days 00:00:00.437750,30.09821,0.0047320235,29.994446,30.04791,30.175194,0.18074799,1.83733,0.0,9.473573,0.0,0.11798336,0.45204824,0.059215616,0.124499366,0.14491947,0.08570385,0.9204301,0.804458,1.9738194,0.27935493,0.054275468,1.8119388,34.555977,0.5035344,16.960762,0.61078936,12.028936,0.6435089,-21.75723,-0.51541847,0.015220834,1.1561353,0.92927897,0.939038,8.8274145,0.34150094,3.81984,1.4600579,45.428535,0.14823009,791.5822,0.11160297,1283.152,0.105547294,-118.47632,-0.786064,2010.9536,0.0700487,1258.584,0.09656242,-131.6855,-0.5733504,3029.3882,0.024033338,1012.40155,0.1972814,-130.6457,-0.58957237,-31.997183,-0.076870434,42.823948,0.105750516,0.080407225,0.21899329,-0.04865362,-0.26737744,0.11594638,1.1953564,47.320404,0.06642582,25.623777,0.11356742,7.327628,0.40792245,-23.810106,-0.4386709,-9.320595,16.72165,0.06269273,-0.002122078,0.02056524,4.7619047,2.777778,0.14999999,0.0,0.19,0.0,-38.539948
./StandardData/2021.0606.145055.wav,0 days,0 days 00:00:00.552562500,36.92504,0.0041586733,36.776726,36.980453,37.015003,0.23827744,-5.3900404,0.0,5.687587,0.0,0.12419788,1.2021443,0.03784581,0.052714884,0.17126212,0.13341631,0.8796322,0.64329773,2.466716,0.0,0.033749823,1.7047207,14.242621,0.7210168,-2.213962,-4.9201293,-1.1799008,-7.341877,-11.579231,-0.6303383,0.016120939,0.66452384,1.9773233,0.63583195,8.787721,0.2521634,3.7484226,1.5349674,28.140749,0.47067708,864.3981,0.16904908,1219.3677,0.11655369,-166.22491,-0.40998325,1919.1387,0.10451891,994.0288,0.10287048,-164.83351,-0.40853292,3119.103,0.08678995,1029.7842,0.059588797,-167.99977,-0.36452076,-9.327034,-0.49232358,20.762266,0.3121568,0.07231837,0.15845138,0.0016915532,10.001957,0.112653896,0.62228346,31.064428,0.39431372,-3.4041262,-1.2044978,-9.278617,-0.68912596,-5.6070366,-0.34320077,-7.1515903,16.347994,0.06403502,0.010415962,0.017415542,1.8518519,2.0408163,0.089999996,0.0,0.185,0.024999999,-37.976788
./StandardData/2021.0606.144956.wav,0 days,0 days 00:00:00.575500,41.205948,0.021911012,39.86854,41.666534,41.87173,2.003189,10.50904,0.0,5.2673182,0.46171603,0.09796411,0.39900422,0.066177845,0.09224352,0.11952722,0.053349376,1.181567,0.9272267,1.1997181,0.26958454,0.030333728,0.67409354,26.553776,0.35467765,6.5148454,1.8268753,-0.64744186,-20.868849,-22.131124,-0.6311835,0.020046674,0.7243307,1.1621219,0.5531802,12.444228,0.24719247,12.98102,0.39196664,32.680775,0.369882,888.2898,0.18960783,1501.5057,0.13259067,-84.42239,-0.96854943,1949.5939,0.08030487,1412.3873,0.18169907,-87.60708,-0.789044,3062.0103,0.049884543,1154.4281,0.23898558,-91.912766,-0.7192064,-29.94959,-0.25016835,45.49613,0.14080767,0.09364835,0.20202868,-0.012095305,-1.0725018,0.04192881,0.38215405,32.577965,0.14425218,11.98941,0.7919157,-2.9546585,-5.3277855,-25.182674,-0.640627,-8.7997465,18.353352,0.089378566,0.012114196,0.012304334,5.357143,1.9607843,0.35999998,0.0,0.13,0.0,-40.041763
./StandardData/2021.0514.143837.wav,0 days,0 days 00:00:01.310125,29.93085,0.057593465,27.752913,30.278423,31.742653,3.9897404,30.534895,16.175116,17.953676,9.485662,0.26079196,0.62516105,0.07280394,0.2571779,0.4011274,0.32832345,2.3464832,1.7271376,1.9301318,0.61622435,0.111414336,1.1114453,25.520235,0.5076194,23.694244,0.57966286,4.6334896,1.7914615,3.379912,4.360248,0.01714486,1.118925,1.1269813,1.0193796,8.679656,0.23039158,3.4875703,1.3251745,26.339827,0.41559136,799.9058,0.28118533,1309.054,0.1672077,-70.00563,-1.0618532,1873.1682,0.14296159,1118.7266,0.19657436,-80.36666,-0.8411768,2997.1648,0.08244055,989.11035,0.20154004,-85.742256,-0.7472536,-23.840158,-0.30016783,37.76816,0.23039891,-0.022923386,-1.2510126,-0.014739296,-0.79201657,0.14662692,0.868871,30.345495,0.38163614,27.653004,0.43575,5.5636864,1.6384641,9.693155,1.1097274,-14.1884575,23.364435,-0.010365574,-0.004060988,0.024487626,3.0769231,1.6,0.45999998,0.02,0.09333333,0.05436502,-28.006186
./StandardData/2021.0714.094921.wav,0 days,0 days 00:00:00.851000,30.835398,0.04085395,29.992123,31.433247,31.732094,1.7399712,26.38997,27.842838,18.333261,11.897307,0.48768103,1.0181407,0.042775575,0.25493705,1.0512164,1.0084407,8.896783,7.5083966,3.5401669,2.9922106,0.24669106,1.1817592,30.045166,0.6433821,-3.4618855,-4.1711392,-6.008875,-1.5508605,-29.196108,-0.41250744,0.024166549,1.0384132,1.6308851,1.1213332,6.224769,0.72727543,-0.9984555,-3.4383206,33.9493,0.22799517,669.0836,0.2399686,1421.4307,0.11609852,-106.661316,-0.93518484,1685.8176,0.12625101,1148.3872,0.16610448,-112.93924,-0.7967638,2894.6504,0.09989477,950.1251,0.2361877,-117.873314,-0.71941656,-14.606746,-0.38992926,30.729326,0.28138787,0.0769397,0.2594364,-0.04307967,-0.5094397,0.45185557,0.6452064,45.22317,0.22833276,-0.99931693,-11.498626,-7.666697,-1.3824116,-29.90066,-0.37798455,-7.486471,19.201427,0.08997976,-0.009879761,0.089254454,3.5714288,1.2658229,0.37,0.0,0.195,0.015,-22.005264
./StandardData/2021.0714.095457.wav,0 days,0 days 00:00:02.366250,29.619617,0.09072312,27.332241,29.969368,31.854605,4.5223637,95.08851,102.61725,91.516464,147.55528,0.3683012,0.75290596,0.0714098,0.3394231,0.6045635,0.53315365,7.411908,3.307763,4.7589192,2.7945247,0.21007504,0.9096577,32.05171,0.5989167,9.962718,1.0680354,4.5566926,4.6498766,-9.854269,-1.5279883,0.043947555,1.3919336,1.6170026,0.75861615,5.5292344,0.5491542,1.2027137,4.7324405,40.722916,0.27910012,678.1291,0.27255523,1397.8267,0.14692007,-79.61416,-1.1402907,1716.8981,0.12410728,1131.2808,0.19499265,-89.88895,-0.9176218,2895.7422,0.0729844,1087.5051,0.26945075,-100.64282,-0.73367435,-18.990053,-0.49013397,36.472454,0.28448844,0.065600924,0.38823804,-0.021356298,-1.112936,0.29373637,0.62356615,41.504208,0.28502855,12.170699,0.8447799,0.13191323,160.51082,-9.978227,-1.624454,-7.7890787,18.533028,0.042604975,0.0009837357,0.08502172,3.8297875,3.0434783,0.1942857,0.2186881,0.098749995,0.08417801,-25.933289
./StandardData/2021.0707.085346.wav,0 days,0 days 00:00:01.356062500,29.350489,0.1076114,26.55272,28.704483,33.308228,6.7555084,-3.3326497,13.099676,34.44356,0.0,0.40974697,0.9077828,0.05611787,0.27947158,0.7061491,0.6500312,7.087795,6.1191635,5.516615,1.9428519,0.2247452,1.0755872,32.190136,0.4870354,4.556652,2.766419,0.52676326,22.859716,-17.788118,-0.74471235,0.034528982,1.6474969,1.157073,0.91879976,5.092601,0.7367322,-0.020511614,-334.92545,32.92594,0.33711633,580.64264,0.3053653,1436.5472,0.15748,-86.00052,-1.0969682,1602.651,0.18179308,1190.233,0.26301095,-88.70037,-0.98037946,2795.9011,0.07903325,952.85297,0.24103135,-98.40057,-0.8099298,-18.001665,-0.3091523,32.808968,0.2302568,0.05573559,0.4748377,-0.027529394,-0.572482,0.33877715,0.70547813,40.480553,0.31205752,9.84826,1.0967143,-1.8165493,-7.5156255,-22.61624,-0.5467214,-8.664225,18.245995,0.051591557,-0.0013859057,0.06885478,4.477612,1.5503876,0.385,0.235,0.15666667,0.047842335,-22.773746
./StandardData/2021.0707.085308.wav,0 days,0 days 00:00:01.723375,28.74565,0.10318046,26.764496,27.877491,29.399773,2.6352768,33.062862,16.66351,27.410603,21.250822,0.34483638,0.7789429,0.11726812,0.27153203,0.56844026,0.45117214,5.161188,3.1806748,5.116349,3.5445545,0.26182893,1.0863774,26.81626,0.6524969,16.577818,0.97992843,22.114826,0.78500825,0.29614186,41.56573,0.04426295,1.8981858,1.7529466,0.6689889,6.399975,0.37850082,8.064962,1.2474852,39.57772,0.27159208,709.4138,0.37596506,1414.9094,0.14138603,-82.16878,-1.0236725,1844.4777,0.14693402,1159.5759,0.25875983,-89.75901,-0.8230179,2932.8557,0.09277367,1097.4308,0.2647063,-93.648415,-0.75815344,-27.391657,-0.3214891,36.80051,0.2973221,0.039944462,0.8417669,-0.019539982,-0.9821494,0.3609423,0.8138722,36.67952,0.30333075,22.740755,0.4702544,23.099152,0.6820755,2.1298652,5.4220934,-4.796114,12.401312,0.044420127,0.01948327,0.07966579,4.0935674,2.4096386,0.26999998,0.27092433,0.12,0.044721358,-22.640257
./StandardData/2021.0606.145528.wav,0 days,0 days 00:00:00.437750,0.0,0.0,0.0,0.0,0.0,0.0,0.0,0.0,0.0,0.0,0.14159632,0.855019,0.056155182,0.08306884,0.2119388,0.15578362,5.402464,4.8468494,3.3666096,0.4207578,0.089001104,1.6317677,19.382643,0.62041163,0.7161797,13.314426,1.433929,3.7453115,-15.200949,-0.71420026,0.0,0.0,0.0,0.0,0.0,0.0,0.0,0.0,0.0,0.0,0.0,0.0,0.0,0.0,-201.0,0.0,0.0,0.0,0.0,0.0,-201.0,0.0,0.0,0.0,0.0,0.0,-201.0,0.0,0.0,0.0,0.0,0.0,0.0,0.0,0.0,0.0,0.0,0.0,0.0,0.0,0.0,0.0,0.0,0.0,0.0,0.0,-10.948084,21.104137,0.04505167,-0.0023241704,0.10323297,7.1428576,0.0,0.0,0.0,0.35999998,0.0,-36.720734
./StandardData/2021.0614.114558.wav,0 days,0 days 00:00:01.447937500,28.581644,0.18222931,24.412947,26.7197,31.95145,7.5385036,57.240887,15.996686,37.361244,0.0,0.7003724,1.1323291,0.05847814,0.3671473,1.2472403,1.1887622,13.757376,9.426091,11.8174515,5.300951,0.62744063,1.4523674,29.646183,0.5244962,-0.85116494,-14.908648,-7.9857516,-1.8265845,-17.890787,-0.8789444,0.027331848,0.7462653,1.4934437,0.8506062,3.495091,0.85667545,2.5982912,2.1872497,31.942133,0.3682269,619.24023,0.26305237,1483.3843,0.18379676,-104.0444,-0.91045314,1560.6934,0.16143402,1211.215,0.16073143,-108.63942,-0.81216246,2803.3853,0.08156153,1014.4252,0.3383538,-117.18183,-0.68224937,-14.262959,-0.6385061,34.434055,0.23259573,0.039389845,0.65075815,-0.022353657,-0.9012431,1.1086017,0.97737527,41.93622,0.12739816,3.1345215,4.388101,-10.234964,-1.5915784,-15.883426,-1.2071362,-5.318157,19.657215,0.048099328,0.004624552,0.21019235,2.7972028,2.9411764,0.16,0.06819091,0.126,0.05713143,-16.993519
./StandardData/2021.0606.145209.wav,0 days,0 days 00:00:01.356062500,37.647278,0.10207675,34.176544,36.625263,41.78707,7.610527,118.50614,100.70531,35.30631,28.752262,0.32929674,0.87336683,0.09902421,0.2468904,0.50364625,0.40462205,7.8902006,6.286244,7.65164,4.8784003,0.25675988,1.6560167,26.033836,0.46377188,8.426759,1.3807176,-2.3442779,-8.290215,-16.358677,-1.0250189,0.029924657,1.0889808,1.3261888,0.56437105,8.756767,0.3282307,10.729255,1.1456225,40.042744,0.34997445,767.6283,0.26913896,1338.6653,0.13451871,-132.00394,-0.666231,1869.9446,0.14804342,1170.1982,0.13921614,-127.08414,-0.6328487,2986.953,0.09780887,1055.2955,0.2119801,-130.73643,-0.58460045,-18.004208,-0.504882,35.441963,0.3476358,0.062606975,0.55959123,-0.021350157,-0.91713774,0.2504168,1.1182554,31.314917,0.3644181,7.80465,1.5247182,-10.52026,-1.552725,-24.111269,-0.69745314,-12.8744335,25.405367,0.033767052,-0.0061006094,0.2902646,4.477612,3.90625,0.098,0.09474176,0.17,0.11379806,-25.984238
./StandardData/2021.0606.145235.wav,0 days,0 days 00:00:01.356062500,37.593044,0.13138677,33.342094,35.804626,40.490883,7.1487885,33.29319,20.608559,36.183937,16.070328,0.12956469,0.6940138,0.048813574,0.10218039,0.18636468,0.1375511,1.628323,1.3153912,2.1397033,1.5589114,0.06875954,1.3577244,31.558777,0.3294951,2.6083462,4.84682,4.260909,3.3881469,-3.2923875,-5.3764615,0.044481035,1.2854306,1.3140626,0.70933163,10.478204,0.15013555,12.432238,0.64362866,29.374334,0.26901454,958.3935,0.18994826,1243.9878,0.2099482,-72.68412,-1.0149765,2035.8983,0.11253103,1333.9434,0.24494559,-82.161064,-0.78208315,3131.3506,0.06850882,1185.3456,0.3509103,-88.48957,-0.68622804,-22.497374,-0.2628983,43.712776,0.14365464,0.061297677,0.554549,0.014986867,1.1444829,0.09003391,1.1301409,36.87144,0.14922975,8.685033,0.8924597,4.968463,3.2562218,2.6270223,6.28812,-5.167183,14.967932,0.0876615,0.015220349,0.014019961,2.9850748,1.5503876,0.48,0.22,0.09333333,0.052493386,-34.584103
./StandardData/2021.0714.093420.wav,0 days,0 days 00:00:01.356062500,31.422943,0.09266126,27.86536,32.209064,34.174988,6.3096275,12.36188,22.823257,17.88466,5.9875507,0.3243683,0.815822,0.06811665,0.28228083,0.55010104,0.48198438,6.902336,3.3406904,6.205567,2.563108,0.2231354,1.05191,28.207047,0.6403191,8.632538,1.8547844,12.690262,1.3629292,-11.412757,-1.619456,0.028055057,0.679029,1.6523205,0.7736983,6.380137,0.4314021,4.9912057,1.1391999,40.023518,0.32425478,783.905,0.2565786,1324.9478,0.12116087,-101.113785,-0.87867755,1926.9038,0.12107805,1165.3828,0.3168541,-110.12682,-0.7265355,3042.0334,0.08053221,1132.7609,0.19818167,-114.73961,-0.65930766,-21.48111,-0.5104086,36.058445,0.37269148,0.050793126,0.5457804,-0.02067702,-1.212482,0.3070796,0.6911254,38.274223,0.3650968,16.500956,0.7045849,13.689662,1.508322,-8.90717,-2.3243618,-7.935299,17.115107,0.06129762,7.3251904e-05,0.14757441,4.477612,2.3255816,0.22333333,0.13199326,0.1375,0.08642193,-25.79025
./StandardData/2021.0714.093504.wav,0 days,0 days 00:00:01.998937500,30.825117,0.13028702,26.478489,32.081635,35.210114,8.731625,16.413038,11.86382,29.819828,0.8165779,0.34530544,0.7398524,0.08961004,0.28071353,0.60510665,0.5154966,5.5330405,3.4296873,5.1242557,2.5863929,0.21361415,0.89340615,31.690104,0.53881824,12.785552,1.2148101,9.705646,1.8025084,-10.422281,-1.2339281,0.025579402,1.1179796,1.2312497,0.9602879,7.223963,0.49988368,11.519961,0.7982401,44.03111,0.21499348,655.1597,0.31065196,1397.4398,0.10656684,-77.09715,-1.1171058,1722.4641,0.16687047,1192.0084,0.25943094,-86.85287,-0.8767713,2901.9539,0.09311407,1120.3771,0.19990474,-95.16886,-0.73815906,-22.463375,-0.29026532,38.590206,0.24253345,0.05851991,0.49925217,-0.017152771,-0.9348174,0.29770863,0.6026678,40.761627,0.25437826,19.0167,0.5143004,7.290048,2.2607903,-10.881189,-1.1109986,-7.8387856,15.648713,0.0539509,0.0046096663,0.0571061,4.545455,2.0725389,0.3175,0.1528684,0.11399999,0.08114185,-24.199081
./StandardData/2021.0514.143824.wav,0 days,0 days 00:00:01.218375,28.49267,0.03706106,27.317324,28.557156,29.606735,2.2894115,32.750793,19.151478,14.069647,3.8755777,0.2313934,0.72174174,0.080259465,0.17943543,0.38164684,0.30138737,2.360242,1.9088044,1.8583648,0.8753024,0.095002025,0.86816037,26.798597,0.4854625,12.529959,0.66261697,-4.584213,-3.265031,-5.7030993,-2.4271812,0.02053408,1.3167878,1.3908569,0.78392977,7.117033,0.37572032,4.436393,1.5415316,19.1103,0.40191093,853.55475,0.20069762,1114.2169,0.1583458,-82.596146,-0.9772408,1929.7638,0.15802054,1129.3357,0.18662798,-94.51099,-0.76525235,3022.3633,0.07420001,960.5688,0.20594122,-99.97086,-0.6848724,-17.572123,-0.47331572,39.244583,0.19827016,-0.045175374,-0.5125247,-0.010274029,-0.91423386,0.13073725,0.58052707,33.498302,0.17265125,16.828972,0.40359703,-5.9576335,-2.8074648,1.4069895,7.815225,-7.045571,20.248276,-0.004413665,-0.0051245987,0.03601338,3.3333335,2.6086957,0.24333334,0.10498677,0.0875,0.060156044,-28.559706
./StandardData/2021.0606.145142.wav,0 days,0 days 00:00:00.690312500,34.985256,0.009819188,34.771515,34.885677,35.069027,0.29751205,19.744436,0.0,2.6623976,0.0,0.15934251,0.9569321,0.02793755,0.08213253,0.3396186,0.31168103,1.1786283,1.1279055,1.9316328,0.08394313,0.052706283,1.2123075,25.593796,0.61464936,2.3511734,6.715344,-1.6329596,-6.2238355,-24.469532,-0.36491448,0.014223428,1.0123049,1.1567751,0.7372439,9.939777,0.23381582,14.431514,0.62770474,56.62214,0.12134524,787.6411,0.13699044,1439.0443,0.19944765,-126.38258,-0.713311,1881.4258,0.0698949,1242.7411,0.2274496,-128.75145,-0.6306587,3049.918,0.055300474,1114.2231,0.1895871,-134.92375,-0.5495917,-26.178303,-0.13040257,40.857697,0.14167115,0.103663355,0.08901181,-0.032202415,-0.44339025,0.11572977,0.5056519,41.79128,0.17983799,16.990076,0.41851485,-7.378338,-1.1899073,-26.884043,-0.4102473,-6.793901,14.991296,0.08902386,0.0077691064,0.011698596,2.9411764,1.5873016,0.26,0.0,0.17,0.03,-32.71555
./StandardData/2021.0606.145008.wav,0 days,0 days 00:00:00.713250,29.401686,0.07693147,26.959517,30.259533,31.581303,4.621786,0.0,0.0,-0.21595478,0.0,0.11122074,0.6615802,0.033326577,0.103154644,0.18330805,0.14998147,1.3622084,0.8639474,0.853885,0.6254269,0.03302784,0.8856506,25.547426,0.59608227,7.868719,1.940461,19.619997,0.7218352,-3.797199,-3.0503314,0.01511134,0.573655,1.3039514,0.9593594,7.8353724,0.31430858,14.233411,0.28882742,44.92086,0.2557997,680.84406,0.32835686,1427.5542,0.1086434,-119.35662,-0.7482836,1874.5293,0.11431963,1135.381,0.20840017,-125.347496,-0.63397187,2933.8816,0.08337958,1068.9393,0.25485027,-126.60924,-0.61853176,-26.34791,-0.26746717,37.90525,0.30589068,0.057971343,0.29893547,-0.008655372,-2.2640913,0.05676493,0.36189052,39.59534,0.18912618,19.450779,0.47484547,24.706936,0.54022723,-0.17265005,-43.61686,-8.811052,16.568058,0.04370989,0.0138181625,0.017531004,4.285714,1.5384616,0.29,0.0,0.16499999,0.015,-38.216995
./StandardData/2021.0714.093834.wav,0 days,0 days 00:00:01.356062500,27.167461,0.095758475,24.337831,27.341476,28.546665,4.2088337,12.5303135,10.587728,18.106861,0.0,0.36363184,0.896471,0.05773121,0.26741123,0.5986832,0.54095197,5.026017,3.6039252,4.3340974,2.240138,0.21143985,1.008374,31.563581,0.47578982,7.093801,2.5483952,13.156238,1.016295,-2.326054,-5.093868,0.027022032,0.82687676,1.1802388,0.70581514,4.9524803,0.5471968,3.0504484,2.5516107,36.05761,0.30503866,594.98413,0.27733836,1382.5432,0.10402734,-78.03731,-1.1567672,1698.7268,0.12139217,1051.4852,0.20960233,-88.52543,-0.9235706,2809.6292,0.085938215,965.2523,0.23750399,-94.867516,-0.8122002,-21.219357,-0.42642534,31.775702,0.32377127,0.04620506,0.46440524,-0.019027287,-0.86800784,0.30231273,0.62573504,40.198593,0.23405752,12.307399,1.3084289,13.658689,1.1087759,1.1947445,8.415595,-8.11222,15.824099,0.06237532,0.0013205324,0.078427196,2.9850748,2.3255816,0.26333332,0.05436502,0.107499994,0.05494315,-25.307373
./StandardData/2021.0714.092458.wav,0 days,0 days 00:00:01.264249999,29.36676,0.04699437,27.86446,29.683882,30.752817,2.8883572,13.79887,8.373584,14.542859,8.641286,0.48873773,0.8462948,0.06474565,0.4577628,0.8533069,0.7885612,4.9389043,2.4249136,6.1763353,3.5489368,0.25787407,0.9878617,33.75727,0.5336127,8.924735,1.8183607,-3.0768836,-4.058862,-15.339206,-0.7580975,0.022323437,1.3437079,1.3335159,0.84766006,7.019171,0.4812472,2.7762737,2.3353376,39.87369,0.36870393,667.0153,0.32757452,1420.4022,0.12694186,-46.503036,-1.7191501,1699.0634,0.1796471,1214.6293,0.3349282,-60.80224,-1.1786873,2829.2761,0.09397426,981.6726,0.21545953,-70.66548,-0.93871945,-20.663374,-0.3538013,38.291103,0.26406324,0.06858337,0.49853036,-0.031302013,-0.68115216,0.3379972,0.71638495,41.955593,0.28084996,15.542433,0.7131705,-5.8686223,-2.1946504,-14.288027,-0.85968506,0.6514655,7.6884165,0.08068528,0.025651019,0.002737021,4.0,0.8333334,0.94,0.0,0.22,0.0,-20.85052
./StandardData/2021.0614.114204.wav,0 days,0 days 00:00:02.366250,28.698095,0.1049041,26.492678,27.76069,31.902763,5.4100857,38.842354,18.708405,40.32825,15.01469,0.5079812,0.75731325,0.13449271,0.4621048,0.852676,0.7181833,9.001207,5.2521977,6.491382,2.3546364,0.570424,1.0657969,39.179966,0.3740754,23.379967,0.63867366,0.72147775,16.360449,-11.827528,-1.0632424,0.03727315,0.7531244,1.6884321,0.9249689,4.675668,0.6609381,6.168549,0.9799199,53.74691,0.25834215,701.8289,0.25319913,1440.8197,0.12777182,-80.48893,-0.9863629,1854.5986,0.12019347,1362.1906,0.18344054,-99.56401,-0.6606055,2992.009,0.07036901,1191.1073,0.1656694,-105.76406,-0.5821811,-29.402431,-0.22360048,46.165855,0.1504301,0.039346505,0.70738834,-0.038853582,-0.5587889,0.7216896,0.9117417,45.3605,0.19743247,28.870972,0.29760402,1.0933985,10.351858,-11.224485,-1.1123025,-17.898186,30.644638,0.046121884,-0.014844698,0.35922328,3.8297875,6.5502186,0.088,0.061231803,0.074999996,0.063835725,-17.60068
./StandardData/2021.0606.145553.wav,0 days,0 days 00:00:01.998937500,28.989365,0.089870915,26.897905,28.269232,31.513859,4.6159534,28.809395,27.305017,7.500718,15.035598,0.19537848,0.43899453,0.12977472,0.17891102,0.26509446,0.13531974,1.7103748,0.8474741,1.8394601,1.1926706,0.09382772,0.67739934,23.769186,0.47658253,21.686632,0.5137234,20.657814,0.7339014,7.6269455,1.731722,0.021062382,0.95451736,1.352759,0.70621234,8.138079,0.2320531,6.7729244,1.9895002,19.461086,0.7383065,971.806,0.20286523,1246.0198,0.16727006,-79.00317,-0.83795017,2059.889,0.10673133,1114.9332,0.24053656,-84.46734,-0.7426234,3086.163,0.08182946,1097.7302,0.3193737,-84.07773,-0.7511592,-25.68102,-0.36630693,37.728073,0.25894526,-0.04400955,-0.45548347,-0.0013617129,-7.1246834,0.10730161,0.5542266,26.151108,0.39662734,24.197098,0.3892765,23.92252,0.608493,11.730151,0.9356043,-16.367207,28.4291,-0.019566407,0.0011476781,0.056674834,4.0404043,3.6458335,0.1942857,0.119982995,0.08,0.042426404,-29.349586
./StandardData/2021.0614.014020.wav,0 days,0 days 00:00:01.493875,27.800413,0.018288992,27.38796,27.659283,28.28305,0.8950901,21.120111,14.689225,11.125524,6.4465036,0.17729698,0.48049632,0.07326766,0.18092258,0.26880366,0.19553599,1.3924114,0.6370183,1.0535759,0.44712073,0.0848654,0.8203995,24.873941,0.34956753,22.707348,0.5353227,14.545164,0.8414495,12.801068,1.4316748,0.017157886,0.84274924,1.1277583,0.8248192,8.647358,0.15759078,6.9359694,0.96866757,23.575891,0.40379286,965.7406,0.19009595,1318.3,0.17337626,-70.395676,-0.9056601,2047.4426,0.10578929,1299.639,0.26753414,-77.69723,-0.7552309,3096.7861,0.06991239,1100.5215,0.19563466,-80.47014,-0.7111101,-29.4371,-0.2555178,43.16398,0.20576191,-0.055209696,-0.3072596,0.0036415772,2.5678394,0.10640039,0.5972522,27.715864,0.2715023,27.993345,0.25424856,18.188309,0.60702056,21.588528,0.37040952,-11.567909,22.249228,0.0016349062,-0.0014026846,0.007112971,3.3783784,0.6993007,1.15,0.0,0.125,0.065,-25.679625
./StandardData/2021.0606.145435.wav,0 days,0 days 00:00:00.988750,34.27406,0.10493122,33.18437,34.198273,36.730545,3.546177,625.9885,0.0,20.954933,10.286467,0.28950047,1.0997111,0.035966735,0.13122131,0.49039936,0.45443264,6.9080224,7.7184095,7.1337147,3.9345691,0.15009636,1.7546977,21.212732,0.6622896,-6.5899324,-2.1137831,4.461251,2.4388185,-21.285559,-0.7529445,0.03078442,1.4060564,1.2611668,0.63645947,7.200658,0.40681565,5.878776,1.324298,27.071438,0.2800807,804.7354,0.21682395,1256.2936,0.19421528,-92.00409,-0.98060715,1911.4406,0.1251824,1137.5953,0.4316249,-96.2246,-0.8668733,2874.9844,0.09718226,1055.6924,0.2685608,-98.35522,-0.8289675,-13.723069,-0.6102367,21.633223,0.36234507,0.080979936,0.19776882,-0.021584492,-1.0648597,0.26279446,1.1783329,31.320837,0.30378333,-0.55598223,-20.6706,7.376381,1.5761276,-21.836874,-0.88999784,-2.569114,11.841622,0.07759285,0.014492981,0.009982887,3.0927837,2.1739132,0.265,0.13499999,0.11333333,0.06599663,-27.737068
./StandardData/2021.0714.093412.wav,0 days,0 days 00:00:01.264249999,28.804974,0.11266192,24.636654,30.479197,31.341892,6.7052383,89.66634,84.45178,12.425154,4.6254807,0.36819735,0.8896517,0.055854056,0.25526243,0.6954463,0.63959223,6.118558,5.296441,6.545906,3.578601,0.21462925,1.1128637,28.17244,0.61412257,6.261299,2.0630534,7.0278506,2.7015107,-12.876908,-1.050917,0.022347338,1.1524075,0.931569,0.5004091,5.524032,0.55312616,5.591317,0.87784046,43.597637,0.18141307,727.0341,0.24334097,1411.9978,0.11505113,-106.98087,-0.8940481,1834.2816,0.124569386,1156.0409,0.26783556,-114.36045,-0.7511168,2983.1858,0.08253838,1180.3546,0.38469884,-120.47371,-0.65948397,-21.420794,-0.3641608,34.973377,0.24042971,0.067209154,0.3688502,-0.03256616,-0.457248,0.369537,0.6138129,42.297153,0.17777172,12.783225,0.9778498,1.908762,9.134724,-13.379907,-0.997114,-5.827475,16.851833,0.039986946,0.009332102,0.08236519,4.8,1.6666667,0.285,0.085,0.19333334,0.012472192,-25.251633
./StandardData/2021.0707.085247.wav,0 days,0 days 00:00:00.896875,27.334938,0.052831687,26.078087,28.018917,28.580212,2.5021248,12.605063,0.0,-10.334345,13.52953,0.31341755,0.8842383,0.03456483,0.2831501,0.6072198,0.57265496,3.4388187,3.0396073,4.875518,0.67832136,0.19567752,1.1366235,30.347633,0.54791695,7.092212,2.0147054,11.321668,1.2143555,-3.4808223,-3.641317,0.016660128,0.7038438,1.3175905,0.97319734,5.879464,0.4475392,9.369923,0.49280763,49.873756,0.18336527,698.55023,0.18185963,1364.6394,0.06658561,-127.50505,-0.69304854,1753.8707,0.08744205,983.2658,0.16768949,-133.89699,-0.6051394,2960.8137,0.04989142,1000.3593,0.16467783,-141.55377,-0.50420105,-22.230503,-0.34655857,40.15859,0.22651434,0.036123637,0.2807405,-0.02285727,-0.67399967,0.25839946,0.58913237,46.030388,0.22260456,15.457901,0.6484954,7.7820854,2.310347,4.2548056,1.6772374,-11.436773,17.399189,0.05351095,-0.006592849,0.17934744,2.2727273,2.4096386,0.14999999,0.02,0.16,0.021602469,-27.196955
./StandardData/2021.0707.085513.wav,0 days,0 days 00:00:01.907125,29.95794,0.09451602,27.502983,29.407372,34.015198,6.5122147,210.59328,128.89388,20.993969,5.6196365,0.38417155,0.8902141,0.07499608,0.32785988,0.65163887,0.5766428,12.416523,6.1283636,8.569757,5.325326,0.34181005,1.2676947,24.523136,0.70998573,14.207172,1.0710611,20.187487,0.96172106,-12.617435,-1.076009,0.027290203,0.7111761,1.8035394,0.5636648,5.912274,0.39656907,5.26153,1.9667504,36.94492,0.31941503,673.5372,0.28210214,1472.0989,0.21530287,-99.832855,-0.853501,1767.1746,0.14566202,1182.7114,0.30199438,-107.08096,-0.7064492,2849.6338,0.090283304,1011.2797,0.33203793,-109.05088,-0.6758396,-23.212662,-0.41401556,32.371555,0.39610076,0.059910342,0.3958345,-0.022617968,-1.0372899,0.4737118,0.92423177,32.90049,0.43178502,20.444508,0.51674736,20.455193,1.0775418,-15.027585,-0.8738959,-10.09136,18.632662,0.05094809,0.005353253,0.19985235,4.2328043,5.434783,0.09199999,0.048744228,0.07666666,0.058309514,-21.473608
./StandardData/2021.0606.145610.wav,0 days,0 days 00:00:01.102000,28.15659,0.0649937,27.298164,27.465435,28.282291,0.98412704,19.633245,22.373587,60.49651,33.37416,0.22966734,0.36592007,0.15964556,0.21403903,0.30580187,0.14615631,2.2999103,1.2923348,2.0381875,0.81796706,0.08287226,0.4248759,19.356983,0.42392787,18.161537,0.47637445,22.49399,0.36626554,8.315949,1.4916242,0.022880396,0.8293957,1.0390776,0.4529047,7.983474,0.22182764,3.5277128,2.269729,10.521472,0.75897217,974.5687,0.1737044,1238.074,0.18587407,-89.44609,-0.8153897,1993.3042,0.09434513,1065.684,0.21467097,-91.59711,-0.7822753,3002.3164,0.0702638,975.83026,0.21607475,-93.32306,-0.755308,-23.453922,-0.30792293,33.657463,0.24734522,-0.054166883,-0.30253795,0.0010715104,7.8921537,0.094577506,0.30542207,19.721931,0.45001662,20.927732,0.38975948,24.787025,0.33134645,14.02714,0.74866086,-18.078388,26.798212,-0.043696627,-0.004723754,0.07224335,4.587156,2.8846154,0.22333333,0.16977109,0.074999996,0.08958236,-28.908161
./StandardData/2021.0606.145535.wav,0 days,0 days 00:00:00.437750,31.181084,0.00011790213,31.178396,31.180937,31.183712,0.0053157806,0.0,0.0,-0.00051784515,0.0,0.1931207,2.1891932,0.03540963,0.053512894,0.098400265,0.062990636,3.976056,2.8950267,14.083286,0.0,0.21289381,2.7689393,12.657398,0.6314634,-5.304806,-1.842447,-1.135019,-7.676579,-17.496307,-0.37351158,0.0,0.0,3.35113,0.0,-6.4419017,-0.0969764,0.37951684,3.2485912,24.863167,0.051343314,1078.9912,0.10822174,1461.8899,0.027838046,-176.6931,-0.34280857,2132.6284,0.09807368,1869.2881,0.14066014,-178.18001,-0.32050562,3028.7788,0.056313735,1097.8346,0.13532431,-180.16689,-0.28794214,-11.041341,-0.3210571,26.82451,0.08097475,0.05781139,0.099725194,-0.0049627325,-1.3113941,0.6335733,1.0083734,27.498573,0.054247037,-4.3454943,-1.1154304,-4.823232,-2.4935877,-18.433123,-0.053008404,-4.0675244,12.627251,0.07113985,0.010627491,0.19631192,2.3809524,2.7027028,0.03,0.0,0.155,0.024999999,-25.031511
./StandardData/2021.0707.085545.wav,0 days,0 days 00:00:01.815250,29.63098,0.07035036,27.88984,29.479454,31.46907,3.5792313,38.96725,13.711689,12.968511,16.841087,0.46824652,0.77356845,0.12848014,0.4019301,0.8173908,0.68891066,8.217728,4.370485,7.0394244,2.8736947,0.30773497,0.91475266,34.85366,0.48818934,9.33352,1.6884066,1.1378597,15.106212,-14.891312,-0.7922599,0.023101453,0.7748019,1.1867225,0.597741,5.874857,0.4366242,6.9847174,1.2459604,41.549606,0.32610765,705.2129,0.21477057,1428.8794,0.13905302,-68.70805,-1.2412732,1782.0425,0.13452317,1135.0829,0.18238686,-80.9318,-0.95174944,2960.4395,0.08016538,1055.7467,0.23036517,-88.74137,-0.80851567,-21.691475,-0.46151137,38.372627,0.250653,0.052209742,0.4945979,-0.032841925,-0.6147143,0.43278208,0.5985598,42.983562,0.22931279,14.880549,0.9260469,1.3907652,13.048227,-13.473524,-0.95505804,-4.3166437,19.022951,0.06121292,0.008285707,0.050319616,5.0,1.7142857,0.39666668,0.2145279,0.122499995,0.10304732,-22.765602
./StandardData/2021.0606.145103.wav,0 days,0 days 00:00:00.459125,35.488487,0.077380724,32.717297,35.142487,38.30698,5.5896835,0.0,0.0,-0.39002073,0.0,0.35960898,0.76731026,0.056673698,0.43986976,0.63068897,0.57401526,1.9570962,1.3235282,3.1962044,0.6591649,0.1711432,0.85338986,33.278576,0.43561283,7.263686,0.8707911,-11.682744,-1.0780505,-31.24529,-0.53513575,0.014408713,0.25570628,0.59233373,0.26459,7.459739,0.37244692,-0.061316155,-55.32265,46.206173,0.037543222,822.2115,0.17667498,1293.6036,0.14617968,-89.723526,-1.0651526,1890.8319,0.13003609,1246.2972,0.23121688,-107.60452,-0.74687874,3070.962,0.087288946,1089.8324,0.23124164,-114.80014,-0.6439761,-23.338697,-0.28829053,39.645657,0.13276385,0.08342654,0.09433426,-0.0520344,-0.22254336,0.31211925,0.1856411,44.923607,0.15300179,11.002752,0.40694472,-19.897795,-0.49309516,-44.0694,-0.28074798,-8.689604,24.325,0.052229833,-0.0035069354,0.056168668,2.2727273,2.5641026,0.21,0.0,0.16,0.0,-27.196766
./StandardData/2021.0606.145123.wav,0 days,0 days 00:00:01.078000,27.136095,0.039709438,26.450245,26.80478,27.417454,0.96720886,9.722985,0.0,-7.6053724,16.901056,0.24507648,1.4634084,0.07329329,0.12398384,0.25676957,0.18347627,4.6025085,2.9746132,22.455208,16.338911,0.13376711,2.2826324,17.835629,0.9194525,2.2143433,7.322958,10.679343,1.433274,-3.4402907,-4.314686,0.021484805,0.5862606,1.8283024,0.37258944,5.978611,0.25592443,6.267949,1.4563812,26.850136,0.39112368,784.7201,0.300515,1482.5511,0.33957815,-137.01831,-0.59653914,1871.1783,0.1675896,1177.2976,0.18113261,-139.02405,-0.5539285,2869.589,0.09996,1108.5885,0.32857704,-139.73514,-0.5443852,-19.778444,-0.5183495,30.414808,0.3820416,0.023466537,0.9880648,-0.004109687,-6.100217,0.074019894,0.58252245,32.479313,0.36425868,13.122036,0.9771773,19.375792,0.5625239,4.4110065,3.166558,-6.1298194,14.80209,0.039744627,0.0062487633,0.1829221,2.8301888,1.980198,0.17999999,0.049999997,0.19999999,0.14764823,-29.583385
./StandardData/2021.0616.104909.wav,0 days,0 days 00:00:01.631562500,29.235048,0.07653568,27.943922,29.606308,30.571486,2.6275635,16.420006,15.047078,-19.996477,21.452845,0.5375197,0.78557783,0.058303405,0.47936732,0.9194194,0.861116,9.713514,5.848934,4.946816,2.3692305,0.30619395,0.9796137,31.644747,0.5846472,6.6076035,2.4668753,2.9539037,5.8936243,-15.980971,-0.8353769,0.034505334,2.1912708,1.2744869,0.942623,6.764448,0.50889665,-1.781413,-1.8651359,41.302338,0.26749232,711.1297,0.2522867,1418.9985,0.097297065,-78.742935,-1.1811883,1807.0684,0.11828297,1203.9906,0.22901241,-92.04309,-0.90125525,2952.4082,0.07773281,1116.4213,0.18021318,-98.42381,-0.79324263,-22.647758,-0.35854104,37.451805,0.25654805,0.07762476,0.42341524,-0.03626297,-0.5489358,0.4430356,0.65191734,43.07424,0.22059213,12.010169,1.256965,0.73649895,26.726175,-14.424138,-0.9411789,-5.8715754,14.944735,0.061039302,-0.004287751,0.10866579,3.7037036,1.9108281,0.31333333,0.23012073,0.14,0.07245688,-20.844463
./StandardData/2021.0614.114448.wav,0 days,0 days 00:00:01.769375,29.517563,0.043101374,28.367477,29.599798,30.562164,2.194687,50.742046,46.79947,10.727135,13.106574,0.5712856,1.2224468,0.063987635,0.20418818,1.1877611,1.1237735,16.082563,6.464193,10.796344,4.4290032,0.5432807,1.3290544,31.2509,0.52799493,4.388301,2.7906778,-0.515232,-24.112925,-13.677617,-0.80974257,0.0152379945,0.85494816,1.8965122,0.7639043,5.8229485,0.43319812,-0.57113343,-10.112618,41.493412,0.27857825,663.33746,0.30031207,1447.2885,0.15032156,-126.04453,-0.7218181,1652.4374,0.15012507,1163.4215,0.18571812,-131.75249,-0.62737584,2838.4456,0.08616674,1082.3713,0.17362836,-138.38148,-0.5366307,-18.097853,-0.5490751,36.18773,0.32157418,0.0557833,0.44992715,-0.023477733,-0.8548457,1.0287241,0.69088686,43.626686,0.301067,7.9866004,1.495746,-1.7112138,-8.988589,-8.59717,-1.0187461,-10.397348,22.117887,0.053982,-0.0033752637,0.25936323,3.4285715,2.9411767,0.121999994,0.084711276,0.16333334,0.08439326,-15.860748
./StandardData/2021.0616.104955.wav,0 days,0 days 00:00:01.264249999,29.617964,0.14698951,24.278595,30.04916,33.879322,9.600727,18.8895,3.1581395,45.717857,0.0,0.3259054,1.0252835,0.040357653,0.2554909,0.5284483,0.48809063,5.635276,4.367113,4.9893236,2.025327,0.20492156,1.3770589,28.243736,0.6513095,8.173225,2.0307407,6.8323874,2.4471667,-15.079611,-0.8430707,0.02143137,0.55493635,1.3854239,0.74546975,5.6506796,0.5642358,5.53658,1.2260425,42.633522,0.15891463,645.3562,0.24080259,1477.3136,0.33777452,-114.136154,-0.79482734,1730.3308,0.12016479,1121.7848,0.20419529,-124.2591,-0.64741164,2921.2258,0.072604336,1086.3011,0.3928628,-129.57785,-0.57001567,-21.222498,-0.45119908,34.954597,0.3307408,0.05665159,0.40996087,-0.022030735,-0.78335357,0.30500808,0.91310096,39.74957,0.32824504,14.628691,0.9723902,6.5522013,3.0552561,-15.434374,-0.70249546,-10.652838,21.250269,0.04633501,-0.0063718576,0.14251445,3.2,3.3333335,0.125,0.10062305,0.14999999,0.065574385,-25.693123
./StandardData/2021.0606.145217.wav,0 days,0 days 00:00:00.483687500,51.082935,0.00017385198,51.077538,51.088196,51.089386,0.01184845,0.0,0.0,-0.005922953,0.0,0.2371966,1.8372815,0.036245745,0.048276197,0.12207098,0.085825235,17.859135,11.303927,33.057255,28.560827,0.28428522,2.1572654,12.020772,0.94866544,-7.5316243,-0.6718048,-3.5779078,-1.8546969,-18.04757,-0.3217012,0.05180857,0.0,2.4999926,0.09763629,-1.3312627,-0.18042918,6.694864,0.03191993,19.566137,0.008393289,1009.38226,0.04810959,1323.9626,0.10047422,-191.25421,-0.19697909,1954.5938,0.030175567,1481.272,0.07564345,-187.5252,-0.21409754,2844.2266,0.019515207,780.75824,0.041837815,-188.13914,-0.2033877,-2.5325155,-0.5319902,13.013642,0.15948065,0.08437457,0.027399015,0.020646544,0.21631806,0.006098236,0.45452863,9.1215105,0.38417527,-2.4914923,-0.18018873,-4.594509,-0.32231358,-14.342175,-0.04519736,-3.4559805,13.915506,0.05748354,0.004199824,0.3527417,4.255319,2.3809524,0.02,0.0,0.185,0.024999999,-25.040754
./StandardData/2021.0614.114506.wav,0 days,0 days 00:00:02.274437500,28.647032,0.10435081,25.821373,28.035963,32.188812,6.3674393,37.89705,17.192924,24.875244,2.790971,1.0989392,0.73768234,0.18911135,1.1501608,1.7647232,1.5756118,18.458965,9.8678465,17.791477,8.417102,0.917065,0.819971,40.471386,0.35597202,3.4553256,4.364109,-4.494356,-2.8323255,-14.080483,-1.1885332,0.027704438,1.0130498,1.3813978,0.7904615,5.650655,0.5298597,2.7681994,2.336281,36.369415,0.34749454,623.7877,0.31643665,1385.0294,0.12210779,-56.5987,-1.4979689,1688.5155,0.18422394,1129.7344,0.15542793,-69.14973,-1.1066741,2841.8467,0.11913465,986.7821,0.27705643,-77.512955,-0.9182369,-17.697338,-0.5801097,34.06899,0.30693203,0.050466485,0.36166564,-0.033740368,-0.7112471,1.1681633,0.58920485,46.825954,0.1706637,5.537404,2.5896235,-4.5467567,-2.9179215,-10.381681,-1.5813181,-9.994364,22.024294,0.05952913,-0.0046789683,0.29329982,4.424779,1.8099548,0.39749998,0.21901768,0.106,0.07863841,-12.543709
./StandardData/2021.0606.144958.wav,0 days,0 days 00:00:00.805062500,38.3358,0.10555112,34.472168,40.8074,41.350822,6.8786545,18.909641,9.833228,30.106634,0.0,0.11580843,0.30250794,0.083310485,0.11745265,0.14556393,0.062253445,1.0620944,0.58781755,0.56126916,0.38939744,0.041241225,0.5421067,33.473934,0.14613609,22.618029,0.24878094,17.282356,0.6022764,-12.609673,-0.8524127,0.04674232,1.6079401,1.2690558,0.7911402,11.574586,0.29768366,3.3895478,2.3380713,26.002073,0.41236898,903.60706,0.18817602,1397.8873,0.14108446,-44.53599,-0.6682536,1997.6556,0.07206164,1226.3956,0.14238656,-57.576607,-0.40782255,3065.4763,0.050487243,1099.3881,0.25111133,-59.849205,-0.3844429,-32.423218,-0.15247709,43.97014,0.12221469,0.063581765,0.25864723,-0.008218857,-1.7428896,0.041974667,0.49960816,33.551388,0.141844,22.506023,0.22511443,16.675398,0.64621186,-13.479701,-0.804457,-26.299324,37.209755,0.0790285,-0.011878058,0.061758157,6.3291144,2.739726,0.34,0.22,0.0,0.0,-37.309055
./StandardData/2021.0714.093428.wav,0 days,0 days 00:00:01.815250,35.005756,0.26041266,27.001034,35.57466,41.5342,14.533165,-3.9096477,69.20011,1115.4185,1018.7278,0.48386905,1.0055709,0.057398055,0.3798691,0.8189456,0.7615475,11.635898,8.398862,8.254737,4.4078813,0.40556452,1.5460861,21.86588,0.6964415,-9.121087,-2.0058382,8.804193,1.5471324,-4.763598,-2.864619,0.06801093,1.0579071,2.017634,0.37549752,4.542124,0.5633022,16.02904,0.68046683,26.420229,0.7162683,707.8844,0.34712008,1322.4811,0.18532489,-168.05064,-0.3929848,1756.1676,0.15065154,1089.5074,0.19467233,-157.51913,-0.44795382,2816.031,0.1060046,1103.666,0.31077525,-159.09415,-0.4279886,-13.274394,-1.0169915,25.134647,0.5692252,0.050293457,0.92626005,-0.008997715,-2.0409303,0.85536945,1.141557,28.99668,0.5154481,-1.4856548,-12.002154,10.314689,1.168233,-1.005885,-16.596563,-5.3260317,17.658567,0.05981545,0.0047628633,0.27909464,3.888889,3.4285715,0.06,0.03559026,0.17999999,0.15729862,-20.18339
./StandardData/2021.0714.094033.wav,0 days,0 days 00:00:01.631562500,29.294458,0.07944251,28.202988,28.983788,30.792542,2.5895538,61.508137,57.63218,18.817516,14.665121,0.41391024,0.74146926,0.058151208,0.48152852,0.6543724,0.5962212,7.353364,5.0501885,6.7376165,3.243978,0.24693574,0.9782094,32.10807,0.6323448,9.87962,1.5659901,6.409833,2.3810694,-14.776396,-0.6661436,0.024796477,1.3323313,1.0644878,1.0719784,5.996366,0.5558839,2.868325,1.5184026,42.984592,0.24329154,660.15466,0.2809205,1430.4288,0.12978119,-75.5933,-1.1937041,1750.5953,0.16799974,1194.3683,0.1759963,-88.8559,-0.90540993,2926.0547,0.09151767,1167.2958,0.3186133,-96.44617,-0.7732519,-22.716326,-0.41728476,39.10158,0.24428642,0.0661862,0.2903339,-0.028528182,-0.4630413,0.36750033,0.6339528,44.940716,0.21077673,16.5963,0.7059203,0.052073404,280.6446,-17.551445,-0.5391768,-3.1426718,11.930556,0.056098174,0.017873831,0.05337183,4.3209877,1.9108281,0.32999998,0.2051016,0.1275,0.07854138,-23.763533
./StandardData/2021.0514.150019.wav,0 days,0 days 00:00:00.621437500,28.033377,0.033782154,27.357388,27.599838,29.010174,1.6527863,13.465214,2.0346642,12.216855,7.402859,0.1172421,0.6258707,0.06417031,0.08247287,0.16464466,0.10047435,0.74876904,0.40708596,0.8509761,0.0,0.045756277,1.3172829,14.641743,0.82744706,14.129257,0.6392305,6.881398,1.6210158,-4.791676,-3.2500844,0.030637939,0.57327807,1.3176802,0.39565167,7.1012216,0.12111571,-4.2882457,-0.72102284,11.30367,1.0095111,786.99255,0.45579895,1472.5619,0.18322507,-136.93054,-0.56925344,1832.4509,0.17565271,1135.0413,0.2750053,-129.25,-0.6202743,2854.7761,0.059787016,1110.0116,0.35185882,-133.26816,-0.5685548,-21.56899,-0.32872897,35.552025,0.2968978,-0.03522937,-0.4824294,-0.0030700103,-2.2779107,0.1033436,0.58705276,23.364714,0.578016,22.01999,0.27263108,15.538705,0.6137467,12.48413,0.45934066,-9.664591,17.445793,-0.0076115755,-0.00025526423,0.008971045,1.6393442,1.7857143,0.22999999,0.0,0.14999999,0.03,-36.0915
./StandardData/2021.0707.084803.wav,0 days,0 days 00:00:02.458125,30.24079,0.1262899,27.308563,29.722479,33.310623,6.00206,22.678099,7.356141,26.216646,5.007431,0.48032784,0.6449508,0.15815015,0.51592207,0.7663017,0.60815156,7.1894317,4.400138,6.4846883,3.8736367,0.28044802,0.9150625,34.397663,0.4480521,16.361135,0.94712293,9.044144,1.9184378,-15.529296,-0.8608731,0.019827366,1.9663432,1.050441,0.7930051,8.100951,0.32120147,5.6550736,1.7113926,43.83695,0.30191034,684.8163,0.27567634,1373.359,0.14564854,-49.04206,-1.5722015,1834.2245,0.12853488,1129.8429,0.24648303,-68.111534,-0.98784065,2967.0315,0.072964236,1066.4127,0.23444879,-74.91318,-0.84346473,-26.492573,-0.32202744,37.958126,0.2988355,0.06944685,0.39606163,-0.035578363,-0.54206926,0.3571266,0.73277724,40.37149,0.24270225,20.547014,0.5382674,9.233952,2.044735,-13.956506,-1.0021187,-8.8465185,16.939758,0.07254326,-0.0019179645,0.036402527,3.6885245,1.6736403,0.45999998,0.22923785,0.1125,0.07790218,-20.425066
./StandardData/2021.0707.085237.wav,0 days,0 days 00:00:01.310125,30.90654,0.04526531,29.284626,30.9968,32.17608,2.8914528,19.127256,12.4973,9.196116,0.786811,0.5413747,0.8328101,0.062377885,0.5149208,0.92384344,0.8614656,10.195172,6.7847686,8.465574,3.7490232,0.31539235,0.98494434,32.96333,0.52840203,5.218519,2.9581027,-3.5526848,-3.7250032,-15.826719,-0.6608004,0.020783015,0.803208,1.4568048,0.60556203,6.4405828,0.40912974,0.63450164,14.420606,36.00889,0.39121866,602.4446,0.31905192,1475.5066,0.20407714,-52.336464,-1.6265928,1605.6195,0.17831355,1149.5427,0.2035345,-64.57565,-1.209476,2778.0156,0.09689241,1015.4008,0.36883256,-74.52672,-0.9672051,-18.57152,-0.40134096,34.4766,0.28357956,0.07605824,0.20871812,-0.031030841,-0.537036,0.43359578,0.6643447,42.36071,0.22760169,9.284783,1.3718175,-7.03626,-1.9694955,-16.00204,-0.67462313,-2.478319,10.734183,0.06076754,0.015983587,0.006848088,3.846154,0.8,0.93,0.0,0.145,0.065,-21.500835
./StandardData/2021.0614.114545.wav,0 days,0 days 00:00:01.815250,29.135336,0.052514274,28.14284,29.423536,30.23751,2.0946712,114.02391,57.16115,21.03706,23.808426,1.0017737,0.7853835,0.12369389,0.93822974,1.5992885,1.4755945,18.148634,9.533731,14.23568,7.419841,0.72659516,1.0519865,25.593678,0.78921914,-0.44955668,-31.218607,6.7345567,2.5093105,-15.392003,-0.925608,0.021877944,0.9960963,2.00057,0.7384079,5.9226475,0.4758555,-0.58151567,-9.84246,29.33576,0.27770683,631.14014,0.28977954,1464.5887,0.16664465,-109.40911,-0.8437389,1627.4473,0.16234145,1131.278,0.276173,-112.58637,-0.7643998,2790.916,0.08254694,996.5687,0.39674884,-117.67323,-0.6838837,-14.149991,-0.67676944,30.199924,0.3678147,0.0517641,0.2481989,-0.022473587,-0.9632575,1.1414486,0.71982366,40.21773,0.26164287,0.4915192,26.406841,4.2668605,4.3652067,-9.918511,-1.421349,-3.5685804,12.718288,0.045560703,-0.0041827443,0.3839595,4.4444447,3.4285715,0.13166666,0.054288324,0.11857142,0.042904735,-14.592756
./StandardData/2021.0606.145026.wav,0 days,0 days 00:00:00.713250,38.539223,0.17522009,31.002605,44.302597,44.626244,13.623638,1.6423509,0.0,0.0,0.0,0.122291066,1.0790503,0.038990058,0.06423889,0.12804353,0.089053474,1.1800653,0.52046096,1.7063348,1.2231344,0.034422,1.7305241,10.3618555,0.4745348,-17.680109,-0.37838686,-3.2470982,-3.0525515,-19.141617,-0.4592403,0.050072353,0.09504392,1.4757305,0.12537399,2.4720824,1.8127337,38.88404,1.8709445,-3.524021,-0.647128,941.1973,0.14733712,1492.1633,0.27521935,-173.24239,-0.35426804,1822.0994,0.10858868,941.8469,0.15610826,-173.9726,-0.34112585,2710.729,0.037868995,983.744,0.104040645,-174.29585,-0.33604363,-5.636094,-0.9713456,12.850809,0.44943768,0.10669547,0.2975547,0.009861374,1.2555021,0.02371204,0.7508567,11.020341,0.6082361,-20.929802,-0.24708077,0.5934819,13.909188,-27.721643,-0.24323763,-2.0302784,11.781797,0.0739493,0.014080767,0.03920186,2.857143,3.0769231,0.035,0.005,0.17666666,0.06182412,-43.316463
./StandardData/2021.0714.095538.wav,0 days,0 days 00:00:01.631562500,28.414665,0.063553326,27.14442,27.459345,29.888775,2.7443542,18.530348,12.019346,19.425798,5.324347,0.31982794,0.8452321,0.03795888,0.26713482,0.5491778,0.51121897,5.385548,4.713709,4.3083467,2.0662293,0.15448968,1.0128992,30.951504,0.6644134,14.982812,0.88316935,11.818271,1.9448997,-4.2606072,-3.016351,0.019438392,0.98401886,1.3255105,0.8127181,7.293596,0.2486281,3.0396502,2.0751524,39.786934,0.3293253,669.1084,0.33174622,1392.4037,0.2180868,-65.426926,-1.2629858,1732.0956,0.1633316,1095.3807,0.1918241,-76.47498,-0.9674782,2931.5366,0.06905626,1063.8223,0.19446762,-86.60353,-0.77632374,-22.038145,-0.44455647,39.634945,0.24760003,0.039276466,0.9727502,-0.018338239,-1.1166869,0.20900737,0.7348892,41.320396,0.3190818,19.01655,0.6189111,5.994435,3.96226,-5.8878083,-2.4316049,-3.9452403,10.739288,0.03621967,0.027167456,0.023452112,3.0864198,1.2738854,0.565,0.114999995,0.13,0.050990194,-27.032677
./StandardData/2021.0714.095007.wav,0 days,0 days 00:00:01.402000,32.05025,0.110198654,30.879658,33.440903,34.425785,3.5461273,62.077587,30.757019,39.15637,9.867641,0.40333968,0.7786879,0.06041971,0.34913787,0.703105,0.6426853,5.6393394,2.2773836,5.5314307,2.8516798,0.24754901,0.951591,27.616255,0.63137674,4.5042896,2.7360082,1.2433202,14.81358,-20.538584,-0.693504,0.036314756,0.80459493,1.4729387,0.6342321,4.9763794,0.85706306,7.0973697,1.0598903,41.031227,0.2422654,700.14154,0.3767238,1385.8331,0.23316717,-106.93684,-0.8536319,1720.6229,0.21381336,1133.4006,0.23977593,-110.871544,-0.74576205,2887.5723,0.1133873,988.4394,0.20053875,-117.74869,-0.64638203,-16.319422,-0.52355343,34.510986,0.367277,0.07665175,0.25927997,-0.027431885,-0.6486806,0.4060541,0.5017945,38.628475,0.3635492,9.014728,1.0828391,-3.719037,-5.386091,-25.6981,-0.57588965,-5.7727265,17.240671,0.058640644,0.005287397,0.10322572,3.5971224,3.7313435,0.126,0.1254751,0.118,0.069397405,-23.751469
./StandardData/2021.0614.014103.wav,0 days,0 days 00:00:01.493812500,28.2784,0.03393374,27.371521,27.958645,29.239307,1.8677864,17.83075,8.782016,13.068527,7.769082,0.1983763,0.44805902,0.0853486,0.21660413,0.2736175,0.1882689,1.2032813,0.47480032,1.1626469,0.25447184,0.082191676,0.9255059,26.71238,0.35258994,23.475298,0.5193191,12.266655,0.77300185,8.828263,1.7463354,0.011533829,0.785026,0.95138377,0.8588569,9.098623,0.13313197,3.7047133,1.5688963,25.303493,0.37866178,925.0538,0.22460161,1232.8541,0.19207293,-64.122246,-0.9866343,2044.4932,0.13734844,1227.7759,0.30040854,-75.33152,-0.7564929,3088.457,0.07799468,1077.4862,0.23279975,-77.41529,-0.72050065,-26.791634,-0.23072785,43.350716,0.15775387,-0.042210143,-0.55631423,0.00013778418,65.946236,0.1014326,0.72656626,29.989735,0.2532186,28.42178,0.27451858,14.997582,0.56267124,14.953626,0.67260885,-10.560002,21.495916,-0.0019896307,0.0049129333,0.0063726567,4.054054,0.6993007,1.17,0.0,0.114999995,0.024999999,-26.591606
./StandardData/2021.0714.093959.wav,0 days,0 days 00:00:01.172437500,29.290485,0.087540664,26.279799,30.674204,31.313614,5.0338154,63.61051,21.369059,25.797874,11.869079,0.3284597,0.8976737,0.044403777,0.23470774,0.6490481,0.6046443,4.32438,3.5409212,3.708289,2.444251,0.19263916,1.0635337,28.860626,0.5272746,16.534798,1.1461334,20.951376,0.8591915,-11.043532,-1.2934755,0.011624244,1.1784096,0.81362426,0.90630203,7.7566566,0.39139038,5.1830444,1.2609799,47.744614,0.28314722,697.7537,0.25078142,1400.8335,0.093655534,-95.90537,-0.93126583,1920.6505,0.10599923,1244.6635,0.27767998,-108.72311,-0.70506126,2915.9973,0.09212909,1112.6504,0.21676904,-108.35708,-0.7129889,-29.532776,-0.30459338,37.00873,0.3395766,0.0643424,0.39165494,-0.027099948,-0.96214503,0.2978066,0.7116897,38.01722,0.31095532,26.474112,0.33765036,23.242033,0.8315834,-11.801536,-1.278155,-12.185,21.19979,0.054424837,0.011328674,0.07681403,2.586207,2.7027028,0.19999999,0.050990194,0.14333333,0.037712358,-21.638655
./StandardData/2021.0610.112757.wav,0 days,0 days 00:00:00.862500,28.094278,0.012046797,27.879951,28.192446,28.423716,0.5437641,13.283277,7.069526,19.656384,9.797307,0.13201043,0.5058566,0.07394968,0.12120091,0.16984005,0.09589037,3.2299154,2.5985348,1.2207187,0.9970666,0.06994533,0.8078438,19.49378,0.25875056,16.880713,0.7404981,15.428801,0.46506545,1.4019563,8.960435,0.031008739,0.4084307,1.6116121,0.6323728,7.843936,0.089626275,0.23735672,16.350262,10.669656,0.31058514,927.8328,0.22571701,1321.2151,0.12706289,-138.75313,-0.49991855,1996.85,0.11161893,1222.1523,0.22101258,-139.69841,-0.47395095,3048.4744,0.09254386,1295.5223,0.6881687,-139.59299,-0.47653118,-23.224537,-0.27057305,32.434864,0.21859273,-0.04153383,-0.5402368,1.8790908e-05,337.28244,0.11296234,0.5445896,19.831087,0.34513932,26.763824,0.50238895,19.375513,0.21941802,14.564278,0.44505754,-16.471966,26.705664,-0.022454971,-0.0018241028,0.048055783,4.7058825,6.3291144,0.051999997,0.007483315,0.07,0.05033223,-35.73293
./StandardData/2021.0707.085214.wav,0 days,0 days 00:00:00.412125,0.0,0.0,0.0,0.0,0.0,0.0,0.0,0.0,0.0,0.0,0.52698815,1.1383902,0.26628265,0.31747806,0.45610246,0.18981981,32.438004,22.833973,54.08887,0.0,0.40181077,2.419043,5.4527497,1.181417,-18.238094,-0.18774854,-3.7677243,-1.2621496,-22.589489,-0.25411215,0.0,0.0,0.0,0.0,0.0,0.0,0.0,0.0,0.0,0.0,0.0,0.0,0.0,0.0,-201.0,0.0,0.0,0.0,0.0,0.0,-201.0,0.0,0.0,0.0,0.0,0.0,-201.0,0.0,0.0,0.0,0.0,0.0,0.0,0.0,0.0,0.0,0.0,0.0,0.0,0.0,0.0,0.0,0.0,0.0,0.0,0.0,0.7495039,6.9610987,0.075755306,0.0012218467,0.45160922,2.5000002,0.0,0.0,0.0,0.34,0.0,-20.59691
./StandardData/2021.0614.114419.wav,0 days,0 days 00:00:01.447937500,30.805677,0.027890824,30.019165,31.035637,31.64492,1.6257553,14.3188715,11.063242,10.900431,5.519978,1.4576647,0.8648026,0.20396599,1.2710143,2.6056552,2.4016893,29.615044,17.679363,20.558933,12.0540695,1.111759,0.93956643,28.99118,0.58546567,2.1893368,5.807029,-4.152631,-3.053856,-13.379632,-1.0377641,0.010992486,0.8355795,1.6757846,0.80816257,7.180057,0.39569107,-3.3282728,-1.3459308,31.06484,0.3728736,622.50024,0.37418926,1377.7217,0.13683724,-81.6025,-1.17146,1687.3674,0.1932297,1176.8661,0.23675081,-89.26621,-0.9735177,2823.1243,0.1102503,989.8221,0.32999825,-94.70607,-0.86822677,-15.608049,-0.5690554,30.993113,0.32170686,0.06316395,0.2553464,-0.03431041,-0.5390039,1.5798267,0.6131891,39.323692,0.28745773,4.6298957,3.0088632,-5.6808915,-2.2065315,-17.272259,-0.7274271,-5.648049,18.165886,0.044942163,0.0062704524,0.4958078,3.4965036,2.173913,0.26999998,0.14236104,0.125,0.06689544,-10.008223
./StandardData/2021.0610.112451.wav,0 days,0 days 00:00:01.631562500,28.234777,0.04938703,27.380398,27.539345,30.138306,2.7579079,77.37478,103.29025,15.259287,20.018736,0.21236184,0.62590754,0.08364484,0.15840161,0.33895215,0.25530732,2.1395793,0.99666804,1.6474596,0.6631817,0.106619306,0.87876874,24.166155,0.392011,19.864635,0.60016656,16.440596,0.6499457,8.238305,2.3193548,0.020501258,1.2810854,1.1312703,0.89697766,8.442541,0.17818427,0.269779,44.02432,18.922646,0.69880664,897.8547,0.24056323,1247.3981,0.13965084,-88.68193,-0.83786166,1994.8212,0.12604558,1181.3129,0.24592698,-91.79779,-0.74568576,3033.0767,0.07101468,1018.25464,0.1850728,-95.03462,-0.6997969,-26.010162,-0.28441268,39.67314,0.24991292,-0.04359299,-0.597706,-0.004043575,-1.9246386,0.14025094,0.61214703,27.90241,0.32166564,24.951296,0.3789287,21.36781,0.34806103,17.250858,0.75845814,-14.727949,25.780653,-0.012773194,-0.003977759,0.041481547,2.4691358,2.5477707,0.2625,0.2907211,0.105,0.05678908,-23.92451
./StandardData/2021.0606.145450.wav,0 days,0 days 00:00:00.621375,35.238316,0.0018647382,35.19725,35.273846,35.286488,0.08923721,0.049575806,0.0,0.0,0.0,0.31504333,1.6429143,0.037918564,0.06753833,0.41118613,0.37326756,19.40095,19.268246,29.46827,18.450777,0.3945047,2.0954816,17.384886,0.87696505,-4.2277865,-3.2614114,-4.345877,-2.510199,-20.114882,-0.52271575,0.029683951,0.0,2.831585,0.0,4.011504,0.029162966,-24.78852,-0.20150238,8.884792,0.06821584,1125.4435,0.060252726,2037.4325,0.073785864,-190.25662,-0.19630615,1881.3497,0.033756226,1207.9796,0.025939072,-190.71864,-0.18801045,2936.0144,0.0107705705,869.2968,0.029653668,-190.8944,-0.18445967,-10.064758,-0.52136433,21.386753,0.2783719,0.07191381,0.021079797,-0.008970993,-0.556958,0.07606952,0.20991756,20.937876,0.15421757,-23.821955,-0.25339365,-9.863671,-0.59736747,-31.378378,-0.032244768,-8.322365,20.768896,0.05135354,-0.0025762515,0.45767888,4.9180326,1.7857143,0.02,0.0,0.255,0.085,-23.476664
./StandardData/2021.0714.095139.wav,0 days,0 days 00:00:00.896937500,29.20873,0.028346311,28.268059,29.510605,29.719084,1.451025,5.974166,0.0,8.070794,0.0,0.3867229,0.9025462,0.03819365,0.36258167,0.75840354,0.7202099,4.828051,2.0896895,4.1640286,0.8854782,0.17550945,1.154328,30.35828,0.5889221,-1.379734,-8.516141,-8.750919,-1.7986125,-13.988904,-0.6693899,0.01832752,0.9855604,1.1778461,0.7292519,5.3213377,0.75337476,-0.025416657,-86.89793,37.523396,0.25662875,602.0817,0.2598386,1484.5544,0.114363216,-88.56498,-1.1306934,1569.611,0.14602287,1073.3412,0.12798843,-94.21797,-0.99841416,2754.9543,0.07777367,989.09174,0.17682353,-106.01165,-0.7885642,-13.826456,-0.7056044,32.798492,0.27175835,0.07960096,0.18838978,-0.019908475,-0.8312612,0.310991,0.6207226,43.48103,0.25337085,1.6084738,6.626848,-16.459743,-0.84653753,-10.635706,-0.60912406,-6.5944166,19.127645,0.0557703,0.0070875995,0.030533591,3.409091,1.2048193,0.45,0.0,0.175,0.005,-25.402672
./StandardData/2021.0614.114038.wav,0 days,0 days 00:00:02.549937500,28.502234,0.08780421,26.256659,28.01162,30.40177,4.145111,29.730711,11.8864765,15.485506,12.545063,0.44563946,0.9944896,0.10097581,0.30556533,0.6709079,0.5699321,8.144975,3.635694,8.177495,6.611664,0.4522447,1.1923069,38.584946,0.37144843,20.913557,0.7856024,9.558948,1.1819812,-4.4553924,-2.9168618,0.020614006,0.8415388,1.4997324,0.9402786,7.2288313,0.34026337,4.0928416,2.0439115,55.604538,0.16201112,621.07166,0.27656418,1429.6201,0.1131257,-79.32781,-1.0953336,1786.2494,0.09950502,1306.9144,0.13025068,-98.79022,-0.72428924,2921.4563,0.053971417,1205.048,0.16113873,-105.70772,-0.6293512,-33.59788,-0.20562978,48.100624,0.13403861,0.04135615,0.6693446,-0.0272115,-0.62525505,0.61260915,0.9421424,45.58562,0.14340508,29.339466,0.31858093,13.022315,0.7801737,-0.7317819,-15.529384,-14.866176,27.283148,0.056135803,-0.004364319,0.17899859,3.5573123,2.016129,0.31399998,0.20606793,0.15799999,0.13257451,-15.871799
./StandardData/2021.0714.095420.wav,0 days,0 days 00:00:01.539750,28.361626,0.10619135,25.929983,27.548792,30.413832,4.4838486,36.27287,7.222632,55.104492,31.81212,0.2930458,0.69293517,0.08522158,0.28679365,0.47301108,0.3877895,4.2271886,3.61053,3.6985855,2.667096,0.14283505,0.87262964,36.010353,0.4365418,16.400002,0.74684757,5.706002,3.1986291,-8.91532,-1.5583987,0.019678669,1.1728365,0.91586834,0.7154324,6.8631663,0.38376552,1.8006192,2.7316618,43.793167,0.2106606,591.6209,0.28954935,1432.3768,0.12016058,-90.34419,-1.0182391,1704.903,0.15654802,1221.4637,0.18839042,-102.10661,-0.79399633,2878.7795,0.0840061,1173.0143,0.2513184,-109.22303,-0.6825432,-23.239094,-0.45466363,41.731323,0.19384821,0.05609263,0.5381187,-0.023191113,-0.82843715,0.16407353,0.4710902,44.862514,0.16376317,20.758415,0.58374083,0.8899277,20.172335,-10.681548,-1.3767401,-11.990821,24.224895,0.048236508,0.0016252255,0.1283653,3.2894738,2.739726,0.2025,0.18376276,0.1425,0.039607447,-29.060543
./StandardData/2021.0514.143922.wav,0 days,0 days 00:00:01.677500,29.094194,0.091750376,26.633501,27.945602,31.717453,5.083952,52.23775,45.886883,17.134027,12.449598,0.20256568,0.58192,0.08481517,0.19930226,0.27150676,0.18669158,1.4714351,1.4067545,1.7970686,0.3650282,0.10386908,0.78944665,20.092804,0.6826792,27.652693,0.5636939,11.167766,1.0746979,6.402473,2.7679467,0.029445158,1.1835498,1.3871871,0.79429114,7.815145,0.3576053,9.696125,1.5695609,27.24471,0.572879,896.89465,0.22019881,1420.9626,0.16087404,-95.276955,-0.7868413,1916.9478,0.124030404,1208.8009,0.26776105,-101.85932,-0.6889828,3028.593,0.06677407,1005.2889,0.3436068,-103.83799,-0.65952545,-27.482761,-0.29243028,37.94505,0.26003367,-0.03479601,-0.6532117,-0.008616588,-1.5030526,0.14439389,0.49996105,25.895163,0.46037754,34.39068,0.3214293,14.94832,0.7463456,14.898855,0.7760757,-11.986503,19.335869,-0.014433735,-0.003658765,0.042973854,3.0120482,3.726708,0.16,0.15022206,0.085,0.06551082,-29.210192
./StandardData/2021.0514.150042.wav,0 days,0 days 00:00:00.782125,29.551485,0.049321856,28.054874,29.671196,30.25839,2.203516,25.054392,0.0,4.3529186,4.5087457,0.12500225,0.3794138,0.06728163,0.12885359,0.17027816,0.10299653,0.916973,0.70275486,0.2762915,0.46650314,0.04647895,0.8711187,23.137493,0.41032165,12.520284,0.81529486,12.157797,0.84704804,1.3015857,10.310693,0.02263033,0.5346708,1.4344802,0.7024627,8.494305,0.11334412,2.5747015,3.105641,15.050685,0.4684215,882.051,0.14357239,1218.7584,0.14048971,-85.75207,-0.8962667,1949.8372,0.07927861,1086.2559,0.12829106,-91.18056,-0.78176177,2969.0273,0.057489917,1020.31665,0.4120357,-94.38664,-0.7287222,-25.78165,-0.32184368,39.38623,0.19378947,-0.043370374,-0.44408706,-0.0062314873,-1.3662332,0.06450609,0.6163282,29.456781,0.18563087,17.75995,0.48270437,15.818011,0.67766255,7.8296833,1.0770653,-10.210833,19.264812,-0.007841599,-0.0025601909,0.007519088,5.194805,2.857143,0.22999999,0.14999999,0.099999994,0.08,-34.82804
./StandardData/2021.0606.145546.wav,0 days,0 days 00:00:01.539750,42.2737,0.08148672,40.100163,41.03614,43.429115,3.3289528,58.182144,52.052307,16.721346,14.104805,0.20884919,0.44859985,0.13832235,0.18644324,0.26964244,0.13132009,1.0141783,0.94933856,1.4374818,1.0730481,0.0454941,0.9489903,21.072184,0.4810767,12.829717,0.64100677,1.4418259,6.977986,-20.89097,-0.39733782,0.018793693,0.64193404,0.92749316,0.50121534,12.136746,0.17644356,18.699095,0.67644596,27.68516,0.41373292,832.76184,0.2180184,1367.1475,0.1627304,-80.20485,-0.91410995,1913.5223,0.12695524,1243.3243,0.3378028,-78.23617,-0.8486086,2952.2822,0.07784665,1027.1959,0.32710183,-80.68993,-0.8015844,-20.464195,-0.26016936,32.816242,0.23325126,0.020731645,0.75296634,-0.017021352,-0.5623097,0.04256573,0.71134794,24.334166,0.36235493,15.069425,0.49432296,1.3238809,8.434182,-23.377455,-0.31718335,-8.587215,19.024296,0.012784005,-0.00014860979,0.061693825,2.631579,2.739726,0.265,0.28111383,0.103333324,0.07408704,-37.421654
./StandardData/2021.0714.094254.wav,0 days,0 days 00:00:00.529562500,27.554722,0.0006293953,27.54203,27.545174,27.565506,0.023475647,0.0,0.0,-0.011295955,0.0,0.11348077,0.8459289,0.05314812,0.07004871,0.15440251,0.10125439,3.769488,3.3003147,-0.42363182,0.79394346,0.033718448,1.4437705,18.449945,0.6951988,-2.5284996,-5.327276,16.456514,0.80805147,-10.846243,-1.3083931,0.08154028,0.0,0.80442417,0.071413904,7.282293,0.036567267,8.130831,0.073602125,15.693928,0.03325687,950.96655,0.0025558213,1072.5273,0.044873953,-189.76816,-0.18306796,1969.841,0.009518238,797.8177,0.13397022,-190.00905,-0.17873204,3028.984,0.00353757,703.50714,0.027762696,-189.83067,-0.18187729,-17.755083,-0.014824101,28.931583,0.0141975405,-0.0131617915,-0.23916242,0.0077831224,0.097199805,0.011592241,0.079006195,23.713236,0.033614565,7.800497,0.06114885,28.001076,0.07051311,-1.5058218,-0.082807206,-6.6707196,17.742373,0.0510013,0.013365277,0.040306453,3.9215686,2.2222223,0.02,0.0,0.39,0.0,-43.520885
./StandardData/2021.0714.093404.wav,0 days,0 days 00:00:01.218312500,30.236174,0.051791795,28.36112,30.470268,31.742273,3.381153,30.204206,11.140887,20.429176,12.983162,0.5687206,0.8146249,0.070076026,0.58982855,0.9283705,0.8582944,9.006076,7.991371,7.712526,3.3758683,0.3366696,1.0471507,31.945723,0.5889958,6.6167307,2.2688668,-2.5867054,-5.794376,-20.857414,-0.6019769,0.018214038,1.4078534,1.1601892,0.7214721,6.707293,0.5154236,3.6424196,1.1844746,42.002132,0.3080419,667.4008,0.3032778,1383.2123,0.14015321,-53.212017,-1.568054,1720.5541,0.17647472,1152.548,0.2656481,-67.22302,-1.0935117,2910.298,0.08759396,1050.4435,0.28345293,-76.140465,-0.8920788,-18.166258,-0.41220567,36.487465,0.28774863,0.071694665,0.36609066,-0.032777764,-0.6729215,0.44878864,0.77819294,40.40292,0.29074335,12.653355,0.79267937,-4.903412,-3.1087089,-21.987694,-0.53027576,0.5121491,9.930748,0.07439332,0.014337118,0.05890477,4.166667,2.631579,0.27666664,0.34179267,0.08333333,0.08259674,-20.759295
./StandardData/2021.0514.145845.wav,0 days,0 days 00:00:01.861187500,28.45678,0.10605348,26.434418,27.535458,31.379292,4.944874,19.6631,16.040836,26.285547,2.5144818,0.20410319,0.40614137,0.13353828,0.20185214,0.28899568,0.1554574,1.3961401,0.72112924,1.4100838,0.54087937,0.11676243,0.81195563,23.743212,0.69655234,27.096172,0.37438193,11.952414,1.0635858,9.982324,1.5860249,0.02712727,0.82232493,1.4626477,0.71708804,7.5069804,0.28640863,15.985074,0.73054737,35.4814,0.2363239,918.4239,0.21156165,1341.6669,0.15088539,-80.02341,-0.932754,2050.2979,0.09877287,1261.498,0.23423335,-90.52387,-0.74278045,3109.2673,0.07059069,1194.5463,0.27524477,-91.882675,-0.72113615,-28.881804,-0.24112752,42.063404,0.22561853,-0.035861373,-0.82446855,-0.0072766603,-1.4504526,0.15599014,0.5560206,31.650402,0.284921,29.846333,0.24476126,16.597359,0.6176641,13.016817,0.95841455,-7.257465,13.986094,-0.023771035,0.00299703,0.026338642,3.783784,1.1111112,0.64,0.26,0.15666667,0.024944382,-27.47644
./StandardData/2021.0606.145532.wav,0 days,0 days 00:00:00.437750,34.74279,0.059112728,32.301014,34.754646,37.182514,4.8815002,0.0,0.0,-0.8179779,0.0,0.3023505,2.3694444,0.03323758,0.06936552,0.13771662,0.104479045,6.78417,3.9131508,28.124855,0.0,0.4268219,2.723389,12.537032,0.93336034,-11.455943,-0.413663,-12.651465,-0.5454628,-24.856928,-0.22029513,0.27703923,0.0,5.6548357,0.017689215,-0.7117496,-2.4576473,-3.9287977,-0.5968607,14.640199,0.34004524,999.8023,0.042800795,1265.1692,0.12246146,-171.58873,-0.34687722,1931.3376,0.061099976,1219.4503,0.16652092,-172.73108,-0.3309158,2922.1033,0.026681466,1127.4902,0.36484414,-174.03554,-0.31493816,-6.3237805,-0.30556896,21.93502,0.16532503,0.056819137,0.5480143,-0.0045179576,-2.8985207,2.2626808,1.0081925,23.400946,0.18315032,-12.648644,-0.7714372,-12.13645,-0.6988774,-16.68457,-0.440738,-1.8382815,14.071693,0.087060906,0.011530706,0.13004439,2.3809524,2.7027028,0.049999997,0.0,0.145,0.055,-20.497458
./StandardData/2021.0616.113732.wav,0 days,0 days 00:00:01.080562500,30.779537,0.099369295,28.16829,31.107492,33.264214,5.0959244,0.46668434,21.140057,17.626078,6.127358,0.4736546,0.96224403,0.05093605,0.33919156,0.90306544,0.8521294,11.864933,8.169368,9.1502075,3.6943939,0.40312034,1.0855443,32.58046,0.50086635,7.9018154,2.3858852,1.4182831,11.561838,-22.59387,-0.5236234,0.016338086,0.75923824,1.4459757,0.60037935,6.207862,0.4572284,1.278806,8.191071,42.97437,0.23951459,618.54333,0.36828133,1392.8253,0.12647246,-76.377785,-1.2021934,1710.6953,0.19372797,1243.7086,0.31318304,-89.168304,-0.8637511,2847.656,0.10971263,1053.819,0.22789511,-94.74385,-0.76509345,-22.917038,-0.4291082,39.25609,0.29904044,0.07424259,0.24726683,-0.0338709,-0.6905647,0.59261596,0.74008197,40.619324,0.28367975,15.314551,0.9480431,0.8113171,24.89939,-22.231932,-0.5681781,-9.974467,19.813608,0.08662813,-0.00021591397,0.10535133,3.738318,1.9607843,0.32999998,0.22999999,0.103333324,0.060184903,-18.691784
./StandardData/2021.0606.145146.wav,0 days,0 days 00:00:01.998875,34.120872,0.16764486,32.06963,36.755936,37.86783,5.7981987,66.626274,52.691532,67.20759,58.912228,0.15573321,0.7504352,0.054895975,0.13016602,0.21304598,0.15815002,2.5335493,1.0907809,2.5086038,2.483438,0.050803345,0.851386,24.515333,0.6175176,5.278965,2.4819176,4.5475,3.4135697,-12.648096,-1.2019346,0.02569614,1.3946946,1.3756231,0.79941493,8.071136,0.45023644,5.049876,1.4891913,34.16919,0.29067606,813.0538,0.21847467,1344.4888,0.14028622,-96.39229,-0.9279718,1889.1991,0.11118761,1118.4274,0.23278749,-100.476585,-0.79566944,2974.925,0.08923664,1144.0139,0.23734047,-105.22527,-0.72286564,-20.289532,-0.48855233,32.917263,0.34236118,0.07559381,0.29507443,-0.011617964,-1.8085778,0.067032754,0.65645313,33.171703,0.27156207,9.916045,1.23359,5.254918,3.2265193,-12.353405,-1.5084957,-4.2315164,13.67252,0.07395053,0.012955515,0.027237099,4.0404043,3.1578948,0.17666666,0.12009255,0.12,0.061644137,-38.371544
./StandardData/2021.0606.145346.wav,0 days,0 days 00:00:00.529562500,34.43577,0.1330713,30.470861,36.412872,38.404236,7.9333744,1.9832789,0.0,0.0,0.0,0.060777232,0.6990864,0.034079816,0.0426372,0.06596264,0.031882826,0.32112017,0.23819736,1.1318808,0.0,0.027684303,1.7792883,18.282963,0.60935575,-3.6365368,-4.5901656,7.198843,1.3518381,-9.447488,-1.3571469,0.056680433,0.026047563,1.6959078,0.23065053,6.7637258,0.34592614,11.323006,0.20571388,38.505882,0.3517954,1031.9866,0.10466057,1450.8673,0.108205445,-179.42032,-0.28183755,2103.15,0.028858075,1361.0964,0.1793558,-180.83914,-0.2607558,3106.3398,0.024093641,1223.4843,0.25048077,-181.5548,-0.24966894,-31.184204,-0.26202193,43.240253,0.23456608,0.057728,0.19900937,-0.015169112,-0.63357747,0.13759792,0.3720469,37.182304,0.114811525,23.379902,0.4139269,15.525616,0.2374241,-5.7377434,-1.6215764,-8.127615,17.750797,0.055803977,0.018154576,0.014634383,1.9607843,2.1739132,0.049999997,0.0,0.19,0.02,-41.048046
./StandardData/2021.0614.113740.wav,0 days,0 days 00:00:01.356062500,29.160776,0.044742584,28.081581,29.207691,30.258621,2.17704,211.06407,273.38983,12.1230545,16.665874,0.26648995,0.647079,0.10311685,0.22936946,0.45652825,0.3534114,3.0783083,2.4157863,2.558172,1.4231293,0.14014918,1.0382391,31.687296,0.5188449,22.226057,0.60128284,15.505808,0.8226515,16.680878,0.66797626,0.0132725425,1.0593215,0.87486994,1.1279874,8.799847,0.24844265,16.841429,0.2968434,43.811897,0.28687122,652.48157,0.4218723,1353.5782,0.09764556,-69.800606,-1.0593071,1764.9568,0.1629463,1278.4285,0.34861344,-82.607925,-0.76356894,2872.483,0.09591788,1032.449,0.2725006,-86.933426,-0.6988826,-29.293863,-0.25418687,41.870094,0.19915523,0.016814113,1.5357848,-0.003180344,-3.9500432,0.16998182,0.8901597,38.895355,0.304799,27.223066,0.27862987,18.68956,0.66293997,18.515171,0.5404481,-13.948759,25.580254,0.012538863,0.020922579,0.07484089,4.477612,3.8759692,0.182,0.12967652,0.0625,0.021650637,-23.862883
./StandardData/2021.0614.114435.wav,0 days,0 days 00:00:01.861125,29.518768,0.07720027,27.484642,29.188221,31.519577,4.034935,183.62712,106.297424,25.857517,13.368397,0.8482392,0.90061104,0.09615491,0.62542194,1.5914702,1.4953153,13.225217,6.338924,15.760567,12.989132,0.742013,1.1087779,31.949215,0.5490317,0.6342206,20.904558,-4.5876317,-3.221231,-16.066376,-0.82218564,0.028539432,1.25986,1.417626,0.85134894,6.351298,0.49181822,-1.5942795,-3.2174258,41.60875,0.29580927,637.3515,0.29339314,1399.526,0.10561855,-108.627556,-0.84295344,1715.5223,0.16481379,1143.7388,0.21999371,-111.91749,-0.73735505,2913.3037,0.09956937,1015.7385,0.24111567,-119.17181,-0.63675,-19.16527,-0.31117442,38.976845,0.23988968,0.06424541,0.26708698,-0.030646523,-0.6403575,1.1494098,0.61576205,45.806767,0.1969331,9.546321,0.8363484,-4.972331,-2.8146021,-15.054794,-0.85775137,-5.1580305,17.331022,0.04982839,0.00482451,0.37704957,3.783784,3.888889,0.11857142,0.08441878,0.11571428,0.0766918,-12.626146
./StandardData/2021.0714.094024.wav,0 days,0 days 00:00:01.310125,28.141539,0.11344002,24.98067,27.363804,31.776077,6.7954063,51.078083,52.639416,99.56458,68.167336,0.26648113,0.84672916,0.060680233,0.20093508,0.43582654,0.3751463,4.630059,2.553633,5.7721744,3.8144553,0.19112979,1.2426935,26.799831,0.5721565,15.432084,0.76084995,23.494698,0.66094494,-6.9230814,-1.9214404,0.025313057,0.76748794,1.4714938,0.8836821,5.9991193,0.42876434,11.67052,0.87338114,40.388046,0.37390095,677.2678,0.375332,1384.2183,0.1744771,-106.072655,-0.8120542,1744.4252,0.14509907,1163.5586,0.19258237,-113.61288,-0.67671007,2828.6594,0.078926675,1071.8634,0.22429913,-116.46867,-0.63776183,-24.11814,-0.44246972,35.82635,0.39432707,0.033497892,0.92155254,-0.0073625157,-2.0397866,0.24523997,0.84594744,34.121494,0.4117245,21.731638,0.4950877,21.633553,0.6907302,-1.9461304,-6.9091854,-12.253511,19.576977,0.047808215,0.0010936505,0.15327287,3.846154,3.2,0.1575,0.10034316,0.106,0.085930206,-26.294664
./StandardData/2021.0614.113923.wav,0 days,0 days 00:00:01.147937500,29.755993,0.078219056,27.373787,30.592659,32.248474,4.874687,25.710283,10.476575,44.812855,33.9181,0.9491792,0.96902716,0.12756509,0.5805802,1.6565479,1.5289829,25.810623,21.175957,18.25214,5.105866,1.016796,1.1153417,27.354107,0.4416677,15.107426,0.92345846,4.3345804,3.1241221,-16.596287,-1.0037448,0.028309757,0.97255975,1.7362715,0.7062156,5.426468,0.6609912,3.621486,2.2480342,30.122921,0.242365,584.6815,0.28339496,1423.9142,0.10277953,-107.85006,-0.8177043,1687.1536,0.16304389,1110.0475,0.23916855,-114.263664,-0.69029516,2770.163,0.07326548,1037.9298,0.575243,-115.3503,-0.6747306,-18.5704,-0.41682833,27.541775,0.40265146,0.045810215,0.27133253,-0.04412114,-0.4324177,1.5014737,0.8322972,31.731215,0.36952344,18.258282,0.72507334,5.311898,2.8652186,-23.821321,-0.46860066,-13.383436,25.490097,0.038181216,-0.0073097623,0.70850337,4.424779,5.6603775,0.07833333,0.043365374,0.094,0.059531502,-11.490036
./StandardData/2021.0616.114038.wav,0 days,0 days 00:00:00.988750,31.754688,0.028227612,31.366188,32.178585,32.440773,1.074585,16.754171,10.7300005,1.4285259,9.894651,0.43549937,0.9678365,0.054022282,0.25891137,0.8316093,0.77758706,4.357961,3.2344246,5.1494617,2.11605,0.32985643,1.3903129,30.605255,0.5953365,6.097275,3.1405945,-0.8815034,-27.199846,-24.479605,-0.567576,0.024283037,1.2599645,1.4615408,0.9512961,8.104858,0.39703438,8.6574135,0.8038845,46.48329,0.186348,675.52814,0.24892433,1400.821,0.13143001,-101.76797,-0.9209861,1785.4302,0.14136739,1232.7596,0.25476125,-115.67494,-0.69699097,2912.636,0.089748405,1059.3936,0.24217097,-118.57686,-0.65307,-25.81111,-0.3820613,38.724583,0.30561537,0.07607108,0.3065341,-0.03739179,-0.5041376,0.5807062,0.904711,43.840107,0.30395374,21.437302,0.5964801,6.524426,3.8102632,-26.186802,-0.64166445,-3.0358882,20.131323,0.06561086,0.0072797546,0.1056163,2.0618558,2.1739132,0.225,0.065,0.14,0.06377042,-19.756222
./StandardData/2021.0616.112511.wav,0 days,0 days 00:00:01.310187500,28.856182,0.013623717,28.46127,28.871613,29.163551,0.70228195,8.193264,2.712823,8.724959,2.4737258,0.42010093,0.76307,0.04598116,0.3988465,0.77549976,0.7295186,5.9581532,4.766234,4.7848783,1.7740654,0.16673166,0.92629707,33.731915,0.5715553,8.986628,1.9039469,0.038489576,526.81,-12.744849,-1.147294,0.010898459,1.2869735,1.0054185,0.8727189,8.072546,0.2689551,-2.4176602,-1.536159,42.87641,0.24071123,618.6071,0.27902907,1490.4795,0.11155119,-70.675224,-1.3207579,1655.9009,0.13953122,1252.8895,0.3619894,-83.83158,-0.99293834,2847.5562,0.06970928,1182.0157,0.26703838,-94.737114,-0.79078424,-20.059479,-0.49631056,38.85633,0.2479616,0.07368189,0.2860578,-0.029268047,-0.5142761,0.24580656,0.56005424,46.446423,0.20160289,14.863202,0.80472946,-6.713083,-3.1998792,-12.053507,-1.2911992,-6.6869783,14.468707,0.059350237,0.012059829,0.035714343,3.0769231,1.6,0.39999998,0.06,0.13333333,0.06798693,-24.685833
./StandardData/2021.0714.092123.wav,0 days,0 days 00:00:01.264249999,30.58672,0.050878175,29.318354,31.21414,31.99445,2.676096,12.926319,1.492399,10.365223,5.85548,0.53844655,0.8105096,0.07952148,0.46544623,1.0601355,0.980614,8.305633,6.062002,5.9323077,3.274219,0.2601227,1.0244747,31.941565,0.47209075,4.679486,2.5970283,-0.40343514,-33.52479,-15.595505,-0.7877782,0.01846261,1.1879835,1.1487021,0.6290743,7.2346325,0.48311037,-0.24740358,-19.453375,36.48395,0.36315265,650.36896,0.3224482,1418.9648,0.12894341,-70.35338,-1.3408325,1727.9028,0.17610146,1144.5225,0.27407426,-79.548904,-1.0699311,2825.4224,0.109968774,1082.8971,0.3270729,-87.43545,-0.9083088,-16.053738,-0.49743927,33.917183,0.2980719,0.080835745,0.30803207,-0.022556785,-0.84032124,0.3726622,0.7088631,39.888927,0.23986866,6.73165,1.7226465,-5.564386,-2.269747,-16.57683,-0.7038507,-7.1238947,18.283972,0.033270743,0.0009884465,0.06883967,4.0,0.8333334,0.78999996,0.0,0.19,0.13,-21.3432
./StandardData/2021.0614.014513.wav,0 days,0 days 00:00:01.447937500,33.34197,0.2283113,30.818024,31.88546,33.011074,2.1930504,1784.7693,1260.7037,377.09467,363.60046,0.52017266,0.82732487,0.058908373,0.4641709,0.9234433,0.864535,9.772814,4.312194,8.021757,4.193151,0.5494226,1.0817521,23.590326,0.85720277,9.051813,2.2318587,12.958641,1.1803741,-20.350191,-0.74265045,0.030219257,0.91632456,1.9886309,0.8134935,7.0273805,0.45250466,6.877431,0.99920243,42.950714,0.42371947,658.08356,0.32682055,1448.2722,0.28640518,-133.17273,-0.62149876,1843.2712,0.121595554,1252.7793,0.27995965,-136.08925,-0.5321972,2994.2336,0.045847435,1102.0859,0.39642072,-133.95773,-0.54387134,-23.3962,-0.77306646,32.38065,0.69107854,0.06367582,0.20256121,-0.028501311,-0.7480981,1.01214,0.5926955,36.7225,0.50459075,25.368074,0.45937398,17.74666,0.80636746,-22.31435,-0.55295825,-1.4944924,10.8842125,0.051266883,0.008769736,0.273452,4.895105,4.347826,0.085,0.059090327,0.105714284,0.07267484,-16.56702
./StandardData/2021.0614.113845.wav,0 days,0 days 00:00:00.183687500,26.543316,0.06160251,25.080372,26.823582,28.116009,3.035637,0.0,0.0,-0.6031878,0.0,0.073981024,0.33821124,0.04760066,0.07017889,0.1053957,0.057795037,1.0901647,0.0,-0.6271055,0.0,0.02489129,0.71659565,26.852318,0.23486666,18.883379,0.5421156,18.18786,0.6395917,20.431417,0.6868359,0.0,0.0,0.0,0.0,4.569031,0.24416411,4.4064517,0.78508335,35.848076,0.085143775,833.6776,0.30688834,1259.8368,0.0845394,-80.30508,-0.92900616,2071.945,0.13853961,951.93,0.16098715,-82.40176,-0.7842083,3206.4377,0.124010615,1101.9891,0.11826502,-85.86551,-0.728204,-21.050253,-0.39623687,26.30366,0.41580412,0.041289613,0.09459622,0.0034327358,1.3569508,0.039225746,0.40778506,24.902756,0.31004372,25.459267,0.31585196,28.688063,0.27006075,19.295063,0.84041977,-15.49926,29.469849,0.005174848,0.012196027,0.007142839,5.882353,9.090909,0.07,0.0,0.02,0.0,-47.01382
./StandardData/2021.0714.091922.wav,0 days,0 days 00:00:00.366250,0.0,0.0,0.0,0.0,0.0,0.0,0.0,0.0,0.0,0.0,0.4746102,1.0004516,0.24870446,0.3096979,0.4289835,0.18027905,14.2763405,15.545241,20.453354,19.233706,0.45354337,2.3567824,6.9874687,1.1230116,-16.21241,-0.40463552,-1.7628075,-2.660427,-18.36069,-0.24591103,0.0,0.0,0.0,0.0,0.0,0.0,0.0,0.0,0.0,0.0,0.0,0.0,0.0,0.0,-201.0,0.0,0.0,0.0,0.0,0.0,-201.0,0.0,0.0,0.0,0.0,0.0,-201.0,0.0,0.0,0.0,0.0,0.0,0.0,0.0,0.0,0.0,0.0,0.0,0.0,0.0,0.0,0.0,0.0,0.0,0.0,0.0,-0.44188812,8.12896,0.067244776,-0.0004340085,0.5260726,5.714286,0.0,0.0,0.0,0.29,0.0,-20.257584
./StandardData/2021.0606.145442.wav,0 days,0 days 00:00:02.136625,41.106895,0.16779307,34.89335,38.18037,49.666214,14.772865,41.67111,13.580467,47.912003,18.056135,1.0788492,0.68820596,0.23442277,1.0987875,1.7805792,1.5461564,12.198011,5.957819,6.061582,3.0120287,0.92385614,1.2715579,25.510368,0.48545107,-10.216825,-1.0874377,-23.553122,-0.873049,-37.249825,-0.49958715,0.025560468,1.8649061,0.910378,1.0210124,10.062167,0.37746128,5.5465183,2.9348667,33.378094,0.39139026,781.1671,0.25982544,1350.9463,0.20486656,-57.63607,-1.5345315,1746.3027,0.15517786,1221.9324,0.26867604,-63.17959,-1.190759,2926.6218,0.086898044,1075.5021,0.41539583,-74.096886,-0.927596,-8.984293,-0.9764894,30.808178,0.25011355,0.08117573,0.23027605,-0.02475804,-0.77434945,1.2209142,1.0004243,30.879814,0.27878654,-9.419926,-1.228511,-29.372581,-0.6838071,-40.545242,-0.48877096,-3.951511,14.382065,0.0873361,0.002754839,0.0382718,1.8867925,0.9661836,0.78499997,0.53499997,0.14999999,0.02828427,-14.2229395
./StandardData/2021.0606.145043.wav,0 days,0 days 00:00:00.528062500,35.71374,0.04681586,34.72578,35.23297,35.91716,1.1913795,16.39843,0.0,41.324703,21.900002,0.41777024,1.0047638,0.14258732,0.2233816,0.60424393,0.46165663,8.143204,5.37811,6.2622695,0.0,0.21889296,1.9193501,29.035,0.38082248,-9.199844,-1.8982031,-23.201508,-0.61433655,-18.692915,-0.34584287,0.01783113,0.70309293,1.3381765,0.56981224,5.460449,0.78140783,-4.772012,-1.4654288,32.130463,0.42529353,725.3677,0.2590004,1593.0448,0.13166776,-60.84048,-1.4299469,1626.508,0.13428311,1274.1122,0.21400084,-66.67359,-1.1762621,2903.6272,0.07762353,995.9334,0.16282043,-83.90147,-0.80575126,-8.602391,-0.61045194,32.914047,0.21975175,0.076911926,0.17339303,-0.005563779,-2.06573,0.16733927,1.3834205,34.92664,0.24170503,-2.661036,-3.0568798,-25.10529,-0.651977,-21.220922,-0.27738854,-6.8847876,26.570335,0.06666654,-0.002606369,0.43367082,1.9607843,6.818182,0.09333333,0.083399974,0.055,0.005,-26.619764
./StandardData/2021.0606.145417.wav,0 days,0 days 00:00:01.034687500,30.020618,0.0696405,27.588978,30.424255,32.276295,4.687317,24.486828,0.0,100.96776,0.0,0.30807802,1.683629,0.05048537,0.095295824,0.4207699,0.37028453,31.430176,32.078957,14.82725,7.118811,0.25797996,2.2441084,24.476,0.38300067,-1.1243275,-11.91851,2.7603626,5.544153,-10.584535,-1.0228574,0.032845214,0.19146031,1.7980258,0.6875329,4.853869,0.28473532,-2.8698604,-1.0755112,21.196316,0.2783284,616.0678,0.542965,1287.2076,0.10502966,-185.2174,-0.22897232,1649.2372,0.18319027,1196.9205,0.09863074,-186.63889,-0.20563596,2467.2368,0.14694788,1214.8964,0.1459839,-186.83539,-0.20213544,-12.664473,-0.21842834,26.617992,0.12553522,0.043023996,0.5643716,0.0025232234,5.192667,0.017535264,0.7386959,25.684788,0.37652093,5.204012,1.7588979,11.647945,1.2946974,0.24447767,23.82442,-9.353632,23.67997,0.048265096,0.0009729882,0.2967824,3.9215686,2.0618558,0.02,0.0,0.21249999,0.09337424,-24.312145
./StandardData/2021.0606.144931.wav,0 days,0 days 00:00:00.365187500,0.0,0.0,0.0,0.0,0.0,0.0,0.0,0.0,0.0,0.0,0.43353572,1.055492,0.22132206,0.2679167,0.41338167,0.1920596,9.944517,9.595363,16.173067,14.03292,0.48316312,2.4732976,8.446289,0.89828545,-16.962036,-0.40481368,-2.8715343,-1.6589475,-21.099655,-0.24693313,0.0,0.0,0.0,0.0,0.0,0.0,0.0,0.0,0.0,0.0,0.0,0.0,0.0,0.0,-201.0,0.0,0.0,0.0,0.0,0.0,-201.0,0.0,0.0,0.0,0.0,0.0,-201.0,0.0,0.0,0.0,0.0,0.0,0.0,0.0,0.0,0.0,0.0,0.0,0.0,0.0,0.0,0.0,0.0,0.0,0.0,0.0,-0.84866554,8.562781,0.07661476,0.0016096745,0.5668108,5.714286,0.0,0.0,0.0,0.29,0.0,-20.486427
./StandardData/2021.0714.095518.wav,0 days,0 days 00:00:01.264249999,28.508205,0.17701931,23.467747,26.170383,34.31916,10.851414,24.712475,25.307425,37.96275,0.0,0.17370696,0.9344379,0.04208104,0.14271641,0.25896418,0.21688314,2.752795,0.9967522,3.084126,2.0490482,0.10420567,1.2203838,27.133947,0.651879,10.90317,1.1702231,11.215106,1.4191031,-2.4217138,-5.4941983,0.039657112,1.082606,2.177418,0.74842054,4.3513775,0.4791006,6.7505765,1.042433,39.14752,0.28500915,734.49176,0.34682786,1420.4232,0.19384721,-112.738144,-0.7557958,1832.6757,0.16606387,1175.3218,0.24785559,-119.62398,-0.65065986,2938.2703,0.11408723,1164.5027,0.24246027,-123.99637,-0.59377694,-22.621904,-0.35529768,38.56973,0.24635337,0.035923615,0.87817687,-0.006411202,-3.121458,0.15716568,0.71917516,38.16729,0.27994078,17.939533,0.6032438,14.195565,1.2176036,3.090712,3.9220304,-8.384426,19.60517,0.046183046,0.009460036,0.06070789,4.0,4.166667,0.106,0.024166092,0.09333333,0.06599663,-32.661087
./StandardData/2021.0714.094339.wav,0 days,0 days 00:00:03.881500,27.145035,0.05171773,25.723778,27.45211,28.280006,2.5562286,44.75018,38.796062,19.501368,8.832294,0.30453795,0.72749037,0.097487904,0.25563356,0.48671725,0.38922936,5.284944,3.9901648,4.0614333,2.8789015,0.1977643,1.1277894,32.418175,0.4563872,20.973969,0.5060685,21.323069,0.6690512,-3.5470068,-4.537197,0.019152358,0.7135289,1.4207339,0.7570109,6.190846,0.36283022,6.324896,1.2460083,44.71956,0.27938396,659.7172,0.29173657,1398.1337,0.1259944,-87.550354,-0.9828519,1814.9724,0.13102672,1203.0421,0.23873277,-100.18639,-0.74354947,2915.687,0.07966001,1147.092,0.26393837,-104.110954,-0.6856688,-29.187252,-0.26373795,40.502583,0.21044962,0.03695307,0.7763576,-0.022865232,-1.1118324,0.26145482,0.9006814,39.207466,0.2596843,26.387,0.32797754,19.97152,0.77343976,-3.8423007,-4.535047,-15.154427,24.80491,0.02417509,0.0036593436,0.105462804,4.392765,3.6745408,0.15714285,0.114668995,0.10916667,0.06129958,-25.175158
./StandardData/2021.0614.113843.wav,0 days,0 days 00:00:00.667375,31.287357,0.08010666,28.201008,31.446022,33.912106,5.7110977,26.398842,0.62371266,31.643261,0.0,0.10986393,0.7725291,0.031913556,0.09486874,0.14547217,0.11355861,0.96341276,0.40191573,1.9653263,1.2318527,0.07356607,1.6882026,31.077078,0.46635997,6.2084637,3.1003437,10.081694,1.356457,-1.0610069,-13.479419,0.023303634,0.6656482,1.4631506,0.60518485,7.7540708,0.27134144,11.861922,0.715252,37.45958,0.422354,729.5021,0.35088864,1431.0641,0.1338345,-84.301544,-0.9554379,1762.4727,0.1575057,1283.508,0.13915166,-91.74351,-0.7873937,2903.2383,0.08062715,1078.201,0.28075346,-97.54183,-0.6904093,-25.105507,-0.363666,41.684628,0.23517272,0.035865806,0.6177654,0.008266914,1.7516032,0.11456899,1.2538906,38.66924,0.22914098,17.268963,0.6749127,18.216358,0.5755878,6.419493,1.2324004,-1.0552974,11.897542,0.071174815,0.022656465,0.003906483,4.6153846,3.3898306,0.19,0.02,0.16,0.0,-32.093567
./StandardData/2021.0614.113822.wav,0 days,0 days 00:00:00.621375,31.205187,0.07223909,28.697767,32.13834,33.52888,4.831114,66.61733,0.0,-6.664231,11.669626,0.17450501,0.8525288,0.02870267,0.15256162,0.28819963,0.25949696,2.9351377,2.6271715,4.411311,1.8520728,0.15386863,1.4631599,14.705935,1.3317146,15.748056,1.8224287,12.065167,0.863885,4.9031415,2.6929474,0.027862046,0.7373054,1.9882146,0.8035537,7.286615,0.41403157,15.9466,0.50110686,51.787174,0.22822599,720.0995,0.32130694,1374.1013,0.06952749,-131.51852,-0.62134254,1842.2616,0.11281258,1277.2161,0.10680227,-138.96729,-0.5096583,2920.0708,0.07019364,1223.9838,0.18018147,-142.35551,-0.4687045,-33.33799,-0.33549044,44.306778,0.28151974,0.025036864,0.6377581,-0.0048502563,-2.5935068,0.3841814,0.6098127,36.294186,0.26365706,33.905045,0.49873832,22.11213,0.34524626,12.235407,0.7403248,1.0989072,7.086867,0.044354286,0.02888554,0.02332344,4.9180326,1.8867925,0.21,0.0,0.145,0.044999998,-26.112001
./StandardData/2021.0606.145047.wav,0 days,0 days 00:00:01.264249999,35.65416,0.22141029,29.050335,38.40983,43.022964,13.97263,219.52869,13.021233,63.46948,56.624863,0.30970246,1.060177,0.06162076,0.21381168,0.5115031,0.44988233,2.6083262,1.0556555,3.3418121,0.13033974,0.17398766,1.3314563,20.372824,0.54836637,-6.030833,-2.5154731,-13.360286,-0.8434321,-34.22884,-0.40548187,0.14389013,1.2679919,2.1178737,0.50637245,5.135197,0.5406865,5.689375,1.6447314,28.859818,0.29637587,833.6682,0.14187635,1243.9221,0.19533855,-132.11012,-0.701069,1923.907,0.12568013,1010.9292,0.1943478,-137.65791,-0.6013742,3008.9324,0.09088182,890.21844,0.30181327,-138.60558,-0.58732605,-18.117908,-0.46185794,27.217049,0.34189785,0.10415345,0.1436676,-0.04193008,-0.47148883,0.23897246,1.0918132,27.676937,0.31954032,3.9693768,3.9619503,-11.672994,-0.79585016,-41.824814,-0.34046945,-6.5365467,18.502459,0.092394866,-0.010896583,0.15352799,1.6,2.5000002,0.13,0.014142135,0.185,0.1275735,-29.012594
./StandardData/2021.0714.094006.wav,0 days,0 days 00:00:00.988750,30.680704,0.24046627,24.445196,31.824062,32.7146,8.269403,86.900215,48.702858,203.18246,0.0,0.2712278,1.2185022,0.053152107,0.14613123,0.40564415,0.35249203,6.879282,6.7334266,2.1544702,1.7229223,0.29206857,2.152571,23.52166,0.56800896,2.9638786,6.4574904,3.178253,6.3899035,-21.899971,-0.59198725,0.026266623,1.0604093,1.9115571,0.7951518,5.395602,0.39642656,12.821973,0.7244491,40.442493,0.15295845,719.3855,0.30757436,1347.9017,0.11028328,-153.18318,-0.47072434,1768.2864,0.15527359,1169.5249,0.09402172,-156.68874,-0.4225521,2865.1926,0.087604895,1033.6965,0.15483639,-157.80568,-0.4023992,-20.761843,-0.56158036,33.38835,0.4061523,0.047884528,0.65419865,-0.019800868,-1.1770626,0.37026212,1.4070486,34.270992,0.33203653,17.98892,0.6968933,10.5318775,1.9288801,-19.030893,-0.72681105,-8.316545,21.142597,0.06564117,9.56869e-05,0.28614563,3.0927837,4.3478265,0.0525,0.0349106,0.1525,0.0553963,-22.841234
./StandardData/2021.0514.145714.wav,0 days,0 days 00:00:01.631562500,28.882534,0.062222663,27.430058,28.048893,31.043125,3.6130676,19.765316,9.711613,32.72799,31.712132,0.19779752,0.71455795,0.07706858,0.14378531,0.30093837,0.22386979,2.0826852,1.0717189,1.9077044,0.8887216,0.10378909,0.91242623,23.971582,0.3730054,21.31189,0.5667121,15.685447,0.6277393,7.2447233,2.2967746,0.023022218,0.74525577,1.3805695,0.7541031,8.574025,0.15475543,6.7870555,1.141394,22.946312,0.47630313,845.3902,0.28644896,1287.3318,0.1572559,-105.96524,-0.75212425,1887.7539,0.13585326,1137.6919,0.19693848,-110.12707,-0.6704553,2990.8215,0.08324424,967.80615,0.2628243,-113.48644,-0.6243791,-24.798162,-0.29315752,37.879314,0.26453856,-0.04002528,-0.575779,-0.0012749982,-8.536281,0.13732217,0.59596574,26.391459,0.37144446,26.081985,0.40597862,17.289654,0.56158596,16.673891,0.66194946,-19.527878,29.743067,-0.026189003,-0.0040804236,0.06622493,2.4691358,3.1847136,0.17,0.11558547,0.12,0.07127412,-27.569668
./StandardData/2021.0606.145216.wav,0 days,0 days 00:00:00.433687500,0.0,0.0,0.0,0.0,0.0,0.0,0.0,0.0,0.0,0.0,0.8803547,1.1870602,0.11042716,0.4333365,1.4745827,1.3641555,32.485256,29.230724,56.555294,49.579456,1.2600017,1.4130154,19.123142,0.6382024,-0.6528517,-23.674393,-0.7467354,-12.812196,-12.009736,-0.89679426,0.0,0.0,0.0,0.0,0.0,0.0,0.0,0.0,0.0,0.0,0.0,0.0,0.0,0.0,-201.0,0.0,0.0,0.0,0.0,0.0,-201.0,0.0,0.0,0.0,0.0,0.0,-201.0,0.0,0.0,0.0,0.0,0.0,0.0,0.0,0.0,0.0,0.0,0.0,0.0,0.0,0.0,0.0,0.0,0.0,0.0,0.0,-7.060016,17.50267,0.036538124,-0.0053397873,1.4758343,4.7619047,0.0,0.0,0.0,0.35999998,0.0,-15.483399
./StandardData/2021.0714.092510.wav,0 days,0 days 00:00:00.896937500,28.923565,0.05917269,27.391113,28.221418,30.868162,3.4770489,50.479454,0.0,-15.754635,17.166615,0.3303492,1.1054896,0.034292564,0.17339838,0.630365,0.59607244,3.9566946,3.3431408,4.862832,0.30212831,0.22054642,1.3808095,28.728283,0.58532435,1.0152147,16.780525,6.8324056,1.8799394,-0.39159712,-37.799816,0.025499195,0.8502432,1.2535881,0.7477084,5.917877,0.45425892,7.153069,0.8215064,42.399002,0.21809861,778.8864,0.227646,1394.7734,0.13911583,-123.44021,-0.733759,1815.2512,0.09674599,1232.018,0.34591094,-127.432976,-0.66382736,2909.6025,0.08394217,1172.9746,0.19610599,-134.05031,-0.5738802,-22.630049,-0.45036328,36.211014,0.27812538,0.036277194,1.047332,-0.01675273,-1.1858232,0.4276354,0.8094555,41.766785,0.28608558,9.24894,1.7588987,7.142961,2.3649054,6.983631,1.6540165,-7.5413647,18.13073,0.05254323,0.0018863075,0.09159386,2.2727273,1.2048193,0.34,0.0,0.22999999,0.049999997,-22.960155
./StandardData/2021.0707.084903.wav,0 days,0 days 00:00:00.437750,55.161278,8.145383e-05,55.157677,55.16114,55.1649,0.0072250366,0.472641,0.0,0.16946793,0.0,0.07932745,0.82654,0.04345048,0.054426033,0.07969074,0.03624026,0.43807736,0.40224513,3.175151,0.0,0.03510649,1.8716229,24.313122,0.32287082,-6.419624,-1.1183642,-3.2727916,-3.3323972,-18.565306,-0.76126516,0.06278621,0.17476813,1.7576885,0.0746708,10.537406,0.122722596,5.680494,0.34477243,11.856055,0.72988695,868.80664,0.03021869,1227.6738,0.09501375,-201.0,0.0,2029.7859,0.020400178,1111.6646,0.06320295,-167.64539,-0.35004824,3036.2983,0.03534631,926.24005,0.07583972,-168.9527,-0.33301792,-23.98062,-0.38354823,37.72451,0.2796579,0.05044416,0.6030289,-0.022525627,-0.9715164,0.14153983,0.6584229,34.62713,0.15200712,-1.0770721,-5.7574315,-16.411423,-0.86923105,-29.202902,-0.6683322,-7.337246,17.692299,0.059659995,0.011277812,0.00906735,2.3809524,2.7027028,0.07,0.0,0.13499999,0.085,-41.43319
./StandardData/2021.0616.113658.wav,0 days,0 days 00:00:01.310187500,30.763695,0.0566928,29.36884,31.049982,32.530216,3.161377,35.044796,14.602181,8.113841,7.003105,0.5342081,0.7879602,0.057097588,0.4787095,1.041411,0.9843134,8.576516,5.367323,5.7930512,3.6774383,0.31498176,0.9916566,32.303337,0.55366933,6.674466,2.4171665,-1.0645701,-9.724448,-16.345615,-0.99002457,0.014504649,0.8238273,1.2945484,0.71119386,7.889041,0.38459268,-0.38178223,-9.271714,38.73488,0.41546682,630.43774,0.34051284,1383.4099,0.15232539,-70.340576,-1.3133876,1695.1246,0.17247121,1154.3055,0.18548875,-82.081825,-0.990255,2820.7751,0.093434386,1024.9849,0.32218874,-88.63464,-0.8653442,-20.536774,-0.39440364,34.996098,0.2916929,0.07855071,0.3441284,-0.02776312,-0.8051202,0.412557,0.634037,40.918026,0.27155995,12.185238,0.96686417,-3.045434,-3.710417,-14.251247,-0.973602,-5.5290775,16.831924,0.06096067,0.0014299012,0.15359543,4.6153846,1.6,0.41,0.38,0.12666667,0.059066813,-19.83891
./StandardData/2021.0707.084540.wav,0 days,0 days 00:00:01.561187500,28.13693,0.19684358,26.98891,27.264748,27.442957,0.45404625,92.52675,43.519943,40.60827,0.0,0.63927454,0.5459396,0.28517088,0.69876,1.0262997,0.7411288,7.961746,4.1393156,6.011412,5.214057,0.22368944,0.7960842,23.780846,0.61912435,18.607931,0.77390766,26.891735,0.4752872,2.6111588,8.220008,0.009998918,1.2857538,0.67049354,1.0300072,8.103502,0.2599357,4.185673,2.4225237,23.253197,0.528578,641.5794,0.37763947,1394.293,0.19195476,-60.795067,-1.286495,1739.7468,0.15977874,1302.1344,0.47931325,-72.12466,-0.9534821,2688.2185,0.09502144,870.213,0.43934643,-68.05849,-1.014521,-19.79106,-0.4197873,24.102757,0.36327052,0.021119218,1.3277876,-0.026134867,-0.83659035,0.26149046,0.6815671,27.281288,0.48242682,25.14368,0.30614552,25.875687,0.53638804,-2.0777557,-9.608049,-6.1583467,10.860607,-0.01058456,0.006345683,0.13630815,2.5806453,2.6666667,0.275,0.2216416,0.09666667,0.088065624,-20.921654
./StandardData/2021.0707.084551.wav,0 days,0 days 00:00:01.447937500,28.39138,0.1276182,24.518248,28.332512,32.732147,8.2139,35.486095,8.486456,32.95849,4.676346,1.006014,1.006925,0.09568,0.5416359,2.0133529,1.9176729,24.625633,13.885167,28.696604,15.8738985,0.95364976,1.242346,25.410116,0.40365127,4.359074,4.1220026,6.3200464,1.9415354,-13.699104,-0.8978592,0.02853532,1.2422695,1.6625034,0.7221401,5.5323386,0.6078363,-1.0929103,-5.8187003,28.163574,0.28459504,660.59753,0.2128448,1450.3314,0.18157133,-73.77801,-1.2413198,1736.3771,0.12097163,1210.4847,0.18656474,-85.01893,-0.9686179,2817.3843,0.07164962,868.68744,0.29500782,-86.44123,-0.93993545,-19.662083,-0.3455391,28.39685,0.2698302,0.04175576,0.59142107,-0.041674413,-0.40971917,1.5025557,0.7922503,31.141502,0.2375099,14.985293,0.79587394,5.8593044,2.1816223,-18.24169,-0.6413257,-1.9271244,10.175343,0.049404815,0.01797166,0.022333415,3.4965036,1.4492754,0.44,0.39999998,0.14999999,0.09201449,-11.173933
./StandardData/2021.0614.114614.wav,0 days,0 days 00:00:00.483687500,50.12798,0.0035253281,49.956806,50.11038,50.306744,0.34993744,0.08130518,0.0,0.0,0.0,0.09776655,0.8313795,0.044182923,0.06091602,0.14417647,0.09999354,3.6246502,2.4753969,3.234764,2.8034728,0.035058167,1.2640749,23.77483,0.32748082,-16.392485,-0.6634562,-5.4784565,-2.1984198,-15.050746,-0.46857014,0.0628569,0.28659526,1.5791646,0.40949377,9.920816,0.11734886,15.29982,0.16093276,26.73471,0.12339877,1032.9404,0.058763612,1082.6672,0.05077387,-175.08362,-0.32990056,1992.073,0.09721495,1231.685,0.13995835,-177.9164,-0.28776765,3009.5444,0.06635114,1778.6565,0.69657356,-178.87544,-0.27466968,-8.060653,-1.0440542,32.01867,0.28359458,0.10982023,0.10449925,0.0066451197,2.1733415,0.060208865,0.4336163,30.895332,0.21786097,-18.834784,-0.43580845,-18.169788,-0.15521964,-23.658878,-0.197826,-3.2854877,18.043459,0.07083223,0.016142169,0.036259342,6.382979,2.3809524,0.049999997,0.0,0.17,0.08,-45.541313
./StandardData/2021.0514.145800.wav,0 days,0 days 00:00:01.402000,29.970366,0.15019134,29.401558,31.676239,32.33498,2.933422,92.25847,57.00179,45.48106,35.109417,0.1832259,0.5281855,0.083796605,0.1638544,0.26901376,0.18521716,1.604019,0.72130036,1.5668796,0.94278127,0.0918773,0.6518711,23.530174,0.5967565,25.858261,0.43928614,18.657824,0.733057,-0.32740688,-37.777287,0.029912457,1.4371542,1.3755895,0.5762428,7.5789332,0.38269496,10.363032,0.71602935,30.88749,0.34274784,797.3782,0.26622796,1415.4708,0.13464074,-110.687614,-0.71559584,1924.5887,0.11412471,1167.7982,0.28265563,-114.61349,-0.617818,2994.8174,0.07708446,1147.6888,0.32398584,-113.951324,-0.62313557,-26.243135,-0.3423876,36.53851,0.30281103,-0.013474283,-1.6416618,-0.013823887,-1.2061054,0.12562945,0.38317272,28.192469,0.50493425,31.998993,0.18187997,22.127796,0.5663185,4.8907223,2.3357353,-17.318794,25.199144,-0.01950111,-0.0065611578,0.054702457,3.5971224,3.7313435,0.14199999,0.106658325,0.086666666,0.04784233,-31.698315
./StandardData/2021.0614.114523.wav,0 days,0 days 00:00:03.376437500,28.814049,0.08841301,26.669258,28.511627,31.43267,4.7634125,77.213646,83.307655,20.388136,12.280078,0.58345747,0.85748595,0.17588823,0.44950536,0.9377341,0.7618459,12.729207,5.4878697,13.328365,5.4769654,0.42972013,0.98581827,37.392002,0.38162163,8.117663,1.9499688,3.8079326,4.4414153,-5.7183013,-2.734828,0.022455452,1.0760657,1.6250826,0.8124994,6.1333966,0.41223633,6.082117,1.4538993,38.66039,0.27151793,644.6977,0.3223271,1452.8566,0.14322227,-63.673576,-1.2316905,1660.2239,0.17258655,1222.1267,0.2627312,-73.87293,-0.9664521,2826.5679,0.08906515,1062.8098,0.33333325,-83.9035,-0.7754446,-20.059933,-0.55618846,38.591503,0.26996553,0.036945708,0.7954801,-0.01709669,-1.184016,0.5090794,0.84119827,43.88515,0.19184655,11.78967,1.2639384,3.838173,4.8951445,-3.6982546,-4.61447,-6.9160433,18.17172,0.05133787,0.0074703447,0.22895817,4.7619047,3.030303,0.234,0.25136426,0.076,0.03527038,-20.004324
./StandardData/2021.0616.113745.wav,0 days,0 days 00:00:01.815250,30.460917,0.07263005,29.455235,31.270432,32.202255,2.7470207,17.114708,10.068009,31.182087,3.2441292,0.44098088,0.92969877,0.04993812,0.27951846,0.9485258,0.89858764,8.385663,5.769248,6.2130194,3.9077113,0.2747105,1.0932978,29.825827,0.6015999,12.872443,1.3050292,8.127477,2.3203206,-14.8089695,-1.1809795,0.018054293,0.86645997,1.221106,0.97196174,7.317391,0.36067384,5.4273257,1.0647599,45.695694,0.19764677,708.1537,0.2880596,1401.7045,0.11638818,-86.684944,-1.0609396,1778.5472,0.1429557,1189.2697,0.25710025,-97.9611,-0.8109601,2903.6528,0.08435085,1044.9707,0.24720068,-101.62944,-0.7466844,-24.215752,-0.38386533,37.28762,0.30698386,0.06699686,0.3654913,-0.035084303,-0.75960654,0.4095497,0.67615646,40.697968,0.30812925,19.566742,0.6404532,4.7611856,4.6168685,-17.64814,-0.95722574,-8.65282,15.569935,0.06799679,0.00961804,0.08081499,2.777778,2.2857144,0.2575,0.21649191,0.155,0.03905125,-20.416199
./StandardData/2021.0606.145107.wav,0 days,0 days 00:00:02.021875,37.3167,0.1635759,32.809193,37.772335,43.299454,10.490261,43.737446,22.481937,59.490093,49.048344,0.71608204,0.98301536,0.05456589,0.5621302,1.2662467,1.2116808,14.208379,8.254896,19.16754,12.895759,0.3683531,1.3222142,24.978424,0.65094244,-1.8707876,-7.4438653,-11.009905,-1.8385712,-19.551428,-0.79653883,0.017372431,1.4019828,1.0789796,0.9574611,8.977293,0.4801091,5.6518393,1.3913059,33.63015,0.46854478,784.81165,0.21286495,1400.2424,0.19857387,-83.07352,-1.0863998,1842.7561,0.12550008,1126.4427,0.27092585,-90.278336,-0.8977627,2883.2068,0.100562096,1113.7903,0.26765174,-96.50443,-0.79480016,-15.704024,-0.5869783,28.669743,0.48726985,0.07273282,0.35609332,-0.025068916,-0.8215276,0.54553384,0.9948242,31.5937,0.42185366,-1.7090065,-8.754536,-15.42124,-1.4057906,-20.37004,-0.8505135,-7.399067,16.979784,0.08237268,0.0022055656,0.09021231,2.4875622,3.0612247,0.195,0.08770215,0.10833333,0.076467134,-18.315697
./StandardData/2021.0606.145458.wav,0 days,0 days 00:00:00.896937500,40.647755,0.16011672,36.7218,40.149296,47.085854,10.364052,2.6422749,26.972246,80.64098,0.0,0.18111165,0.8537353,0.05837302,0.12935144,0.28731987,0.22894685,6.3470616,7.837319,2.4269364,0.9378824,0.12237209,1.7575102,24.009401,0.47549507,-3.8004854,-3.585437,-7.5380116,-1.841024,-20.323061,-0.5856759,0.028734887,0.7591014,1.478728,0.7666501,10.76337,0.3366345,13.914479,0.4399847,28.856049,0.35286668,900.65576,0.13715458,1312.7642,0.13541952,-118.64803,-0.709426,1993.5156,0.06394994,1058.6561,0.15473582,-123.41446,-0.6354924,3108.3801,0.05976064,1110.8165,0.24250868,-127.35411,-0.58523303,-25.64983,-0.24534392,38.004005,0.18887967,0.092608884,0.3910744,-0.015294827,-0.7133264,0.15636554,0.5704755,32.14749,0.18640785,3.923276,3.709958,-5.8366833,-3.0222738,-22.769821,-0.64800656,-7.705375,21.535189,0.052391622,0.0014521122,0.10575181,3.409091,2.4096386,0.185,0.155,0.13666667,0.044969123,-30.928461
./StandardData/2021.0606.145215.wav,0 days,0 days 00:00:00.552562500,54.334885,0.00015559008,54.32772,54.33383,54.34163,0.013908386,0.0,0.0,-0.005548477,0.0,0.21407616,1.0508999,0.06483385,0.089249335,0.4432348,0.37840095,7.2036953,4.453853,4.108749,2.4334111,0.0879633,1.3470551,18.703,0.62375164,1.3395866,6.719833,0.3943973,16.32219,-13.567695,-0.69749856,0.04291313,0.49978018,1.6847935,0.4437586,9.870355,0.05206086,7.6969533,0.1955827,2.97323,0.30417228,589.0293,0.25284868,1249.7784,0.075964145,-197.91533,-0.07461697,1695.9269,0.09251084,1223.853,0.09035426,-191.1042,-0.18374534,2764.8584,0.021232449,876.6688,0.045797274,-187.75368,-0.20580685,-20.384178,-0.1387586,33.55655,0.074144386,0.04514171,0.19995199,-0.025548048,-0.06539761,0.24714881,0.58859223,26.005661,0.100374006,1.6004188,2.8930426,-4.4938617,-0.39638925,-29.02125,-0.04160881,-8.189215,18.796837,0.05647473,0.0046870625,0.08003173,3.7037039,2.0408163,0.03,0.0,0.21499999,0.114999995,-37.751553
./StandardData/2021.0606.145420.wav,0 days,0 days 00:00:01.103562500,55.130688,0.00065834145,55.10391,55.126324,55.17002,0.06611252,1.7626762,0.4862734,11.177826,0.0,0.24473277,1.6873575,0.054179132,0.088594675,0.3122887,0.25810957,11.871377,6.8277473,11.087525,6.2552876,0.20789175,2.8200798,20.051888,0.44815695,-3.3862133,-3.4393144,0.16997781,65.47698,-17.559464,-0.5758992,0.037464816,0.09461485,1.8235745,0.39302194,9.6791935,0.34226662,4.95371,1.0437737,5.377205,1.0453962,689.10297,0.34047112,1304.8154,0.054176122,-201.0,0.0,1726.206,0.11456101,1191.6876,0.048971746,-187.1221,-0.21151869,2707.53,0.11749855,1273.7496,0.2708196,-187.15535,-0.21098678,-16.243555,-0.5511053,29.467379,0.43185917,0.04599101,0.14487302,-0.022298815,-0.952803,0.16343208,0.57041794,24.925442,0.28873557,-10.336616,-0.5440012,-14.410883,-0.9907978,-27.846966,-0.47200757,-8.365057,19.520527,0.051518783,0.004123307,0.2237544,4.587156,1.923077,0.035,0.015,0.30666664,0.06944222,-27.37712
./StandardData/2021.0525.102742.wav,0 days,0 days 00:00:00.988750,30.86573,0.02957619,29.773603,31.239313,31.739946,1.9663429,30.611343,23.193054,5.371466,6.1551323,0.34856504,1.0952379,0.032425098,0.1209471,0.7538104,0.7213853,4.637115,1.7954243,4.768303,0.04431653,0.27243286,1.454607,28.394157,0.700186,7.288831,2.6368387,4.271121,4.7234626,-16.470575,-0.73972875,0.016989311,1.1480796,1.6986743,0.8421709,7.1445336,0.5523212,9.21949,0.7625142,49.175823,0.29287687,617.18335,0.39136752,1339.732,0.14408366,-98.861145,-0.947139,1626.1179,0.19261464,1203.8201,0.22000496,-105.746704,-0.8121747,2791.4832,0.08058322,1048.9082,0.18009783,-114.59352,-0.66618544,-21.358969,-0.6528499,40.678257,0.35238355,0.06894863,0.28030676,-0.026008025,-0.6562828,0.49945524,0.8771086,43.35587,0.3346813,16.804527,0.8952718,-0.8468234,-27.139462,-16.870426,-0.811258,-7.2199216,14.911576,0.06641544,0.01643317,0.034306612,2.0618558,2.1739132,0.24,0.01,0.13,0.0697615,-20.484175
./StandardData/2021.0707.084230.wav,0 days,0 days 00:00:00.321437500,0.0,0.0,0.0,0.0,0.0,0.0,0.0,0.0,0.0,0.0,0.48117444,1.1761507,0.23620383,0.27501503,0.40087616,0.16467233,49.690117,34.84522,8.957331,0.0,0.5940266,2.4595892,4.6970487,1.3475161,-16.29951,-0.27930716,-3.7481208,-1.1445074,-19.88769,-0.291788,0.0,0.0,0.0,0.0,0.0,0.0,0.0,0.0,0.0,0.0,0.0,0.0,0.0,0.0,-201.0,0.0,0.0,0.0,0.0,0.0,-201.0,0.0,0.0,0.0,0.0,0.0,-201.0,0.0,0.0,0.0,0.0,0.0,0.0,0.0,0.0,0.0,0.0,0.0,0.0,0.0,0.0,0.0,0.0,0.0,0.0,0.0,0.11138971,6.7745914,0.07675687,0.0022421265,0.7777673,3.2258065,0.0,0.0,0.0,0.25,0.0,-20.025103
./StandardData/2021.0707.084855.wav,0 days,0 days 00:00:01.907062500,31.69658,0.17503098,29.02862,30.86975,33.932667,4.904047,128.16464,30.038845,35.674355,19.34986,1.5308102,0.915199,0.086104,1.2555057,2.988258,2.902154,38.0337,23.545021,38.528812,29.007563,1.6684654,1.0496705,23.45614,0.6482833,11.827999,1.5715142,7.005816,1.8506134,-29.80116,-0.50081927,0.021857673,1.1342974,1.7891589,0.79313415,5.7250795,0.7006377,3.5859017,2.495131,33.953865,0.42186552,711.2618,0.30646196,1390.0503,0.20097996,-91.42267,-0.9863142,1818.7034,0.12706035,1213.8171,0.2254886,-96.84076,-0.82978165,2916.2144,0.066094905,1024.8252,0.26108393,-98.982605,-0.7891549,-17.84375,-0.7254132,26.087729,0.55170155,0.044734415,0.329312,-0.038479686,-0.5350872,2.3343396,0.7272643,28.303125,0.548286,16.828632,1.0029511,8.840902,1.4131011,-28.303976,-0.47836304,-8.7602825,15.84963,0.055365168,-0.014971856,0.80482584,4.2328043,3.804348,0.14714286,0.089397065,0.10666667,0.062360957,-8.296592
./StandardData/2021.0707.084602.wav,0 days,0 days 00:00:01.585687500,30.344795,0.14447643,26.774334,28.453186,35.11641,8.342075,69.25767,25.228336,77.27284,51.427948,0.7582813,0.9383871,0.081100926,0.5879391,1.2666095,1.1855086,15.521558,11.596817,13.96273,8.879506,0.5834289,1.2004867,26.418463,0.4931234,8.493153,1.8640792,2.2327068,6.4233623,-17.900467,-0.81557137,0.03190418,0.89234525,1.3999636,0.7627552,5.3335114,0.5435156,5.2298946,1.3741565,31.122202,0.30688125,643.4837,0.26432833,1387.1891,0.15853567,-89.09073,-1.0146859,1704.9916,0.13593507,1183.2213,0.26888192,-97.096725,-0.8370956,2794.1582,0.0680497,794.7225,0.33718082,-98.68363,-0.8117025,-17.276035,-0.41888592,26.33774,0.32541913,0.048092265,0.5037138,-0.03847537,-0.5669075,0.8863323,0.8761048,30.750902,0.4089961,14.937467,0.64473397,6.83621,2.1755097,-20.396994,-0.7720939,-8.413392,20.045843,0.046955902,-0.010406672,0.19838992,3.8216562,3.2894738,0.17,0.17776388,0.11,0.05329165,-16.171711
./StandardData/2021.0714.094335.wav,0 days,0 days 00:00:01.080562500,25.497023,0.056190275,23.831417,25.526072,26.524994,2.6935768,-0.37765503,0.0,14.625094,0.0,0.23721462,0.70680946,0.099011496,0.16459288,0.42766887,0.3286574,5.896885,2.1812036,2.4878883,1.4301475,0.1022149,1.2249985,25.322014,0.6782564,9.441244,1.4487746,8.148783,2.2680862,-7.2761602,-2.0262215,0.018400857,0.57629603,1.1193049,0.65496814,4.636085,0.4883867,10.126679,0.69731337,43.39612,0.18447244,710.5239,0.26619604,1391.937,0.107308574,-121.41852,-0.7420634,1745.6697,0.15050897,1189.8406,0.101086065,-127.75289,-0.64844257,2955.5498,0.08294469,1174.2407,0.30782104,-133.5144,-0.568681,-16.235744,-0.53542644,37.87441,0.2534787,0.023978945,1.3202261,-0.0140934875,-2.002308,0.18040358,0.8685616,40.323174,0.34410962,14.857326,0.8727115,-4.024783,-4.294964,-9.142869,-1.70721,-10.662445,20.31515,0.035636354,0.017652785,0.050515957,3.738318,1.9607843,0.205,0.044999998,0.18666665,0.053124588,-31.98282
./StandardData/2021.0614.005428.wav,0 days,0 days 00:00:00.487500,0.0,0.0,0.0,0.0,0.0,0.0,0.0,0.0,0.0,0.0,0.1510974,1.0634456,0.0744974,0.09624591,0.13111569,0.05661829,1.919767,0.70673466,4.1759324,0.0,0.04646698,2.016199,12.59913,0.46691787,0.19781421,35.129784,2.3216178,3.7180026,-10.418826,-0.762302,0.0,0.0,0.0,0.0,0.0,0.0,0.0,0.0,0.0,0.0,0.0,0.0,0.0,0.0,-201.0,0.0,0.0,0.0,0.0,0.0,-201.0,0.0,0.0,0.0,0.0,0.0,-201.0,0.0,0.0,0.0,0.0,0.0,0.0,0.0,0.0,0.0,0.0,0.0,0.0,0.0,0.0,0.0,0.0,0.0,0.0,0.0,-6.849002,17.339392,-0.000382454,0.0028138384,0.047176585,2.1276596,0.0,0.0,0.0,0.41,0.0,-41.395786
./StandardData/2021.0714.094330.wav,0 days,0 days 00:00:00.759125,27.291533,0.04759174,26.513142,27.195648,28.279533,1.7663918,3.22773,2.154156,19.285057,2.898283,0.11994355,0.4421808,0.054814085,0.1331772,0.17372109,0.118907005,0.7697859,0.5944795,1.4239343,0.9791653,0.03151852,0.7866415,23.025536,0.46196875,11.48391,1.4049108,24.260902,0.44216987,2.8407836,4.222218,0.015978787,0.4789528,1.0935795,0.9391765,7.2881203,0.29783788,15.314602,1.3253096,41.261223,0.13074382,588.7898,0.40538263,1358.4375,0.06140784,-86.67596,-1.0011785,1706.9099,0.15226974,1171.0023,0.15459652,-99.47385,-0.7704534,2783.188,0.10560913,1108.0613,0.23706,-102.20779,-0.72914344,-26.802639,-0.25463882,37.227467,0.19748554,0.021299643,0.8224299,0.015435157,0.40818906,0.045839038,0.45699427,30.918127,0.20053497,23.706343,0.32547185,32.033527,0.14223811,11.750437,0.55288786,-1.8533326,11.786019,0.0361435,0.02525762,0.013474127,5.4054055,1.4492754,0.42,0.0,0.12,0.02,-37.992973
./StandardData/2021.0714.094338.wav,0 days,0 days 00:00:00.667312500,29.56705,0.3836728,24.556206,25.628777,27.19038,2.6341743,0.0,0.0,-2.067212,0.0,0.10562586,0.5910898,0.054279078,0.07637872,0.15319413,0.098915055,1.4958345,1.2305688,0.6171714,0.16307575,0.048381425,1.3336734,23.556963,0.5075527,6.209655,2.6495736,13.913204,0.755806,-8.839191,-1.551113,0.03357573,0.70260704,1.4581283,0.41137508,5.510834,0.34871328,12.125648,0.7359478,40.124542,0.4395436,640.0928,0.37197584,1456.4159,0.0767656,-150.16954,-0.52719307,1675.0137,0.13121928,1521.6459,0.28766286,-152.15804,-0.45370898,2744.0994,0.07839586,1050.8954,0.10974553,-152.93864,-0.44126624,-26.102783,-0.43040833,36.825096,0.32938236,0.019228911,1.7589197,0.0092044985,1.277358,0.12032223,0.66903293,33.56778,0.29158914,20.535275,0.66458964,27.714672,0.20450829,9.42909,1.2484678,-10.39352,19.429554,0.060671013,0.002212594,0.023776293,3.0769231,1.6666667,0.14999999,0.0,0.13,0.06480741,-37.50128
./StandardData/2021.0707.084503.wav,0 days,0 days 00:00:02.274375,27.726671,0.09580027,25.756775,27.698692,29.452728,3.6959534,9.100151,8.673324,19.782606,6.4848995,0.2967454,0.74095386,0.104317605,0.23466858,0.47816095,0.37384334,5.13196,3.4089055,5.351934,4.1388054,0.1537326,0.9101448,33.274635,0.39957252,17.739752,0.97643393,12.483771,1.4018488,-3.9740942,-3.3121748,0.019318212,0.8959149,1.1926208,0.81553674,6.455756,0.36197782,3.7391796,2.0860536,41.456356,0.22697324,601.2915,0.26814413,1353.074,0.12097163,-63.968536,-1.2661515,1738.359,0.11044199,1030.2242,0.23472759,-78.47083,-0.91748464,2882.518,0.06766737,1021.94684,0.2197352,-86.7648,-0.76458067,-25.665499,-0.32819054,35.179153,0.23457353,0.037805695,0.663273,-0.025643798,-0.7801873,0.18200503,0.7152565,38.699146,0.22268559,22.715227,0.5758096,13.8460865,1.3990923,-0.49529803,-23.822933,-14.141982,23.503998,0.054741606,-0.002621962,0.09328406,4.424779,2.714932,0.25666666,0.18481222,0.08833333,0.06986097,-28.01277
./StandardData/2021.0707.084441.wav,0 days,0 days 00:00:01.953000,28.463663,0.050673265,27.467781,28.103193,28.989578,1.5217972,112.35297,162.1548,20.466448,8.959829,0.27362993,0.6725669,0.073020756,0.25363636,0.46028847,0.3872677,3.3964646,1.4712213,3.348171,0.9705599,0.12457271,0.867252,27.377665,0.59489787,13.307663,1.181707,18.203245,1.042726,-2.9959443,-3.8681264,0.023485238,0.9393273,1.4537868,0.6773675,6.574609,0.35614595,10.336707,1.5089688,35.280037,0.39078927,710.87134,0.28706202,1337.8076,0.14324509,-68.76126,-1.1382178,1821.1575,0.13251284,1073.515,0.2549114,-78.523544,-0.9104115,2923.9133,0.078729734,1031.5034,0.28598338,-84.241974,-0.8018307,-23.382063,-0.45888552,34.07464,0.2991014,0.034223463,0.84882855,-0.01558284,-1.3414989,0.1594282,0.6622854,34.97069,0.30950013,18.670254,0.685709,18.22383,0.9635703,-1.650576,-6.5231423,-4.77783,14.193145,0.037821297,0.013880075,0.04451431,4.1237116,2.6455026,0.264,0.0987117,0.089999996,0.053665627,-28.704016
./StandardData/2021.0514.143900.wav,0 days,0 days 00:00:01.402000,28.468903,0.061200317,27.016499,27.785904,30.514423,3.4979248,37.63455,33.288464,11.525577,5.7180758,0.24641623,0.6433014,0.07941711,0.24560559,0.39630336,0.31688625,2.9571931,2.5401127,2.1562746,1.388777,0.08346788,0.9131495,26.41855,0.51609385,20.83268,0.55935544,2.0845737,6.811047,-1.4149631,-8.422679,0.01262227,1.605262,0.8917363,0.8324598,8.608237,0.19799437,5.0898213,1.2608273,26.7053,0.44701254,831.41205,0.25870216,1198.1132,0.19292328,-75.08317,-1.0201356,1933.3619,0.14556295,1040.0938,0.18886447,-88.55245,-0.76886845,3047.8225,0.06488772,961.1041,0.24310775,-91.905495,-0.7112732,-23.56033,-0.28600523,40.468323,0.18290634,-0.038410053,-0.79671913,-0.01720859,-1.0374557,0.10892665,0.6370687,33.71756,0.18553805,25.1849,0.3688526,4.0161157,3.5312066,2.4437993,4.4212637,-8.77571,18.266588,-0.0040286644,0.0021416007,0.030345524,3.5971224,1.4925374,0.475,0.295,0.11333333,0.092855915,-26.060251
./StandardData/2021.0606.145002.wav,0 days,0 days 00:00:00.805125,28.594116,0.121845685,24.976028,27.865965,32.951023,7.9749947,72.88104,45.662487,40.804733,23.384918,0.124277845,0.5556084,0.06800758,0.10310552,0.16693574,0.09892816,1.6427743,1.0599318,1.9601238,0.6951051,0.044634588,0.79811454,24.769869,0.46361488,15.63408,0.72996366,14.617586,0.9173486,-0.8559676,-11.999569,0.015939914,0.6373362,1.7443063,0.47202548,5.319782,0.5307013,1.9414654,5.433269,33.513626,0.28786436,617.6079,0.25886813,1342.8689,0.13774286,-121.51017,-0.7048185,1735.5461,0.112782486,1088.626,0.15250042,-127.29542,-0.60114044,2882.4683,0.08013255,1054.4015,0.18005621,-130.6084,-0.5563114,-21.514187,-0.48033866,35.277004,0.22904345,0.045888804,0.5675775,-0.0023726344,-7.2008677,0.05806025,0.6237016,31.57412,0.2491926,18.499784,0.7178719,11.123431,1.6525269,-0.3115026,-20.673977,-16.08343,25.141432,0.04127644,0.010802847,0.033800386,5.0632915,5.4054055,0.07,0.032403704,0.095,0.050249375,-41.12443
./StandardData/2021.0714.094328.wav,0 days,0 days 00:00:00.483625,0.0,0.0,0.0,0.0,0.0,0.0,0.0,0.0,0.0,0.0,0.11939557,0.8284112,0.05840205,0.074412234,0.15986095,0.10145891,0.7781945,0.31554583,2.344842,0.0,0.05534146,1.6794782,13.710486,0.91907334,-7.1427026,-1.0975368,-2.226219,-3.4884005,-24.28585,-0.45338765,0.0,0.0,0.0,0.0,0.0,0.0,0.0,0.0,0.0,0.0,0.0,0.0,0.0,0.0,-201.0,0.0,0.0,0.0,0.0,0.0,-201.0,0.0,0.0,0.0,0.0,0.0,-201.0,0.0,0.0,0.0,0.0,0.0,0.0,0.0,0.0,0.0,0.0,0.0,0.0,0.0,0.0,0.0,0.0,0.0,0.0,0.0,-6.0959096,16.433102,0.08869037,0.0018964732,0.06288038,2.1276596,0.0,0.0,0.0,0.41,0.0,-38.769016
./StandardData/2021.0714.094956.wav,0 days,0 days 00:00:01.218312500,30.070675,0.03240088,29.052654,30.355053,31.05632,2.003666,11.697903,6.1337066,14.812089,15.562998,0.5178789,0.71319795,0.055396616,0.5654868,0.8819742,0.8265776,6.0659857,3.0801766,5.168926,3.2094762,0.24333233,0.8497527,34.727005,0.49087563,3.60814,3.5716445,-6.8455367,-2.2364883,-14.467476,-0.9468096,0.022889597,0.89049196,1.1741883,0.6788889,5.96632,0.5567243,2.4403832,1.5295246,40.13421,0.2598032,658.1875,0.3034039,1403.9663,0.15072273,-51.407818,-1.6825796,1680.2048,0.17464748,1057.602,0.12754571,-63.03073,-1.2466141,2887.9016,0.089843154,958.3161,0.25171357,-75.1742,-0.9447281,-14.712112,-0.4706623,35.897484,0.25120744,0.07826999,0.3019797,-0.0257184,-0.7737031,0.33052433,0.5407018,43.597767,0.21952508,6.129265,1.7846274,-11.361142,-1.3233366,-15.855533,-0.8444845,-3.7680428,15.153284,0.062488515,0.015575504,0.025737004,4.166667,1.7391305,0.42,0.39,0.086666666,0.06599663,-23.36843
./StandardData/2021.0714.093443.wav,0 days,0 days 00:00:00.896875,28.10523,0.03781998,27.059593,28.414993,29.105274,2.045681,18.09124,7.9254484,12.472081,2.6677384,0.33508733,1.0125364,0.031276178,0.14913583,0.68282753,0.65155137,5.640579,3.356527,5.876484,1.1255698,0.19543302,1.108502,29.97179,0.53771996,-0.030507674,-530.9183,-0.5759544,-28.77555,-15.509997,-1.2501628,0.019312525,0.86111826,2.0964582,0.6666205,3.774536,0.73366714,3.7544086,4.5922537,31.714256,0.29743603,602.35596,0.34298927,1362.8735,0.119958825,-74.72204,-1.244756,1683.4834,0.17473233,1305.1119,0.5046014,-85.69809,-0.9657797,2755.6777,0.086948894,1188.7793,0.20516455,-93.31664,-0.82906646,-18.588285,-0.3227564,33.988415,0.22274123,0.058787763,0.3597549,-0.032236103,-0.67329264,0.3222531,0.6013478,41.88832,0.17109707,7.79795,1.4325092,-4.355089,-4.5277243,-10.941547,-2.091231,-3.9735293,13.56254,0.08298927,0.0150432335,0.004923071,3.409091,2.4096386,0.255,0.065,0.089999996,0.09201449,-25.998089
./StandardData/2021.0616.114050.wav,0 days,0 days 00:00:02.504000,28.898018,0.113462225,26.416285,28.051651,30.212704,3.7964191,70.039536,41.236244,25.510225,17.06354,0.4195229,0.8024538,0.09296616,0.37650335,0.75076705,0.6578009,8.385532,5.240341,4.216858,2.08456,0.29672566,1.1279036,34.349827,0.46031746,13.862595,1.0184863,6.3768463,2.5939085,-11.996963,-1.2161167,0.025838703,1.1891935,1.4512261,0.74468213,6.072439,0.45707145,3.2160914,3.6178062,36.49635,0.33110946,678.3849,0.26534167,1386.6885,0.12431329,-61.380013,-1.2863191,1756.407,0.14958757,1131.8036,0.22548708,-75.12551,-0.93515354,2896.7039,0.08164322,1087.0493,0.29146093,-82.838,-0.7869673,-22.230932,-0.36059752,36.165314,0.285048,0.054055545,0.5593825,-0.031570908,-0.76931345,0.37606952,0.91959,41.007317,0.289354,16.555836,0.6623767,4.0638537,4.2653823,-12.975637,-1.1469141,-12.339128,21.532856,0.055331912,0.004895441,0.102261476,3.6144578,3.6885245,0.18888889,0.1571584,0.06625,0.057432026,-22.329151
./StandardData/2021.0707.085257.wav,0 days,0 days 00:00:01.493875,30.835022,0.13264568,27.424633,33.2473,34.018055,6.593422,108.99086,67.79469,34.714066,0.0,0.35934505,0.9123062,0.071563944,0.22728463,0.67109823,0.5995343,9.790361,5.2867775,7.0960813,3.076103,0.29969013,1.3913877,28.449968,0.56188697,9.898353,1.472493,6.4667454,2.2964177,-16.274343,-1.0672839,0.035511315,0.97388566,1.4900718,0.71196544,4.3435483,0.95195144,5.1575656,1.0176698,32.476524,0.4395708,687.94196,0.31510925,1311.8414,0.15076508,-106.60254,-0.81967586,1777.5516,0.16954187,1147.8688,0.23791635,-112.82963,-0.68892545,2868.094,0.09911097,1021.8594,0.26043487,-115.36125,-0.6563183,-17.899235,-0.501845,30.653105,0.37476358,0.050569262,0.57299465,-0.021015363,-1.2739155,0.44005045,1.0354707,34.71023,0.41986418,15.079467,0.5546306,7.349435,2.4679744,-16.429884,-1.1516603,-11.583903,23.99516,0.04672918,-0.004381758,0.17449434,4.054054,4.895105,0.09571428,0.08278321,0.08571428,0.063663654,-23.31386
./StandardData/2021.0614.114017.wav,0 days,0 days 00:00:00.529562500,39.462265,0.35606137,26.574713,26.783192,54.86964,28.294928,468.1548,0.0,-1.3460159,0.0,0.11756216,0.97620934,0.046280533,0.05472221,0.16787195,0.12159142,2.894226,2.9328837,3.0134077,0.0051749945,0.048460327,1.3675684,18.842463,0.5829253,-1.1921144,-8.008617,-7.22121,-1.3283399,-25.93826,-0.4721215,0.025319362,0.3527359,1.9463592,0.38178453,7.011869,0.644203,-9.596967,-1.1633435,12.322137,0.6513229,895.2855,0.17920606,1350.4319,0.15067019,-163.59467,-0.43283278,2021.9893,0.07619016,1377.3378,0.3435229,-159.52054,-0.41098556,3022.7588,0.033458516,947.3492,0.11461823,-160.30124,-0.40150562,-24.738886,-0.26726192,38.232174,0.2184909,0.06229269,0.32454738,-0.036790844,-0.17903377,0.15724833,0.35895956,35.464306,0.2555647,1.4292859,11.686469,-6.0947623,-1.5624974,-40.117073,-0.1308027,-7.091334,21.804733,0.057824437,0.000980131,0.0196996,3.9215686,4.3478265,0.044999998,0.005,0.10666667,0.07845735,-39.40199
./StandardData/2021.0514.150017.wav,0 days,0 days 00:00:00.667375,31.736328,0.056424595,29.66602,32.208344,33.490623,3.824604,30.026186,0.0,-0.038174152,10.784314,0.10375153,0.48165756,0.053642917,0.08621865,0.14923543,0.09559251,0.68787044,0.17923997,0.57017136,0.2098034,0.046425816,1.2458181,20.332033,0.4852204,14.146322,0.77105427,13.906332,0.9103007,-3.472439,-4.7159476,0.03776432,0.66028094,1.1246685,1.125539,9.159814,0.11693435,8.718209,0.5905463,18.178854,0.34771416,939.8657,0.187405,1321.5338,0.07723656,-130.27333,-0.5836148,2039.0901,0.083562754,1156.4103,0.13522,-130.5882,-0.5582749,3071.6943,0.049979668,1110.4784,0.19048665,-130.4256,-0.5603326,-31.922369,-0.18673535,43.174763,0.14885563,-0.03990843,-0.39806208,-0.0011827314,-5.9430337,0.09586349,0.6095198,30.446178,0.12970152,24.80299,0.22475691,26.35588,0.17834383,12.790517,0.6672498,-12.098661,21.747236,-0.007985529,-0.0039161784,0.00997672,3.0769231,1.6666667,0.26999998,0.0,0.14999999,0.02,-34.410927
./StandardData/2021.0614.014130.wav,0 days,0 days 00:00:00.483625,0.0,0.0,0.0,0.0,0.0,0.0,0.0,0.0,0.0,0.0,0.1792871,1.0333312,0.07773152,0.08739313,0.19794828,0.12021676,3.5014608,2.4471626,3.460941,2.4394891,0.039259993,1.8318398,11.778936,0.2824967,-8.205397,-1.4750596,1.8876771,3.656611,-10.819701,-0.9280121,0.0,0.0,0.0,0.0,0.0,0.0,0.0,0.0,0.0,0.0,0.0,0.0,0.0,0.0,-201.0,0.0,0.0,0.0,0.0,0.0,-201.0,0.0,0.0,0.0,0.0,0.0,-201.0,0.0,0.0,0.0,0.0,0.0,0.0,0.0,0.0,0.0,0.0,0.0,0.0,0.0,0.0,0.0,0.0,0.0,0.0,0.0,-3.6454847,13.911959,0.008699586,0.00951299,0.044095345,2.1276596,0.0,0.0,0.0,0.41,0.0,-42.176983
./StandardData/2021.0514.143909.wav,0 days,0 days 00:00:01.126500,29.290936,0.082156904,27.061848,28.065973,32.40981,5.3479614,22.949373,7.8202605,10.612397,10.426189,0.20142502,0.78051883,0.057931926,0.13411646,0.3518279,0.29389596,2.9296098,1.7614151,2.7113848,1.1317395,0.10311604,0.9627441,25.176792,0.34524074,17.645683,0.63477,7.9404616,1.6258134,-2.2761877,-6.7187862,0.024576249,1.0345811,1.5163254,0.88450474,8.838576,0.21704282,8.964677,0.57726157,27.360504,0.36619592,903.06366,0.19624057,1294.7545,0.14843641,-114.69613,-0.6940322,1968.7601,0.10985975,1182.4154,0.13823761,-120.33106,-0.6110311,3072.8801,0.058436416,1023.4857,0.1814523,-122.35627,-0.58471274,-27.75706,-0.28645718,41.708706,0.17833866,-0.041451026,-0.5004854,-0.0063685123,-1.7635473,0.1409716,0.46331424,30.031055,0.24514791,26.835384,0.29712096,13.54921,1.0762112,11.392824,0.70743686,-13.717195,26.062485,-0.016178597,-0.0013000303,0.075481564,2.7027028,2.8301888,0.17333333,0.09030812,0.225,0.044999998,-29.16004
./StandardData/2021.0714.095345.wav,0 days,0 days 00:00:01.218375,28.958591,0.08915098,25.390728,29.673798,31.058174,5.667446,51.692234,23.900473,22.832977,2.4756749,0.3560405,1.0800494,0.05449851,0.27480704,0.51025516,0.45575666,3.0790565,2.1497345,7.1336617,5.8670225,0.19788043,1.498531,26.234417,0.5650056,3.8577552,4.590794,9.053042,1.9318835,-10.831078,-1.2130406,0.017564403,0.70555073,1.0690795,0.6398428,6.321131,0.38639992,4.67192,0.99150074,38.59746,0.259447,757.22455,0.19575752,1480.1958,0.23820154,-96.11593,-0.93301517,1801.8406,0.12254361,1085.1354,0.2597287,-101.440674,-0.8399426,2918.6208,0.07852921,1041.3693,0.29298428,-107.765724,-0.7368958,-19.335558,-0.53021663,29.549963,0.29066423,0.05373987,0.66995054,-0.019541733,-1.3180069,0.32832593,1.0603803,36.37146,0.24730887,11.319911,1.6508353,9.496521,2.2291422,-6.9177485,-1.8650737,-6.2833376,13.957936,0.06318055,0.001386728,0.05178642,2.5000002,2.6086957,0.20333333,0.0518545,0.1175,0.06259992,-24.214016
./StandardData/2021.0713.135403.wav,0 days,0 days 00:00:01.310125,30.768642,0.04426499,29.339096,31.068933,32.11461,2.7755127,20.820679,18.091103,17.360275,12.614104,0.5530493,0.90423197,0.048158005,0.4750234,0.975785,0.927627,10.611296,9.081957,5.362656,2.4717727,0.33442318,1.1892661,33.52572,0.51400805,3.78685,4.05934,-4.8252864,-2.853031,-18.452398,-0.73832774,0.018135369,1.3891268,1.2387937,0.64606947,6.7128696,0.56697863,2.4254227,2.4483838,39.571865,0.3545273,666.7387,0.304522,1373.554,0.124383055,-52.87752,-1.615452,1695.1642,0.1734596,1113.8323,0.2682506,-67.08138,-1.1430703,2892.014,0.10342932,980.3532,0.25362384,-76.53982,-0.9264776,-19.901873,-0.42889503,34.51056,0.30695838,0.07283795,0.32859075,-0.03858386,-0.55964404,0.45880064,0.88717836,42.528404,0.23459186,8.0635805,1.6734519,-7.2673573,-1.9542363,-19.415648,-0.71647125,-4.1057234,13.958308,0.06754786,0.016785486,0.023950228,3.846154,1.6,0.45499998,0.405,0.09666667,0.08055364,-20.775732
./StandardData/2021.0606.145156.wav,0 days,0 days 00:00:00.667312500,40.07318,0.08121486,36.800297,39.539536,43.35823,6.557934,43.077488,0.0,-15.26947,0.0,0.115182325,0.5203481,0.05771825,0.09346137,0.1763581,0.11863986,1.38736,0.60697067,1.6534026,0.95393294,0.038722556,0.73852956,26.740726,0.41007033,2.4102921,3.537007,0.6684038,17.126356,-26.572067,-0.3252953,0.03238576,0.9808016,1.1780345,0.7174396,10.599579,0.32854593,16.779482,0.6729683,29.113583,0.35707542,837.5102,0.19025128,1352.6399,0.1892803,-126.619995,-0.6474639,1952.5092,0.115074314,1223.8296,0.20252393,-126.43006,-0.5910668,3006.548,0.062911354,989.885,0.15090454,-127.42708,-0.57669693,-22.01986,-0.37123534,37.852924,0.16864365,0.090792716,0.14793031,-0.02286945,-0.42715436,0.066634454,0.31044748,36.45406,0.24456295,9.459484,0.3931961,2.1887696,5.2350235,-30.876982,-0.2295069,-11.731457,21.623833,0.08089931,-0.0031935251,0.01970663,7.692308,3.3333335,0.13,0.01,0.14,0.01,-40.617462
./StandardData/2021.0606.145229.wav,0 days,0 days 00:00:00.506625,28.452528,0.00019155274,28.448578,28.449251,28.455826,0.007247925,0.0,0.0,-0.0036525726,0.0,0.21496698,1.2892905,0.05193967,0.065835804,0.42349356,0.3715539,11.229206,11.180084,12.032837,6.2670894,0.16741522,1.6769497,18.127844,0.6247101,-10.363871,-1.3435893,-1.6808263,-6.0727305,-18.896072,-0.44596633,0.0,0.0,0.0,0.0,-5.0463576,-0.16157134,0.56671405,1.4614897,13.9657955,0.10778612,469.84247,0.1136785,2065.613,0.16357803,-186.81802,-0.23179406,1572.761,0.015492176,1107.1034,0.016074393,-186.93515,-0.22976425,2600.6865,0.011087249,1134.2875,0.019567233,-187.71791,-0.2158545,-7.450962,-0.15328039,14.307248,0.055331524,0.048116542,0.23743409,0.0010416348,0.88887954,0.04790019,0.5556979,22.964619,0.19407709,-4.901265,-0.82582486,4.441366,1.352281,-0.86925906,-4.9792814,-5.7104216,13.631912,0.07869904,-0.0015458127,0.19763957,4.0816326,2.2727273,0.02,0.0,0.195,0.035,-32.12135
./StandardData/2021.0525.102816.wav,0 days,0 days 00:00:01.998937500,29.370747,0.09872033,27.110638,28.85672,31.71011,4.599472,11.570177,16.61894,33.773716,10.269626,0.2827504,1.0791692,0.08569831,0.18967965,0.37690893,0.29121062,4.7352386,3.482334,5.479241,1.4468223,0.20917694,1.338377,31.103666,0.5271279,16.560581,1.015118,13.0508375,1.4804983,-9.38908,-1.5034906,0.028877884,1.0549493,1.7953154,0.72551256,6.098024,0.40918905,5.05819,1.7839414,40.008442,0.3339493,628.82874,0.34998643,1454.0205,0.13035165,-96.04037,-0.92103446,1714.6012,0.15090534,1254.4629,0.23764595,-106.62864,-0.7168148,2871.205,0.08422387,1061.9357,0.24047047,-110.084465,-0.6639064,-25.593464,-0.39133483,37.807484,0.26645973,0.057833053,0.47469938,-0.021997767,-0.90750813,0.28560424,1.0709834,39.703087,0.25177583,22.563534,0.5292975,13.70055,1.6190505,-7.556647,-1.905556,-14.690923,24.644985,0.05308049,-0.00450052,0.12275062,3.0303032,4.1450777,0.1275,0.12162956,0.08222222,0.057884514,-23.940329
./StandardData/2021.0714.094409.wav,0 days,0 days 00:00:00.483625,25.998865,0.020459462,25.578613,26.317259,26.336523,0.7579098,0.0,0.0,-0.1320487,0.0,0.11511182,0.48577708,0.052875802,0.11342534,0.16774371,0.11486791,1.8831266,0.7161107,0.7016104,1.2366306,0.040483117,0.91411215,22.013845,0.75181484,-3.0485694,-4.0644298,10.281881,0.7652354,-4.8581123,-2.994644,0.04011625,0.5704006,2.7389379,0.48595107,4.3690696,0.26556104,1.8038207,2.6096652,33.332394,0.06873368,668.2754,0.36171162,1375.3615,0.100566305,-152.48314,-0.4757916,1762.9849,0.117639534,1178.8721,0.4668049,-155.63887,-0.4355973,2908.0232,0.07989201,1166.3704,0.20782787,-159.50943,-0.38602862,-20.1122,-0.18146166,35.251118,0.12494778,0.015474041,1.3971086,-0.009434095,-1.3161672,0.08782698,0.3286611,40.090168,0.12755622,9.445377,0.27316353,18.854723,0.38853937,14.432716,0.6307105,-6.6024594,15.418146,0.059671015,0.008951232,0.029444983,6.382979,4.7619047,0.044999998,0.015,0.13499999,0.005,-40.94708
./StandardData/2021.0610.121202.wav,0 days,0 days 00:00:01.310187500,30.245266,0.054790903,28.022024,30.629236,31.830618,3.8085938,28.722044,24.010656,19.943691,15.240632,0.339098,0.6405803,0.09304123,0.30812025,0.55980635,0.4667651,3.6331565,2.3135104,3.5149167,1.4122423,0.14789145,0.8892594,28.827974,0.5410945,19.399755,0.77549493,5.0173664,2.1929133,-3.9214694,-3.7289753,0.028267534,1.4526234,1.1031611,0.59380245,8.19334,0.29549533,-13.128119,-0.7925,17.078106,0.5910033,685.3854,0.30517232,1241.9536,0.12305208,-58.431793,-1.295719,1784.5098,0.14419556,1102.8947,0.2509173,-74.195786,-0.9150931,2905.2314,0.07075457,855.54114,0.25032356,-77.76844,-0.83887845,-24.330467,-0.29484332,35.489265,0.21191427,-0.00087213336,-35.21768,-0.02826565,-0.7106892,0.19480748,0.6181009,35.166786,0.36233523,22.373846,0.65286237,6.3605275,1.8485551,-1.7967242,-8.437076,-10.340057,17.637772,-0.015246366,-7.59158e-05,0.011017588,3.846154,0.8,0.96,0.0,0.13,0.03,-26.590616
./StandardData/2021.0714.094359.wav,0 days,0 days 00:00:00.759187500,36.39339,0.04326879,35.982647,36.274357,37.4987,1.5160522,67.70517,17.12741,111.29907,100.48854,0.14402571,0.44952196,0.08162263,0.12878677,0.2015207,0.119898066,1.8479118,0.75514543,0.3802628,0.78500485,0.048129532,0.77164525,31.141235,0.29316163,6.513009,1.5405669,-0.40002617,-28.098972,-22.294035,-0.4725201,0.025811037,1.6855024,1.3139101,0.5821311,9.54534,0.23544474,5.4167495,2.1551278,32.149628,0.23981215,823.6263,0.15487799,1336.302,0.28573912,-50.889805,-1.3548876,1874.6984,0.11603023,1165.6284,0.18453565,-64.695564,-0.85543287,2946.8396,0.07864554,901.7467,0.20760131,-68.52953,-0.78952795,-23.412813,-0.30728638,38.587795,0.19743009,0.082331724,0.34329334,-0.013017423,-1.0738428,0.060025707,0.59559625,34.155106,0.23540175,9.637007,0.8984123,0.03053413,414.3222,-20.935904,-0.539497,-13.992122,27.465452,0.10037245,-0.0039627715,0.016602028,4.054054,4.4117646,0.17666666,0.13199326,0.07,0.0,-38.30268
./StandardData/2021.0614.113809.wav,0 days,0 days 00:00:01.356062500,28.48911,0.040825464,27.603329,28.001326,29.308886,1.7055569,11.142453,4.438248,21.594471,4.795987,0.24701217,0.99441946,0.060304083,0.14291336,0.48002365,0.41971958,5.012026,3.2975898,3.989904,2.4877038,0.19700813,1.2527561,30.918585,0.5220297,18.14951,1.2014911,13.357319,0.95410544,1.0546548,11.486635,0.023026926,0.6925212,1.4187349,0.8178509,7.428792,0.27657855,5.220499,0.8230434,43.358585,0.36553854,773.81287,0.29144084,1363.0681,0.120649815,-102.06092,-0.8303569,1963.2737,0.097756825,1262.0154,0.149181,-114.85232,-0.6381695,2990.8286,0.06548911,1181.0626,0.223071,-115.86604,-0.62743115,-31.995398,-0.31074786,42.10734,0.28059205,0.022680394,1.3835356,-0.012940448,-1.4624679,0.31224057,0.8520465,37.42954,0.40932453,32.59178,0.28829888,21.947702,0.40750352,6.2829986,1.3839604,-10.663887,22.102722,0.038538337,0.007538463,0.06327508,3.7313435,1.5503876,0.355,0.095,0.17666666,0.012472192,-22.684582
./StandardData/2021.0616.104937.wav,0 days,0 days 00:00:02.044812500,29.414747,0.13206911,26.9212,29.55405,32.776268,5.855068,71.374374,38.370667,33.442177,28.62915,0.422646,0.885015,0.09379737,0.29659745,0.7063489,0.6125515,8.23901,4.7154174,6.4955873,2.9280338,0.2805699,0.97678363,34.703716,0.43904918,9.336612,1.6980734,6.851236,2.0187068,-12.796729,-1.06295,0.037481762,1.3278873,1.4492122,0.76758605,5.9501495,0.4230207,3.141869,2.21908,41.27957,0.25089863,693.9777,0.24601434,1418.3142,0.16063164,-77.87283,-1.1163851,1775.2454,0.13808958,1074.3402,0.18934415,-89.09514,-0.87641174,2937.3586,0.0839529,1060.227,0.24648036,-96.93461,-0.7435275,-21.610184,-0.32671288,35.038708,0.2941786,0.059561532,0.4886436,-0.034292437,-0.60521,0.38430077,0.6906776,42.65997,0.22566515,11.943825,1.1109816,3.383348,4.1891527,-12.175433,-1.1215541,-13.62472,23.00376,0.051847182,-0.0038040897,0.116989836,3.9408867,3.5353537,0.17285715,0.1102872,0.087142855,0.06583839,-22.729345
./StandardData/2021.0614.113951.wav,0 days,0 days 00:00:00.805062500,26.714396,0.00018461257,26.710735,26.713923,26.717964,0.0072288513,0.0,0.0,-0.0017719269,0.0,0.13593736,1.0066385,0.048983328,0.084278025,0.17394145,0.12495812,6.8388853,5.6456146,2.83692,0.96274686,0.06440258,1.6772109,29.043404,0.31464696,-8.464609,-1.6157498,-5.352992,-2.0704334,-15.22401,-0.8212111,0.01951129,0.0,3.8096833,0.20316073,2.7632954,0.03746466,-14.001557,-0.22844659,9.149074,0.1752101,998.7158,0.0074861366,1185.9011,0.013748933,-192.48607,-0.19713224,2123.8298,0.0065170615,1122.6555,0.07681129,-193.20393,-0.18043877,3188.1626,0.0058462643,1065.829,0.0892078,-193.46005,-0.1740434,-21.235867,-0.0751484,41.780178,0.029761897,0.08403736,0.02444009,-0.034245066,-0.1317407,0.04349093,0.0,30.719315,0.018234886,-7.688191,-0.3107368,-30.190817,-0.0068898667,-48.673275,-0.08460803,-7.369519,25.006424,0.06519834,0.011885624,0.06990104,5.0632915,1.3513514,0.02,0.0,0.7,0.0,-39.21124
./StandardData/2021.0714.094332.wav,0 days,0 days 00:00:00.529562500,24.064693,0.0052290857,23.9422,24.046959,24.199371,0.25717163,0.0,0.0,-0.055370647,0.0,0.084381156,0.42024586,0.05765293,0.063588314,0.120687865,0.06303494,0.5071677,0.22884433,0.81259924,0.2547594,0.054100152,1.199694,25.60247,0.3847397,10.558516,1.2502831,26.638502,0.27235943,3.4503372,2.3841753,0.028999053,0.35233584,2.04004,0.21948382,4.001278,0.15087733,15.075969,0.09789493,52.305428,0.020139737,455.71472,0.31774414,1513.9102,0.10202977,-175.02702,-0.35115844,1571.4758,0.061157633,1251.8301,0.078330815,-178.63037,-0.29392788,2723.811,0.030711632,958.64276,0.04377238,-179.35439,-0.2836117,-34.656723,-0.016247367,47.680016,0.016046789,0.0022157917,6.478627,0.0051415116,0.34119865,0.16551425,0.3223441,37.768288,0.017633382,27.82006,0.044309173,26.775513,0.08812286,11.64391,0.3121092,-17.428478,27.89949,0.010083348,0.019542683,0.04197739,5.882353,2.1739132,0.049999997,0.0,0.19,0.06,-39.566826
./StandardData/2021.0707.085605.wav,0 days,0 days 00:00:00.942812500,29.77695,0.047768194,28.390802,29.425194,31.376726,2.9859238,12.143142,5.381115,29.457623,2.9276037,0.47220176,0.84323794,0.028708883,0.46161103,0.92575836,0.8970495,2.0395658,0.88465357,2.4096727,0.58434504,0.2790296,1.0118397,28.843925,0.68186176,9.971322,1.415764,8.898717,2.1919985,-15.885854,-0.7761618,0.009888858,0.7616819,0.97818536,1.3915689,8.140122,0.3538016,-2.8860981,-2.419334,39.817722,0.49331522,586.1283,0.34247327,1398.5065,0.18043259,-96.43482,-1.0228759,1750.1823,0.13282873,1161.5563,0.22454268,-109.6545,-0.7337704,2785.4272,0.104908936,1008.7944,0.26753625,-109.04096,-0.7490279,-28.98184,-0.3183628,38.682,0.31317937,0.08119242,0.35074142,-0.042396065,-0.5122254,0.41021731,0.520225,41.89979,0.22976862,19.581886,0.5443645,12.146858,1.5506055,-13.544418,-1.0383686,-4.809733,17.220472,0.060637176,-0.0021572327,0.15979856,2.1505377,2.2727273,0.22999999,0.21,0.12333333,0.04189935,-18.887003
./StandardData/2021.0614.114353.wav,0 days,0 days 00:00:00.713250,43.955666,0.0015534915,43.90757,43.97051,44.006737,0.09916687,0.055091858,0.0,0.0,0.0,0.21541347,1.6458372,0.03652013,0.06817657,0.24016023,0.2036401,10.923261,11.972861,7.4474277,2.1080217,0.133844,1.9694042,23.377459,0.4449717,-2.9539242,-3.1579077,-2.6716523,-2.7538383,-17.165575,-0.47368702,0.0,0.0,0.9660936,0.0,2.6621273,0.21751127,-11.244563,-0.005308173,10.106776,0.08594785,547.394,0.15130724,1376.4016,0.04341975,-198.26892,-0.0776281,1394.8903,0.06006896,1219.2068,0.006818485,-191.29564,-0.19172129,2644.5132,0.045891225,909.11554,0.027603118,-192.07458,-0.17537798,-2.6746542,-0.1556991,20.707842,0.037285574,0.037994836,0.10024615,0.0053875316,0.7424339,0.0045816638,0.13360555,19.312342,0.04752485,-3.9219956,-1.1048512,-17.372978,-0.15635432,-19.96351,-0.08035527,-8.570447,22.356577,0.053426005,0.0023107815,0.15473518,2.857143,1.5384616,0.02,0.0,0.29999998,0.099999994,-31.799006
./StandardData/2021.0713.140507.wav,0 days,0 days 00:00:00.713250,27.281748,0.015111891,26.80771,27.368088,27.66411,0.85639954,10.95767,1.9125565,35.57644,0.0,0.17540167,1.1191132,0.047622945,0.08360267,0.2538637,0.20624074,6.52309,7.1041384,3.3039024,1.4580581,0.064383715,1.9093033,17.403564,0.4133804,-12.51129,-1.0072912,4.027747,2.6398144,-10.339527,-0.9018811,0.05807567,0.23343703,1.4367874,0.24180117,5.610908,0.13644694,-0.28200424,-5.8045216,7.535997,0.19710322,794.19934,0.2552257,1313.1852,0.0936882,-179.07487,-0.3054922,1754.6078,0.14053097,1128.9761,0.16773805,-179.77066,-0.2942619,2791.255,0.08891578,846.74756,0.1861467,-180.27423,-0.28590778,-14.726307,-0.25121623,27.369062,0.105271496,0.017031537,0.6562041,-0.00059095613,-15.149326,0.04018143,0.54758924,23.5275,0.080481276,2.9193904,0.8402585,12.611366,0.46791917,-0.7623433,-5.485006,-2.3035572,14.438226,0.067804754,0.017538935,0.07479445,2.857143,1.5384616,0.07,0.0,0.275,0.235,-37.684982
./StandardData/2021.0616.113801.wav,0 days,0 days 00:00:01.723437500,28.4306,0.12637234,24.941677,28.51582,31.274012,6.3323345,38.348923,11.153113,33.052197,10.88615,0.35678893,0.85117644,0.053813066,0.3089672,0.63506454,0.5812515,5.4798374,2.8045979,3.6698909,0.73849785,0.24258618,1.1683987,32.068623,0.47410303,11.329552,1.4749866,8.686,2.1903696,-9.364746,-1.1880106,0.026496992,1.0483302,1.2895026,0.9094049,5.0444317,0.6814229,3.947555,3.1770482,39.53054,0.22307159,602.6619,0.2286778,1392.5134,0.107295625,-86.80022,-1.0545119,1683.4167,0.10044142,1121.8633,0.23691732,-98.6281,-0.83487725,2858.541,0.0703863,989.00903,0.19829874,-105.73295,-0.7195691,-22.126848,-0.49233338,34.431057,0.30074304,0.06102276,0.36923882,-0.028311888,-0.72336423,0.38216266,0.78647095,40.65986,0.25486603,15.703708,0.95799387,5.0643086,4.226722,-8.667206,-1.1015458,-13.8151455,21.139917,0.05350847,-0.003222467,0.059758123,2.9239767,2.4096386,0.235,0.10136567,0.126,0.07683749,-24.649908
./StandardData/2021.0614.114114.wav,0 days,0 days 00:00:01.126500,48.345848,0.10392822,44.296837,47.300034,47.787464,3.4906273,0.0,0.0,-1.2394797,0.0,0.407599,1.5613834,0.045391172,0.091743015,0.6318529,0.5864618,24.05913,20.428791,20.91302,24.142027,0.33392444,2.190719,18.31146,0.5049739,-13.102094,-1.0121485,-4.7273927,-1.4925033,-21.910715,-0.41278878,0.036872152,0.32302663,2.792002,0.3327519,1.3745279,2.1518776,8.386533,1.1895194,13.6579075,1.3114972,838.38025,0.21456848,1262.8612,0.12516756,-186.32155,-0.2684904,1833.8856,0.12382341,1291.4291,0.23087631,-179.16487,-0.29853487,2768.8494,0.10016859,1341.5927,0.46088606,-179.44818,-0.29336068,-11.602747,-0.4819013,24.214258,0.33603397,0.078196615,0.22802447,-0.006238624,-1.8379729,0.10788645,0.8965709,23.407196,0.43804368,-15.655488,-0.93989044,-10.401157,-0.687491,-34.062466,-0.16292459,-4.98012,16.794106,0.06929148,0.007436759,0.3833199,4.5045047,1.8867925,0.04,0.01,0.225,0.16147754,-23.695902
./StandardData/2021.0606.145213.wav,0 days,0 days 00:00:00.551000,54.02779,0.008093013,53.705185,54.18042,54.380665,0.6754799,6.360817,0.0,-15.806156,0.0,0.23028694,0.8343517,0.08719167,0.17367256,0.32661387,0.2394222,2.3651888,1.4385955,3.8099136,0.58547926,0.07477325,1.1436287,17.21589,0.3334156,-0.20816094,-36.563347,-8.903033,-1.5134687,-9.148042,-0.7312539,0.021993117,0.7546164,1.146194,0.3185471,8.954276,0.42159376,32.838528,0.19555938,36.076645,0.27459085,761.63745,0.38573894,1137.6787,0.1414406,-176.89246,-0.37962475,1774.1332,0.1868247,1103.5975,0.117610306,-132.72633,-0.66434264,2896.6963,0.116717555,921.12683,0.1367838,-137.76746,-0.5912765,6.7267346,1.0751101,29.798626,0.18468992,0.020443844,0.7388388,0.019375186,0.6872449,0.06393472,0.62263453,12.408459,0.27182186,-6.128432,-1.1157423,-26.427265,-0.18062498,-14.638482,-0.4326741,-6.9052634,21.603031,0.03921636,0.00950613,0.09299799,1.8518519,2.0408163,0.17,0.0,0.29999998,0.0,-38.294754
./StandardData/2021.0606.145521.wav,0 days,0 days 00:00:00.437750,0.0,0.0,0.0,0.0,0.0,0.0,0.0,0.0,0.0,0.0,0.29112867,1.8001654,0.07130291,0.11109227,0.26640782,0.1951049,4.3819075,3.2129128,18.595371,0.0,0.33501878,2.788845,15.644015,0.42555395,-5.909095,-1.540472,6.9790354,1.1530865,-1.8062387,-5.7410064,0.0,0.0,0.0,0.0,0.0,0.0,0.0,0.0,0.0,0.0,0.0,0.0,0.0,0.0,-201.0,0.0,0.0,0.0,0.0,0.0,-201.0,0.0,0.0,0.0,0.0,0.0,-201.0,0.0,0.0,0.0,0.0,0.0,0.0,0.0,0.0,0.0,0.0,0.0,0.0,0.0,0.0,0.0,0.0,0.0,0.0,0.0,-4.8879223,14.342111,0.057038903,0.012642897,0.39010558,2.3809524,0.0,0.0,0.0,0.35999998,0.0,-23.554047
./StandardData/2021.0525.102711.wav,0 days,0 days 00:00:00.411187500,0.0,0.0,0.0,0.0,0.0,0.0,0.0,0.0,0.0,0.0,0.49065083,1.2444683,0.23564358,0.28802586,0.40086782,0.16522424,45.62519,32.251087,67.52584,0.0,0.43033168,2.5616546,5.6023655,1.0303972,-17.49594,-0.16114832,-2.4704087,-2.2086358,-20.607569,-0.24706091,0.0,0.0,0.0,0.0,0.0,0.0,0.0,0.0,0.0,0.0,0.0,0.0,0.0,0.0,-201.0,0.0,0.0,0.0,0.0,0.0,-201.0,0.0,0.0,0.0,0.0,0.0,-201.0,0.0,0.0,0.0,0.0,0.0,0.0,0.0,0.0,0.0,0.0,0.0,0.0,0.0,0.0,0.0,0.0,0.0,0.0,0.0,0.79777277,6.782376,0.0755774,0.0024970884,0.53642845,2.5000002,0.0,0.0,0.0,0.34,0.0,-20.589842
./StandardData/2021.0606.145219.wav,0 days,0 days 00:00:01.975937500,0.0,0.0,0.0,0.0,0.0,0.0,0.0,0.0,0.0,0.0,0.37479115,0.841704,0.094760634,0.30421954,0.5676852,0.47292456,11.506798,9.581691,8.166639,5.529153,0.12473068,1.3264921,8.466399,1.576541,-17.038544,-0.7241753,-2.0983098,-4.884598,-13.011852,-0.763931,0.0,0.0,0.0,0.0,0.0,0.0,0.0,0.0,0.0,0.0,0.0,0.0,0.0,0.0,-201.0,0.0,0.0,0.0,0.0,0.0,-201.0,0.0,0.0,0.0,0.0,0.0,-201.0,0.0,0.0,0.0,0.0,0.0,0.0,0.0,0.0,0.0,0.0,0.0,0.0,0.0,0.0,0.0,0.0,0.0,0.0,0.0,1.8806782,8.629779,0.054964352,0.010169659,0.12836163,6.632653,0.0,0.0,0.0,1.9,0.0,-34.523922
./StandardData/2021.0606.145243.wav,0 days,0 days 00:00:00.949250,37.500538,0.11183206,32.859154,37.326733,42.112823,9.25367,14.566984,14.0529585,83.74715,0.0,0.23506087,0.43597633,0.16213489,0.21893488,0.30919725,0.14706236,4.279568,2.6368356,2.6714299,1.3512596,0.051837616,0.81979996,9.3323965,1.2485825,-2.7608607,-4.910491,2.7167294,5.8431673,-22.57737,-0.53872406,0.021777142,1.0220078,0.8185686,0.46180788,5.0383844,0.6565191,6.075656,1.6906819,15.684597,0.39925432,820.4998,0.25012738,1321.5948,0.23547837,-76.0972,-1.1837679,1831.0089,0.12418089,1037.3872,0.3719552,-73.144264,-1.2003906,2796.4346,0.08159626,971.12164,0.24384487,-76.97967,-1.0905138,-4.6480885,-1.5807912,12.25118,0.6482208,0.08309363,0.16479655,-0.0073716193,-2.0531688,0.05389446,0.87564623,13.192463,0.6671992,-7.0072427,-1.9007796,4.7696843,3.62333,-23.537285,-0.5311452,-2.5669637,9.305639,0.06926987,-0.011430468,0.054463856,7.5268817,3.4482758,0.18333334,0.10208928,0.13499999,0.044999998,-41.846912
./StandardData/2021.0606.145252.wav,0 days,0 days 00:00:00.644375,29.412462,0.23680633,24.400192,25.098183,34.835182,10.43499,142.7531,78.20868,124.21622,0.0,0.109771684,0.7750025,0.06430377,0.079148464,0.13386622,0.06956245,2.1557074,1.5698167,0.80274266,0.46336636,0.04236158,1.5524583,26.089466,0.34373233,4.245448,2.1950514,9.592538,1.208312,-3.3684878,-2.9204206,0.031578824,0.41314608,1.5140119,0.35878512,4.195472,0.32633066,23.583782,0.57716584,40.89413,0.22942813,754.4006,0.24418415,1434.851,0.16298859,-128.368,-0.65280837,1760.3073,0.10170903,1033.8131,0.14018813,-124.20918,-0.65195435,2897.1257,0.07016589,986.50653,0.2295457,-129.64804,-0.58179337,-16.882296,-0.33796543,30.074291,0.30630788,0.049200147,0.5389813,-0.0049769594,-3.0005836,0.05557752,1.3008921,29.43277,0.19738188,6.8271103,1.5006529,9.572075,1.579257,-0.12624164,-80.69332,-9.353145,20.909027,0.046410043,0.004025388,0.040189035,1.5873016,7.017544,0.049999997,0.03,0.099999994,0.053541258,-40.525803
./StandardData/2021.0606.145412.wav,0 days,0 days 00:00:01.585625,37.84339,0.10344822,33.0323,38.40173,41.69344,8.66114,179.67674,118.63422,81.49577,81.81123,0.7169184,0.9130133,0.059674174,0.5580732,1.393406,1.3337319,7.7629128,6.136363,4.642977,0.94552296,0.37790614,1.1013668,25.11193,0.36771742,1.2261338,6.8006706,-13.879711,-1.5107037,-37.459404,-0.5140899,0.014132471,1.2720894,0.8629898,1.1909299,9.589861,0.37771255,-0.22507948,-51.58582,35.87208,0.37333632,801.8322,0.17046608,1287.2074,0.15353963,-70.79356,-1.3451929,1922.2788,0.119524576,1125.8374,0.3494728,-84.534744,-0.96023417,3048.0195,0.06757992,992.2527,0.24233158,-89.79489,-0.8659921,-18.480268,-0.33954045,32.4479,0.30140594,0.07562904,0.24382374,-0.042476173,-0.41406703,0.5764509,0.69720006,28.893385,0.29791754,3.6994271,1.9564098,-22.301704,-0.9174671,-48.286736,-0.30121362,-7.7620907,16.973507,0.068085685,0.0036051744,0.033518314,1.9108281,1.9736842,0.32333332,0.24239545,0.12,0.0441588,-16.174177
./StandardData/2021.0606.145133.wav,0 days,0 days 00:00:00.552562500,37.11528,0.02936236,36.02264,36.92536,38.13962,2.1169815,13.669861,0.0,8.622074,0.0,0.14540766,0.64190936,0.05618597,0.12692627,0.20637634,0.15019038,1.3463346,0.45185357,0.6867114,0.8624364,0.032127578,0.90377015,17.571455,0.5335029,10.274165,1.0201455,6.029546,1.4951589,-20.46616,-0.58929694,0.0140933385,1.4618909,1.0322331,0.9328674,11.364412,0.14655548,-11.2367735,-0.83142257,16.329266,0.5355297,819.60547,0.11611607,1180.7886,0.12576008,-85.98886,-1.040868,2000.3809,0.042136796,932.6537,0.34097195,-99.10254,-0.78169256,2943.9336,0.04705348,894.1088,0.2152161,-97.524,-0.8092522,-21.465439,-0.3475841,28.484606,0.3166485,0.053519018,0.3451929,-0.014996888,-1.0099882,0.050924305,0.52103794,22.422043,0.35054675,16.51467,0.41697073,9.34892,1.0757016,-19.573275,-0.6578788,-5.1694813,14.345268,0.059004247,0.0118073495,0.007906498,5.555556,2.0833335,0.29,0.0,0.17,0.0,-39.713993
./StandardData/2021.0707.084904.wav,0 days,0 days 00:00:00.091812500,0.0,0.0,0.0,0.0,0.0,0.0,0.0,0.0,0.0,0.0,0.045261566,0.027229434,0.044093102,0.045283057,0.045913853,0.0018207505,0.033185262,0.0,0.20019077,0.0,0.0021559417,0.20615695,4.6815133,0.25344348,-11.512394,-0.18004328,3.4176898,0.95594466,-9.022805,-0.28278053,0.0,0.0,0.0,0.0,0.0,0.0,0.0,0.0,0.0,0.0,0.0,0.0,0.0,0.0,-201.0,0.0,0.0,0.0,0.0,0.0,-201.0,0.0,0.0,0.0,0.0,0.0,-201.0,0.0,0.0,0.0,0.0,0.0,0.0,0.0,0.0,0.0,0.0,0.0,0.0,0.0,0.0,0.0,0.0,0.0,0.0,0.0,3.0872064,9.017078,0.055584062,0.039460123,0.0027141254,0.0,0.0,0.0,0.0,0.02,0.0,-70.55212
./StandardData/2021.0606.145246.wav,0 days,0 days 00:00:00.780562500,47.94524,0.15381466,39.869705,53.73731,54.63646,14.766754,363.7414,0.0,-67.54837,0.0,0.5568255,0.7442914,0.13127851,0.4365748,1.010693,0.87941444,8.562727,4.5698495,9.43226,2.3594487,0.27061525,1.0439302,5.9890656,2.4407172,-22.932104,-0.5549866,-11.173838,-1.6562512,-33.009773,-0.5047209,0.019113937,1.2972893,1.291858,0.7017054,10.724358,0.7184382,8.493686,1.9596505,18.918684,0.78536916,840.8257,0.22966872,1074.0803,0.13797669,-138.17819,-0.62211293,1940.976,0.11006512,1004.8658,0.15802914,-127.733665,-0.6326785,2968.646,0.106799215,1116.2229,0.39614344,-128.39868,-0.6244382,-5.693293,-1.4669043,20.751928,0.8512426,0.06762307,0.40433222,-0.014787954,-1.0357063,0.3555518,0.81507117,11.477139,1.274137,-16.870316,-0.48071647,-17.598312,-1.4798572,-40.295403,-0.2942832,1.5104566,5.0813894,0.08470612,0.00032365165,0.25289062,5.194805,4.166667,0.089999996,0.053541258,0.13,0.065319724,-23.127342
./StandardData/2021.0614.114417.wav,0 days,0 days 00:00:00.575500,47.387054,0.11991022,42.316284,42.450092,54.251205,11.934921,-3.7614613,0.0,137.9682,0.0,0.3335113,2.2227168,0.05013096,0.060834393,0.27665412,0.22652316,6.798397,4.809461,13.149807,0.0,0.28879696,2.633945,20.557447,0.3618435,1.236006,8.116058,-2.005882,-7.0927715,-21.290857,-0.49772754,0.037837163,0.99858654,1.1614432,0.71073127,12.112163,0.24512783,9.106596,1.5496958,18.633875,0.89630556,874.9354,0.24543397,1323.1683,0.10154902,-153.48878,-0.48541805,1925.7561,0.12167359,1177.1658,0.16503823,-138.9296,-0.5380804,3036.7993,0.08111677,1048.8031,0.25577652,-141.81873,-0.5014933,-20.045889,-0.23193571,36.801094,0.09883521,0.07576441,0.19951607,-0.0084847165,-2.224879,0.15625133,1.8221902,26.4202,0.3771152,4.214465,2.2650626,-8.37379,-2.479605,-28.0645,-0.379132,-11.353621,25.086046,0.07482708,0.010662748,0.4334812,1.7857143,4.0,0.085,0.005,0.28,0.0,-21.863619
./StandardData/2021.0514.145748.wav,0 days,0 days 00:00:01.631625,27.628954,0.10137149,26.053827,27.244204,29.484892,3.4310646,51.507748,51.575447,21.095018,16.138628,0.19454344,0.59643596,0.07209562,0.1642109,0.32167554,0.24957992,2.0937011,0.9862139,1.7401927,1.3425679,0.114218466,0.9625538,26.444378,0.3416777,25.12939,0.47927573,11.731318,1.112965,4.5850344,3.6187856,0.04310037,1.6021203,1.4951061,0.6707678,6.990532,0.3785479,14.240215,0.67777705,30.926651,0.46881127,875.5143,0.2270489,1250.8806,0.15195616,-76.02989,-0.94719887,2043.6447,0.105169624,1202.0944,0.20958826,-87.35431,-0.7298767,3078.8296,0.079989985,1094.4329,0.2810015,-87.64582,-0.7237767,-27.489996,-0.29528338,39.09683,0.24224359,-0.042773616,-0.75024617,-0.011610287,-1.3094968,0.14485915,0.7224945,29.85854,0.26812127,30.337719,0.27650967,14.025285,1.0182989,8.588168,1.7022196,-15.370285,25.583752,-0.019037362,-0.0044813333,0.043108072,2.4691358,2.5477707,0.28,0.103198834,0.0875,0.0481534,-26.33726
./StandardData/2021.0707.085430.wav,0 days,0 days 00:00:00.988750,28.888798,0.046445068,27.683117,28.953247,30.03498,2.3518639,10.457898,5.633963,22.683369,6.685544,0.4499209,0.9592671,0.041206308,0.32701328,0.94287944,0.90167314,7.4333553,2.9608471,3.9019194,4.2337356,0.3070953,1.168273,32.18403,0.6126634,6.1977615,2.7251544,-4.588209,-3.7465713,-19.986912,-0.60252076,0.019610692,0.9730833,1.4759111,0.74256223,5.428599,0.74079615,6.8858447,0.8422083,46.197304,0.28724223,685.85706,0.28188327,1455.7158,0.16304816,-83.03848,-1.1370623,1770.2522,0.19369352,1263.617,0.23219506,-92.66224,-0.9072775,2965.323,0.0950517,1112.73,0.2056224,-101.71694,-0.75343674,-22.002317,-0.44895002,41.184357,0.18647379,0.05943554,0.44549388,-0.042907503,-0.40987912,0.51651764,0.6493978,47.35748,0.14253089,16.089508,0.7489141,-12.668721,-1.4193176,-22.14321,-0.5798855,-2.15586,11.727882,0.06472022,0.017414905,0.009521472,3.0927837,1.0869566,0.56,0.0,0.16499999,0.055,-21.395746
./StandardData/2021.0707.084527.wav,0 days,0 days 00:00:01.677500,29.284761,0.10916381,27.045605,28.457989,30.90049,3.854885,47.862392,21.754938,31.635086,26.444864,0.442271,0.7788225,0.07379785,0.3695512,0.7317269,0.65792906,9.326223,7.6446433,4.8743405,1.5817293,0.32432485,1.2388055,21.79921,0.59233946,7.5043554,2.9068465,22.302908,0.7156765,-1.6817604,-7.612011,0.022215683,0.5926086,1.2897224,0.6206447,6.517017,0.3730444,14.20862,0.70150703,40.049564,0.35183296,670.9161,0.3999888,1415.2891,0.14845634,-121.68209,-0.72045606,1790.9689,0.12868163,1075.4478,0.19724421,-123.57884,-0.6568919,2850.926,0.09612923,1147.0288,0.1905966,-125.46962,-0.63192934,-25.253057,-0.37067142,32.122448,0.34738624,0.03900046,0.78592414,-0.010560009,-1.2033951,0.44566324,1.0077622,28.757336,0.40021124,24.067982,0.34621927,32.92633,0.333288,5.447663,1.7510163,-6.457184,15.898216,0.05166493,0.007563381,0.24310444,3.6144578,1.863354,0.23666665,0.12657891,0.2075,0.18267114,-21.107767
./StandardData/2021.0606.145518.wav,0 days,0 days 00:00:00.667312500,26.080297,0.040566802,25.188938,25.621029,27.457382,2.268444,29.58792,0.0,-7.4508877,18.544628,0.07842137,0.651447,0.041227296,0.05622379,0.112499274,0.07127198,0.7948606,0.4950276,0.8749861,0.06663257,0.03684088,1.075842,28.699436,0.35357746,13.029926,0.7556696,16.727665,0.54766965,2.978956,3.1058388,0.024349397,0.64226735,2.4974463,0.49644804,4.5743723,0.31983945,18.132961,0.28858832,43.365887,0.14143968,624.3442,0.40545857,1526.9204,0.1252933,-136.83815,-0.58418256,1701.9,0.16590464,1262.8002,0.13567376,-142.12611,-0.50617045,2665.7654,0.13583182,1185.8718,0.32476258,-143.95554,-0.48489517,-25.303665,-0.39565364,35.793674,0.33541787,0.0016359834,12.526026,0.0026126741,5.0530605,0.04585386,0.76595986,31.808735,0.27487686,19.846107,0.5494478,22.244783,0.32794392,8.316801,1.1479936,-17.45962,28.299578,0.028221697,0.0045595844,0.036166415,3.0769231,3.3333335,0.099999994,0.04,0.11666667,0.04921608,-41.01994
./StandardData/2021.0606.145508.wav,0 days,0 days 00:00:01.080562500,39.68891,0.078425236,35.904484,42.189163,42.253902,6.3494186,158.36563,0.0,-1.7935182,0.0,0.23777333,1.6961957,0.047223777,0.07016597,0.25204754,0.20482376,23.324781,17.98192,10.958697,8.666312,0.22598255,2.4443362,14.232375,0.73869085,-2.876775,-3.88256,-0.21355356,-54.135002,-15.91681,-0.61673474,0.046217367,0.13689,3.207433,0.4163899,3.366079,0.9972906,12.048259,0.77138555,32.02465,0.19033107,876.28546,0.16563417,1274.9161,0.098188885,-182.78351,-0.28451282,1831.632,0.056607537,1094.71,0.1513552,-181.55557,-0.29149595,2927.2043,0.08355524,855.1793,0.10517072,-182.32024,-0.27924287,-9.602636,-0.53782356,26.560654,0.22838217,0.071780436,0.2734608,-0.017222684,-0.60712224,0.93192905,0.9339687,25.489079,0.29224268,-13.502194,-0.6172121,-19.469648,-0.31977168,-24.112051,-0.39521104,-6.0239043,15.66404,0.058438286,0.005787287,0.16684008,4.6728973,1.9607843,0.04,0.01,0.29666665,0.20154956,-27.170143
./StandardData/2021.0514.150024.wav,0 days,0 days 00:00:01.539750,28.08845,0.19615841,26.80428,28.785585,30.665976,3.8616962,47.45942,23.195845,99.85755,86.58307,0.14908652,0.59689635,0.062319104,0.121663444,0.24304241,0.18072331,1.7392558,0.8069163,1.0525898,0.46150336,0.09471331,0.98904616,24.10204,0.43293375,21.234072,0.58477914,16.439114,0.5970501,2.4727204,6.295652,0.0325912,0.75603974,1.5470223,0.7497822,7.4401927,0.48032436,11.167036,0.75578874,31.319803,0.37791586,963.4567,0.18587975,1260.352,0.14843228,-117.42433,-0.66110986,2057.1262,0.11294836,1172.6245,0.1275735,-122.74214,-0.5885934,3114.2156,0.07870288,1113.9564,0.2244819,-124.13163,-0.57099766,-30.013115,-0.2725438,43.40528,0.21335992,-0.039893784,-0.51254463,-0.0038324283,-1.9276693,0.15160517,0.5798922,29.745874,0.34858668,29.249762,0.27882427,21.378628,0.369529,13.224253,0.72321266,-16.179573,25.8359,-0.019088203,-0.0020449853,0.04159984,3.9473684,2.7210886,0.17999999,0.13546216,0.1625,0.06759253,-29.459436
./StandardData/2021.0616.114127.wav,0 days,0 days 00:00:01.539750,31.380089,0.17070764,28.439663,30.236704,35.302223,6.8625603,243.92015,184.96165,43.624195,14.997098,0.50786865,0.8847962,0.05502672,0.41421193,0.9043807,0.84935397,4.98004,2.3087313,7.335116,2.2392335,0.3762084,1.0049556,34.47486,0.42623678,12.247315,1.4046608,4.6017447,3.755381,-18.796272,-0.7048057,0.032299418,1.2292936,1.2628984,0.76489097,5.9116435,0.5790298,3.9607706,2.0700564,39.039932,0.2591097,669.4182,0.29629114,1525.3966,0.20490657,-71.16213,-1.221827,1800.5813,0.14553647,1246.4138,0.1951093,-82.907974,-0.9043422,2882.037,0.10808306,1205.0825,0.2724609,-87.53085,-0.81751925,-25.211147,-0.38506022,37.349323,0.18521418,0.0738936,0.30186093,-0.036214553,-0.4697435,0.5219638,0.7121542,41.502037,0.18806513,16.74469,0.7955644,4.685008,4.3079705,-15.172909,-0.87987864,-11.975619,20.186142,0.07690252,-0.008955009,0.09135169,3.2894738,2.7210886,0.24499999,0.22522211,0.0975,0.064951904,-20.132845
./StandardData/2021.0514.150001.wav,0 days,0 days 00:00:00.437750,0.0,0.0,0.0,0.0,0.0,0.0,0.0,0.0,0.0,0.0,0.09266759,0.278345,0.05840315,0.09774994,0.111101724,0.052698575,0.47140163,0.12200613,-0.15131722,0.32797018,0.118763894,0.8852713,21.718622,0.26770687,13.745201,0.6516642,14.751311,0.68241876,-1.000738,-12.363634,0.0,0.0,0.0,0.0,0.0,0.0,0.0,0.0,0.0,0.0,0.0,0.0,0.0,0.0,-201.0,0.0,0.0,0.0,0.0,0.0,-201.0,0.0,0.0,0.0,0.0,0.0,-201.0,0.0,0.0,0.0,0.0,0.0,0.0,0.0,0.0,0.0,0.0,0.0,0.0,0.0,0.0,0.0,0.0,0.0,0.0,0.0,-24.464497,34.85073,-0.05638872,0.0020990765,0.13322762,4.7619047,0.0,0.0,0.0,0.35999998,0.0,-35.066345
./StandardData/2021.0714.095523.wav,0 days,0 days 00:00:01.080625,29.413546,0.14178303,25.58099,27.483046,34.79686,9.21587,-9.730824,0.0,36.685585,0.0,0.22220865,1.1478655,0.043524772,0.13257404,0.3116118,0.26808703,3.576696,1.9097595,3.1484272,2.5711024,0.13668841,1.3765643,28.41141,0.5083518,7.5151052,2.0745723,5.587504,2.4210727,-9.610937,-1.1785736,0.032485917,0.6917167,2.1118767,0.60773486,3.9642928,0.5073593,5.4524317,1.4394721,37.860107,0.32560354,650.0103,0.3261779,1389.3577,0.11912933,-138.7113,-0.6007842,1787.5559,0.16122091,1109.2684,0.20665133,-139.42824,-0.5558341,2905.4397,0.09474805,1118.4629,0.27958918,-141.62263,-0.52567774,-20.108736,-0.43389425,35.441307,0.2721052,0.054303646,0.49534628,-0.024677206,-0.79729456,0.3139722,0.7132313,38.93234,0.3279505,15.774772,0.9055122,6.6376243,2.7210083,-5.849092,-1.9741931,-10.462752,23.064936,0.048824422,0.004095165,0.04727607,3.738318,2.9411764,0.11333333,0.00942809,0.1525,0.101581246,-29.445047
./StandardData/2021.0614.014108.wav,0 days,0 days 00:00:00.575500,26.467312,0.015589312,26.175707,26.373129,26.529926,0.35421944,14.591176,8.8094845,11.768914,0.0,0.16356996,0.49568972,0.07750374,0.14770487,0.19599943,0.11849569,2.8189514,2.4787283,1.4021535,1.1137769,0.043971553,1.0286711,14.817618,0.70237595,5.5082307,1.3127286,15.325041,0.7016108,-4.084216,-2.2896078,0.035067994,0.44799444,1.3374302,0.44673887,4.000421,0.37719876,-2.075444,-3.474896,14.10983,0.40935624,669.23773,0.309544,1345.9691,0.13921867,-143.3123,-0.56385225,1773.9829,0.1024392,971.6038,0.19132413,-143.94518,-0.5357369,2678.5515,0.060694337,978.9321,0.3256491,-143.35689,-0.5441363,-17.609356,-0.18000631,25.469378,0.20009962,-0.011271063,-1.7096238,-0.0031714453,-2.4297788,0.086188465,0.59921265,22.779276,0.12887779,14.379793,0.18372661,24.583977,0.14237703,3.532156,0.6961259,-7.910832,16.288284,-0.0012906746,0.0006714037,0.027216576,5.357143,1.9607843,0.16,0.0,0.16,0.06,-41.790108
./StandardData/2021.0707.084741.wav,0 days,0 days 00:00:02.366250,31.186867,0.1141779,27.51208,32.995697,34.189583,6.6775036,41.009403,17.74203,23.416712,10.365097,0.43832424,0.7249586,0.15477337,0.3883431,0.694456,0.5396826,7.3331666,3.4805117,8.312885,4.6724305,0.26017448,0.8396712,34.251945,0.44962853,9.68956,1.5762929,4.863926,3.338271,-8.88675,-1.3804295,0.030893393,1.2250891,1.5487653,0.67780524,6.3659673,0.5858524,4.4799066,1.7228419,38.73696,0.27396178,638.673,0.34575087,1399.5122,0.13578247,-58.111576,-1.3731486,1682.7296,0.1599374,1123.7861,0.29398713,-69.65112,-1.0361981,2859.1992,0.09271803,1001.2549,0.22915986,-80.208145,-0.82333046,-19.23333,-0.5421892,35.88177,0.2820296,0.0577155,0.37574106,-0.01934578,-0.9662081,0.3308962,0.63461655,40.28892,0.25010177,12.743415,1.0319426,3.5985723,4.6339965,-7.242177,-1.6407839,-7.830046,19.368153,0.063340984,0.0066533173,0.07573038,5.531915,2.6086957,0.27666664,0.19413625,0.08333333,0.06209312,-23.981775
./StandardData/2021.0707.084646.wav,0 days,0 days 00:00:01.034687500,27.441492,0.058736697,25.755302,27.22507,29.681816,3.9265137,16.285458,0.0,5.08181,4.33211,0.28543952,1.0041769,0.036536213,0.1330751,0.5558846,0.5193484,4.361548,3.1347873,4.000231,2.57251,0.11663907,1.2902832,28.852661,0.6111301,2.4928672,6.3528624,5.737926,3.1072993,-6.187353,-2.2421012,0.012828982,1.1227951,1.4757582,0.8870564,7.0916853,0.22768855,-0.8456299,-6.2487893,25.314964,0.4180843,623.3846,0.33348677,1392.1544,0.14695816,-76.33257,-1.1543257,1613.8318,0.1708952,1029.7118,0.15523781,-82.04592,-1.012441,2765.9165,0.077173345,933.0169,0.37011367,-88.78814,-0.8748573,-19.310162,-0.3840038,31.41414,0.22269921,0.04914327,0.7262763,-0.015034248,-1.111547,0.18241397,0.8705902,40.403584,0.2469541,8.859007,1.4205285,4.0135207,5.1530404,-3.0806317,-4.419724,-4.140347,13.024761,0.061488237,0.01981927,0.00862755,1.9607843,2.0618558,0.31,0.13,0.099999994,0.06683312,-28.129744
./StandardData/2021.0714.095123.wav,0 days,0 days 00:00:01.264249999,27.456835,0.054865956,26.354115,26.768326,30.014286,3.6601715,33.636078,39.53587,9.588682,5.285602,0.23592636,1.02244,0.03687444,0.15268971,0.41642365,0.3795492,5.391579,3.82164,3.651795,1.5937085,0.12538798,1.2682055,31.427664,0.5669459,11.4337635,1.5271288,5.3094807,2.9912536,-19.420334,-0.9501941,0.017574094,0.7843331,1.5816503,0.8140597,5.1659017,0.55585533,4.2953644,1.5669767,43.91391,0.2501411,701.92053,0.24380697,1419.492,0.10203384,-81.7986,-1.0717702,1827.7959,0.14543611,1214.2887,0.15277976,-97.13231,-0.77980864,2991.213,0.071942,1095.8485,0.27354753,-103.00968,-0.6885268,-23.753675,-0.26218948,41.95034,0.19215797,0.046565555,0.6484605,-0.03702393,-0.8308607,0.20467326,0.7981917,43.93155,0.2226652,22.545181,0.34821048,4.051527,4.479531,-19.524057,-1.0939485,-5.7292514,14.764198,0.06372085,0.009423431,0.0087963035,3.2,3.3333335,0.1775,0.05804093,0.08,0.07771744,-27.886555
./StandardData/2021.0714.095035.wav,0 days,0 days 00:00:01.493812500,29.467133,0.09681846,26.065174,30.844614,32.047718,5.982544,36.29688,16.754921,-24.285324,44.29379,0.4009976,0.9450736,0.05610729,0.31003827,0.6385986,0.58249134,4.7078333,3.2395878,4.6337657,3.850444,0.2650458,1.1519024,32.96993,0.40640083,6.6132026,2.9856896,4.8164425,3.6347656,-3.2525172,-3.7538433,0.035847247,1.1194184,1.1877414,0.85172176,5.3438683,0.65644544,10.33968,0.66042,44.01835,0.18749833,641.13873,0.26039502,1436.9564,0.10650696,-112.13617,-0.83472437,1689.4308,0.14029856,1195.6045,0.17531003,-116.843315,-0.72163564,2850.8904,0.08326111,1063.3896,0.20174323,-123.56912,-0.6237244,-21.079983,-0.51249415,36.796505,0.22495596,0.048899665,0.41546166,-0.026191331,-0.834099,0.43157306,0.8000737,44.436005,0.10549077,13.336962,1.3863873,-2.6031373,-6.6903195,-5.5424733,-2.4584668,-10.815253,20.177305,0.05193088,0.0046997834,0.13334596,3.3783784,2.097902,0.22,0.2222611,0.175,0.047169905,-23.928448
./StandardData/2021.0707.084816.wav,0 days,0 days 00:00:01.998875,32.35572,0.08447088,31.021725,33.1257,34.39742,3.3756943,27.025251,9.595114,20.502161,9.744436,0.4418112,0.7327643,0.098044574,0.39941216,0.7463373,0.6482927,10.05081,5.9150186,8.806226,3.718142,0.3717042,1.0429004,36.49751,0.40388975,13.917015,1.062115,7.992128,2.0279424,-15.468797,-0.9174773,0.021112923,0.9219626,1.4270829,0.7008587,7.8394437,0.32688186,8.511554,0.93768656,44.61253,0.26831672,647.5841,0.36594978,1441.5524,0.13821936,-59.143322,-1.3558177,1738.2423,0.18433589,1202.0757,0.25335425,-70.34795,-0.97842526,2898.2603,0.10425892,1038.8673,0.27624908,-78.18752,-0.8217779,-24.420452,-0.27565587,39.868946,0.23027493,0.06675245,0.43576285,-0.026148405,-0.5403171,0.46990383,0.84928757,42.71436,0.21961017,18.15381,0.5469494,7.139998,2.5079467,-13.340526,-1.0577441,-10.429817,18.695524,0.08532417,0.006162313,0.0788363,5.050505,1.5544041,0.48666668,0.04027682,0.099999994,0.078740075,-21.158825
./StandardData/2021.0707.085525.wav,0 days,0 days 00:00:01.677500,30.165638,0.09144395,28.083029,30.402952,32.834717,4.751688,43.760468,32.768,28.828705,9.404464,0.5440252,0.7621271,0.12576796,0.4842177,0.9531669,0.82739896,11.904809,8.140489,8.903366,6.3464646,0.399956,0.9483438,37.074257,0.41731384,7.968665,1.8880904,-3.8752725,-3.798209,-15.835604,-0.8926103,0.034313865,1.1062173,1.2714146,0.6913077,5.5169044,0.50909406,6.9810047,1.4432899,44.230095,0.21263738,690.7739,0.25311708,1400.3492,0.16514158,-74.793785,-1.2044228,1792.4733,0.159827,1109.8005,0.20337392,-86.13432,-0.9231008,2971.6782,0.09829428,1150.3396,0.3474202,-95.69554,-0.7591999,-19.783333,-0.47228825,37.40568,0.2518545,0.05665656,0.395054,-0.03453215,-0.68078953,0.5640677,0.67238617,43.859104,0.20687369,11.70875,1.0604073,-4.550564,-3.5105705,-13.962227,-1.0534221,-11.749317,25.2035,0.05742868,-0.010701589,0.13404751,4.2168674,3.10559,0.19999999,0.13069047,0.12,0.08396428,-20.572441
./StandardData/2021.0714.095103.wav,0 days,0 days 00:00:01.861125,29.301744,0.1264722,26.215021,28.98654,32.28605,6.0710278,26.721687,8.60432,38.69137,18.446493,0.3697101,0.8046287,0.06656577,0.2648397,0.64945453,0.5828888,5.973993,3.2150288,4.4969134,1.8572407,0.19629061,0.92255664,30.452015,0.5128807,7.0024357,2.2146306,8.873357,1.8520287,-6.5761023,-2.3371577,0.024012845,1.2221981,1.5448991,0.647521,5.7707725,0.55517036,2.8123393,2.8859222,33.5318,0.39754257,666.1483,0.3494908,1383.9717,0.16786745,-86.356514,-1.0131644,1692.2571,0.11407535,1046.1957,0.3746499,-91.504326,-0.88849634,2855.808,0.061732322,982.5373,0.20408751,-99.21947,-0.7611855,-17.63443,-0.48648795,29.641113,0.29565114,0.054710858,0.52710295,-0.020244395,-1.0691359,0.2867409,0.59521186,36.243805,0.3823797,8.617077,1.481502,9.368465,2.0725195,-3.625844,-3.9787993,-13.268793,23.694803,0.052782174,-0.0016417217,0.07114358,3.783784,3.888889,0.14714286,0.17326398,0.0775,0.074119836,-25.34509
./StandardData/2021.0606.145538.wav,0 days,0 days 00:00:00.483625,0.0,0.0,0.0,0.0,0.0,0.0,0.0,0.0,0.0,0.0,0.13335131,1.5915462,0.035588074,0.053784024,0.12328691,0.08769883,1.9699064,1.0740386,5.445567,0.0,0.12158267,2.800993,17.772327,0.52480614,-3.8923237,-3.849332,-3.578408,-3.7397063,-20.3343,-0.26746586,0.0,0.0,0.0,0.0,0.0,0.0,0.0,0.0,0.0,0.0,0.0,0.0,0.0,0.0,-201.0,0.0,0.0,0.0,0.0,0.0,-201.0,0.0,0.0,0.0,0.0,0.0,-201.0,0.0,0.0,0.0,0.0,0.0,0.0,0.0,0.0,0.0,0.0,0.0,0.0,0.0,0.0,0.0,0.0,0.0,0.0,0.0,-5.4556494,18.801842,0.07947926,0.0070552994,0.13864438,2.1276596,0.0,0.0,0.0,0.41,0.0,-31.887604
./StandardData/2021.0714.092113.wav,0 days,0 days 00:00:00.575500,0.0,0.0,0.0,0.0,0.0,0.0,0.0,0.0,0.0,0.0,0.19401327,1.2278888,0.028443163,0.047882494,0.4644979,0.43605474,1.0314406,0.8244663,2.934732,0.0,0.05481737,1.4529617,6.7084775,1.6023902,-20.116503,-0.33026162,4.081876,1.6848537,-23.660128,-0.24992435,0.0,0.0,0.0,0.0,0.0,0.0,0.0,0.0,0.0,0.0,0.0,0.0,0.0,0.0,-201.0,0.0,0.0,0.0,0.0,0.0,-201.0,0.0,0.0,0.0,0.0,0.0,-201.0,0.0,0.0,0.0,0.0,0.0,0.0,0.0,0.0,0.0,0.0,0.0,0.0,0.0,0.0,0.0,0.0,0.0,0.0,0.0,2.6204367,6.4266915,0.08880623,0.017388055,0.06116817,1.7857143,0.0,0.0,0.0,0.5,0.0,-39.919285
./StandardData/2021.0614.014053.wav,0 days,0 days 00:00:01.493875,27.459875,0.10158484,26.17689,27.628626,29.981928,3.8050385,116.35994,55.086414,31.354824,11.521629,0.17226003,0.4124688,0.10422493,0.15555014,0.23852336,0.13429844,1.2628363,0.66869277,1.6220646,0.618239,0.10030285,0.8300721,26.496965,0.35501435,25.8311,0.3097675,15.31656,0.7158485,7.5619884,1.5763913,0.031338215,1.1464261,1.4813688,0.6880628,6.9543953,0.28907022,11.648659,0.86823803,34.84651,0.23786223,855.44867,0.25712335,1453.0833,0.18651962,-93.402374,-0.7974352,1904.4331,0.12987703,1394.9504,0.27212417,-100.30755,-0.6772404,3007.1614,0.08600078,1118.342,0.25215292,-103.15637,-0.64121664,-28.316591,-0.28153643,40.41691,0.24253573,-0.034324877,-0.43825826,-0.0023436814,-3.3371124,0.13428281,0.63537896,29.63728,0.29022098,29.125587,0.21377277,17.91949,0.6507602,13.172746,0.7957959,-18.711882,28.988834,-0.028391942,0.0019019218,0.05125178,4.7297297,4.285714,0.14166667,0.11596215,0.071666665,0.04219663,-29.033897
./StandardData/2021.0707.085441.wav,0 days,0 days 00:00:01.493812500,29.242313,0.11761269,26.210634,29.670273,32.575466,6.364832,58.24054,17.039173,27.051105,7.027279,0.4062934,0.8689672,0.04775868,0.32684237,0.7411457,0.693387,5.1533856,4.0862565,6.5458717,3.4262652,0.24775065,1.0272205,32.660248,0.5610734,11.820093,1.2880396,7.7941737,2.0694041,-13.869673,-0.76439667,0.02974686,1.0982672,1.2009128,0.6714883,5.6985636,0.5110449,4.066383,1.8225964,44.199787,0.17693447,579.7536,0.31996524,1369.8578,0.1170804,-81.14185,-1.118754,1640.9056,0.15251768,1230.6967,0.30404267,-93.20291,-0.86121166,2839.7996,0.07455964,1043.4391,0.28797632,-102.18161,-0.71467614,-22.738798,-0.39097288,38.35554,0.24815568,0.06151872,0.33451527,-0.024344724,-0.76788723,0.3518682,0.7398894,43.766476,0.23720752,15.731505,0.8783309,2.6636195,6.3461185,-13.131072,-0.9313287,-9.241441,17.648584,0.067068644,0.005484569,0.10638471,4.7297297,3.4965036,0.166,0.15239422,0.08166667,0.07447968,-23.298292
./StandardData/2021.0614.114312.wav,0 days,0 days 00:00:02.044812500,27.868998,0.10912029,25.88485,28.166586,29.331644,3.4467945,34.22428,17.02279,28.283792,12.856599,0.55123866,0.91523826,0.0754643,0.3823513,1.0270698,0.9516055,11.690431,6.43159,10.935886,5.2333956,0.44319406,1.1326919,36.3097,0.36216143,8.09077,1.6929629,4.6280813,3.2556863,-5.6867833,-2.4066548,0.025218405,1.1779075,1.5304403,0.7884121,5.406485,0.47380334,4.424754,1.4226885,38.00349,0.22413765,602.4232,0.32671311,1428.5234,0.12297254,-78.14231,-1.1448821,1664.0294,0.16502191,1148.59,0.21219638,-88.93854,-0.90048313,2845.2795,0.10141837,973.3864,0.2732034,-95.60835,-0.7836904,-22.033054,-0.3587436,35.375744,0.21936771,0.043644797,0.5078749,-0.027274558,-0.7403063,0.6317939,0.8340703,43.242397,0.20470971,13.783056,0.8154963,6.141011,2.8741002,-2.4330344,-5.814785,-10.437181,22.222265,0.046349086,-0.0020142633,0.13906299,3.9408867,2.5252526,0.24399999,0.22059917,0.10833333,0.060392234,-19.101645
./StandardData/2021.0714.095053.wav,0 days,0 days 00:00:00.851000,28.232128,0.037199635,27.117691,28.332056,29.267323,2.1496315,26.584732,15.035202,24.252441,5.069619,0.33357254,1.0333605,0.043816604,0.17003769,0.6870997,0.64328307,5.3913436,1.8818508,8.754788,4.7783527,0.22360928,1.1566411,28.158268,0.66864014,1.279885,11.426434,-0.09624699,-148.39595,-16.330011,-0.7788323,0.024664156,0.6053333,2.1754684,0.5217686,4.414431,0.32979465,-0.6154912,-6.2694182,34.49194,0.20466933,541.651,0.31883928,1380.8757,0.080551945,-129.41733,-0.7149981,1635.3892,0.13547432,1089.5428,0.13630223,-133.87813,-0.62717056,2770.0876,0.08534727,1175.6511,0.20070986,-139.46632,-0.5496998,-19.76051,-0.22992745,36.401558,0.21183097,0.06957227,0.24252936,-0.030434566,-0.30637652,0.48295745,0.4063191,44.437325,0.17139436,9.358771,1.0047495,-2.3378813,-9.053648,-8.728201,-1.2225804,-7.956028,18.914381,0.06720533,-0.009852709,0.09727339,4.7619047,2.5316458,0.13499999,0.085,0.15666667,0.09104334,-25.742828
./StandardData/2021.0606.145027.wav,0 days,0 days 00:00:01.126500,37.970974,0.05939069,34.875904,38.735737,40.026436,5.150532,28.94535,10.822153,32.191044,1.696518,0.17689879,0.6773471,0.056104034,0.1626637,0.27668467,0.22058064,1.8228976,0.6568137,2.2327218,1.1089889,0.06082527,0.9228749,21.118177,0.79187983,7.5905733,2.0022182,0.599412,15.559483,-28.586124,-0.5796877,0.018398223,1.4724221,0.9401405,0.55858463,10.665768,0.29806176,11.394758,1.7205505,40.294254,0.24013938,673.617,0.20069937,1431.4498,0.19907297,-92.51659,-0.9607512,1871.3481,0.07675044,1248.7825,0.22911142,-97.99739,-0.7691389,2949.8408,0.065789446,1218.759,0.33552676,-99.692245,-0.7434929,-26.58724,-0.33481148,36.3374,0.3133735,0.08444101,0.23655038,-0.03928723,-0.41316548,0.08720056,0.5042255,31.32797,0.30118585,17.349041,0.5369382,2.2636962,4.64328,-37.059395,-0.40610266,-2.469869,9.889391,0.07341738,0.009734692,0.02329719,4.5045047,1.8867925,0.325,0.095,0.12,0.058878407,-33.887386
./StandardData/2021.0606.145405.wav,0 days,0 days 00:00:01.310187500,40.12745,0.107580386,35.62938,39.609436,44.733517,9.104137,66.359505,17.810003,30.412695,0.0,0.97209054,0.9702619,0.060845457,0.5326694,1.9534599,1.8926144,16.532772,12.076357,12.865524,6.980923,0.8626274,1.2150446,23.277359,0.4146144,-10.113463,-0.6048453,-17.245247,-0.9909795,-36.827488,-0.42653266,0.04948772,1.420611,1.6209599,0.9152991,7.654969,0.33089244,4.3702903,3.0082805,32.330055,0.31567088,762.0288,0.27945465,1374.1262,0.20052768,-88.50163,-1.0851763,1761.8368,0.1354447,1203.6207,0.19603777,-86.43299,-0.9744075,2925.5564,0.08313088,1028.002,0.38500315,-93.0608,-0.85542303,-10.893572,-0.40609512,28.623522,0.31584126,0.07763881,0.22592969,-0.028074088,-0.5368925,1.3731998,0.7600495,27.04643,0.3625131,-9.257,-0.69972736,-24.120705,-0.67399156,-45.058258,-0.2867897,-5.362597,17.56133,0.07943295,0.004362897,0.107347324,3.0769231,2.4,0.25333333,0.08956686,0.105,0.06800735,-14.536382
./StandardData/2021.0714.095430.wav,0 days,0 days 00:00:02.090750,27.279089,0.1106976,25.847248,27.152905,29.748508,3.9012604,45.144775,18.502085,78.311356,59.203148,0.3438422,0.91033316,0.06887336,0.24895914,0.6331732,0.5642999,7.515026,5.8663707,5.317951,2.6478033,0.19745778,1.139466,29.7101,0.5334307,8.375449,1.7485584,14.44846,1.2801039,-1.9160607,-7.1951795,0.027334714,0.8302529,1.7144533,0.7388803,5.216795,0.5162389,6.5047083,1.4140124,37.686844,0.3205613,681.0,0.29961008,1337.2766,0.15638693,-106.078606,-0.8358837,1759.6372,0.13163014,1229.9832,0.25007513,-114.4486,-0.68729866,2877.942,0.07822869,1078.7266,0.20370857,-119.571365,-0.6161356,-22.42494,-0.4248573,37.01613,0.22783083,0.02963313,1.2103894,-0.015727967,-1.4032835,0.27757245,0.8715367,40.175446,0.2574469,15.062034,0.8844311,8.955656,2.407544,-2.3060524,-7.1371846,-9.549835,19.91267,0.03474652,0.008878758,0.12575488,3.3653848,3.9408867,0.12,0.12796484,0.12571429,0.051507875,-26.637913
./StandardData/2021.0616.112458.wav,0 days,0 days 00:00:01.402000,29.680796,0.08589638,27.644682,28.371119,32.355095,4.710413,36.27231,22.35979,7.048845,8.625332,0.49394742,0.83624834,0.05126512,0.44008288,0.91166425,0.8603991,8.8614435,5.1146793,8.836889,4.9256234,0.32477206,1.0676562,33.701683,0.50617063,9.351466,1.7659489,-0.6170807,-26.7536,-15.660049,-0.9368632,0.018376999,1.002328,1.1800565,0.8228132,6.8423047,0.4347001,0.96061426,8.96762,41.647415,0.29097998,625.60406,0.30782896,1458.2052,0.17540374,-57.697968,-1.4521139,1706.5077,0.1544647,1174.5967,0.16573563,-71.97496,-1.0215832,2892.3193,0.08289631,1114.919,0.1924482,-83.032814,-0.8002987,-20.535461,-0.43498722,37.856945,0.2713801,0.062509134,0.44050306,-0.028183918,-0.8036649,0.40611097,0.78004175,41.809772,0.26700985,15.3895,0.85530514,-2.9620793,-6.005691,-15.958366,-0.9931486,-5.220669,15.979098,0.061748005,0.013960438,0.1476323,5.035971,2.238806,0.32,0.23537204,0.099999994,0.070710674,-20.66603
./StandardData/2021.0525.101517.wav,0 days,0 days 00:00:00.483687500,27.684301,0.0055607357,27.57205,27.69229,27.798151,0.22610092,0.0,0.0,-0.12561099,0.0,0.09428424,1.1483905,0.033025816,0.05560707,0.105857894,0.07283208,0.8545429,0.7036481,2.7060263,0.0,0.04338766,1.8830024,18.75198,0.68783814,-5.5792503,-2.7064984,8.268096,1.4933375,-13.074444,-1.0887908,0.0,0.0,1.8354075,0.0,-2.5667777,-0.13744155,-13.283759,-0.047352348,13.250291,0.265263,1103.5345,0.016262956,1027.4985,0.025023626,-187.26424,-0.21854742,2091.6353,0.013068619,932.55743,0.013210547,-187.51712,-0.2136445,3159.189,0.007876473,747.57513,0.025607005,-187.96092,-0.2065413,-2.012667,-0.37587315,9.952442,0.083405755,0.095635355,0.038546335,0.017883232,0.040233288,0.0022201613,0.01951398,7.747275,0.07294137,-15.05179,-0.07144305,-4.569734,-0.30969647,-25.735382,-0.014874365,-8.748459,20.05687,0.06744772,0.014703824,0.05423152,2.1276596,2.3809524,0.02,0.0,0.185,0.005,-40.006588
./StandardData/2021.0614.114021.wav,0 days,0 days 00:00:02.044812500,30.081354,0.08183069,28.243889,30.944,32.058617,3.8147278,118.41988,133.90263,76.22377,105.18786,0.6740843,1.0976508,0.0885322,0.35272574,1.3568609,1.2683287,13.459994,14.138324,8.479076,6.275964,0.684509,1.1596956,33.140305,0.42788813,21.344559,0.888909,0.034542754,488.82248,-9.747127,-1.4736991,0.02977357,1.7377914,1.9293886,0.65291923,7.0641956,0.39330092,4.535123,3.2003727,50.186428,0.2548796,654.0567,0.25191835,1444.2441,0.17930311,-82.23593,-1.0635873,1781.1166,0.117264,1276.0868,0.14377908,-97.17894,-0.76331776,2948.1611,0.06827935,1193.2783,0.24952228,-104.52569,-0.6578795,-29.459412,-0.3198422,43.356125,0.19786638,0.054790206,0.46029547,-0.035352536,-0.6497805,0.9721059,0.8170442,40.396835,0.21523027,30.729767,0.3369391,0.45641667,43.159462,-9.888392,-1.5194918,-10.900115,23.630934,0.04461109,0.0036581387,0.20290223,3.4482758,2.5252526,0.24599999,0.23896445,0.10666667,0.091408715,-14.178827
./StandardData/2021.0514.145952.wav,0 days,0 days 00:00:01.080562500,28.789967,0.059154414,27.350367,28.74893,30.57653,3.2261639,30.898645,15.60556,31.73646,6.3938847,0.17158416,0.67093056,0.06529473,0.14629526,0.27021816,0.20492344,1.5167289,0.99583495,1.4620819,0.26879618,0.080168575,0.8349165,23.597834,0.32992876,23.40629,0.58584785,16.54062,0.79118663,6.244887,2.7554944,0.024636447,1.0399374,1.4805787,0.92126507,8.089203,0.24811707,10.446706,1.3443177,26.122742,0.64546406,938.79865,0.18988155,1413.4417,0.18544821,-83.70242,-0.8578138,2006.4161,0.11427289,1166.8422,0.1721838,-89.30088,-0.7617456,3124.0276,0.069430545,1059.659,0.26572993,-91.595726,-0.7238215,-29.207655,-0.3001134,39.22659,0.23484209,-0.041764185,-0.5331311,-0.005344891,-1.3141265,0.11158608,0.5138806,27.573372,0.2025609,29.58907,0.3251224,21.59784,0.5090954,14.633428,0.75344735,-15.05005,25.714344,-0.0057154708,0.00029473714,0.013663175,2.8037386,1.9607843,0.355,0.315,0.125,0.065,-27.189653
./StandardData/2021.0606.145207.wav,0 days,0 days 00:00:00.667312500,0.0,0.0,0.0,0.0,0.0,0.0,0.0,0.0,0.0,0.0,0.5421325,1.5619609,0.034754273,0.09768375,0.98265034,0.94789606,16.868376,13.042777,25.852924,7.4769287,0.5138684,2.1599488,13.780078,0.7186801,-1.8795975,-5.236917,6.580823,1.4077379,-11.428072,-0.63964146,0.0,0.0,0.0,0.0,0.0,0.0,0.0,0.0,0.0,0.0,0.0,0.0,0.0,0.0,-201.0,0.0,0.0,0.0,0.0,0.0,-201.0,0.0,0.0,0.0,0.0,0.0,-201.0,0.0,0.0,0.0,0.0,0.0,0.0,0.0,0.0,0.0,0.0,0.0,0.0,0.0,0.0,0.0,0.0,0.0,0.0,0.0,-6.351057,14.2167845,0.037464928,0.003147752,0.56593287,3.0769231,0.0,0.0,0.0,0.59,0.0,-18.726795
./StandardData/2021.0614.113936.wav,0 days,0 days 00:00:03.651937500,27.082142,0.10776063,24.721334,26.732084,29.076797,4.355463,109.08544,240.98782,39.022785,20.872368,0.1579317,0.48317474,0.09496589,0.14282349,0.21654752,0.12158163,2.0499392,1.0643796,1.519336,0.81275976,0.09900352,0.733067,31.194988,0.39784986,22.10285,0.5683391,29.316572,0.40884155,9.972051,1.4296407,0.022879673,0.811834,1.4666581,0.90273607,7.2182674,0.27652752,18.154034,0.6078141,40.652584,0.31789678,850.39954,0.3240327,1412.081,0.14353071,-82.38997,-0.8441972,1956.4785,0.1378916,1288.3912,0.24230012,-90.24912,-0.6935634,3034.4534,0.08459809,1187.3875,0.3136916,-91.1155,-0.68099576,-30.21629,-0.2993203,41.66472,0.2734177,-0.017588485,-1.3489327,0.0024250788,4.2252398,0.11039211,0.65994537,34.936222,0.24924362,26.108732,0.2849416,30.210848,0.32934284,12.687414,1.0123392,-16.872635,26.818436,-0.0048038755,0.01588325,0.07641787,5.494506,3.9106145,0.175,0.08699343,0.06916666,0.046450395,-30.448122
./StandardData/2021.0616.104918.wav,0 days,0 days 00:00:01.310187500,29.34242,0.13458478,25.766552,29.979223,32.828327,7.061775,23.83868,0.0,24.374817,13.594602,0.4276248,0.912892,0.051535767,0.32198685,0.7792853,0.7277495,4.715243,1.9944823,4.835108,2.9223604,0.2089745,1.2343398,29.87454,0.504154,2.1594465,6.8145227,5.039504,2.5010917,-9.142224,-2.2349288,0.0212481,1.1314207,1.2020353,0.57334316,6.9511547,0.48091942,1.9263806,3.4153812,28.9154,0.3460769,781.8569,0.22190152,1268.4701,0.10984164,-73.85096,-1.1803461,1824.4366,0.09490079,1029.6442,0.23354611,-82.393814,-0.9824988,2917.6226,0.07031296,922.9185,0.21654809,-89.31551,-0.85189545,-17.983736,-0.46178478,29.334192,0.29411337,0.052756075,0.46084768,-0.03566348,-0.70556206,0.28097978,0.98202527,37.49242,0.2183524,6.5259614,2.0149415,6.667826,1.8431059,-4.3849654,-4.989652,-6.6502376,17.446766,0.060973186,-0.003375509,0.092467874,2.3076923,2.4,0.26666665,0.25460207,0.095,0.07889867,-22.034525
./StandardData/2021.0714.092117.wav,0 days,0 days 00:00:01.310125,29.633015,0.052581426,27.970469,29.95125,31.2039,3.2334309,14.332226,5.299388,8.721946,3.898033,0.49187234,0.8011226,0.061467905,0.44415492,0.8518442,0.7903763,7.176324,3.4747555,4.8203,3.5845356,0.23218991,0.9399635,34.36168,0.54551417,6.6319165,2.3264716,-2.665735,-5.3016334,-12.640572,-1.1345477,0.020497134,1.2323264,1.2364123,0.72688556,7.6272883,0.35053092,3.390301,1.5213689,37.837994,0.39719984,675.4535,0.30307406,1337.1567,0.12389572,-44.772854,-1.7593218,1721.4962,0.17458746,1053.1895,0.12398529,-58.308987,-1.2203108,2876.7783,0.090433545,927.7958,0.22684306,-68.68019,-0.95652086,-18.876747,-0.3969088,37.006866,0.24587771,0.06611667,0.5824546,-0.026803827,-0.87222695,0.300312,0.6808615,42.761757,0.2778773,11.983439,0.95487726,-5.624556,-2.503607,-12.18776,-1.1716652,0.106910445,7.8882823,0.076530464,0.020089654,0.005083806,3.0769231,0.8,0.98999995,0.0,0.114999995,0.085,-22.549788
./StandardData/2021.0614.114330.wav,0 days,0 days 00:00:01.447937500,29.653109,0.18716705,28.071638,28.606857,29.60692,1.5352821,20.666796,0.0,141.6501,88.57954,1.2400073,1.0497955,0.07755243,0.54518753,3.049646,2.9720936,12.276478,3.9865754,16.111517,4.9289093,0.7285557,0.9927865,23.382708,0.49237156,-0.9946976,-11.074313,-12.143067,-1.317437,-19.034472,-0.5495769,0.011868018,1.4070938,1.0661663,0.95991296,6.220423,0.42272434,-0.10604189,-75.0934,23.081745,0.31857285,577.75696,0.3103874,1521.4525,0.22223851,-113.42411,-0.8417715,1512.5088,0.16580875,1132.3978,0.15718333,-111.9437,-0.81809676,2751.522,0.089567155,850.21533,0.2879228,-119.883766,-0.69243485,-7.9622016,-0.89502794,27.43566,0.25143453,0.040982064,0.3810744,-0.025552003,-0.5615807,1.1117761,0.5447087,32.12898,0.22000977,4.5921464,1.822204,-18.005075,-0.9640146,-15.880781,-0.5734567,-2.9353569,16.799728,0.039321408,0.005146534,0.44303063,2.7972028,3.6231885,0.116000004,0.109653994,0.16749999,0.07395099,-13.058791
./StandardData/2021.0514.145932.wav,0 days,0 days 00:00:01.034625,27.394836,0.043851696,26.478476,27.113747,27.987062,1.5085869,19.451012,11.197297,18.861183,10.971605,0.17077383,0.5885784,0.06548234,0.15638256,0.28703246,0.2215501,0.98874974,0.34095424,1.1890613,0.14318414,0.10185723,1.0463915,25.721151,0.27773762,21.320381,0.5050306,14.34687,0.89009964,8.752644,2.0962343,0.023179289,0.72650206,1.4536214,0.6865186,8.07435,0.1394174,14.203255,0.57100505,27.814379,0.37939107,938.1672,0.1426295,1300.2014,0.13394462,-70.80264,-0.92681354,2008.3021,0.09625913,1150.168,0.20114823,-79.4955,-0.76800114,3063.6628,0.059904527,1059.9937,0.24170221,-82.21444,-0.7238081,-29.202276,-0.20904183,41.241375,0.17928,-0.05954379,-0.214555,-0.0105009675,-1.04726,0.13479787,0.8336579,29.066494,0.16270353,26.25875,0.26236984,18.100475,0.67217153,16.75198,0.67980295,-13.348967,22.66808,-0.008820501,-0.0037144327,0.008976452,2.9411764,1.0309279,0.76,0.0,0.089999996,0.049999997,-28.438437
./StandardData/2021.0614.014033.wav,0 days,0 days 00:00:02.458125,27.815819,0.10503103,25.752048,27.300838,29.336683,3.5846348,171.39305,175.1793,74.20722,67.20539,0.16679107,0.38763517,0.11060685,0.16178611,0.22843629,0.11782944,1.2618788,0.43166062,1.1327517,0.72172356,0.07184141,0.71902734,24.955177,0.4985025,20.876183,0.51966155,14.51409,0.8270957,4.081314,3.3889537,0.033493802,1.53945,1.2027946,0.66444415,7.452725,0.2679513,14.397097,0.8211989,28.057302,0.52332103,921.11304,0.21707186,1277.4893,0.1773021,-89.407745,-0.8594166,2007.5627,0.12204909,1185.8901,0.3033765,-96.43596,-0.728603,3039.4517,0.068890914,1049.9379,0.22907254,-96.99519,-0.72187227,-24.98328,-0.32711455,38.88604,0.26040393,-0.043317012,-0.45200154,0.002111813,3.699746,0.08651002,0.5968574,28.517807,0.3573721,25.074047,0.32838246,18.800686,0.5524574,10.65494,0.9013155,-12.438412,24.231865,-0.019271387,0.0017060094,0.04758997,3.6885245,2.5104604,0.25666666,0.16539514,0.10285714,0.08012745,-32.53507
./StandardData/2021.0525.102827.wav,0 days,0 days 00:00:00.988750,28.784853,0.047660373,27.21249,28.842499,29.865526,2.653036,17.556122,3.6049418,14.873472,5.7077737,0.41978037,0.9316874,0.042670324,0.37186673,0.71149266,0.66882235,4.0608196,2.4030201,4.144255,1.1317943,0.14586715,1.1697022,28.820654,0.6942698,-1.7809818,-6.883372,-5.1697483,-2.95623,-5.235812,-2.2704644,0.0122978855,1.06096,1.1096605,0.7736934,7.081919,0.4213405,1.1878357,4.5074263,31.073101,0.35435408,633.7114,0.34297308,1379.2726,0.13894135,-68.86396,-1.3128494,1574.6497,0.13409778,1074.0948,0.17088346,-75.86051,-1.1173968,2773.3386,0.0621534,926.2161,0.18709439,-87.7101,-0.8711942,-14.025797,-0.45021695,34.347878,0.22489175,0.061543565,0.6424036,-0.011349368,-1.5736225,0.21715173,0.7906554,41.030483,0.26123098,2.2965713,4.206378,-9.278339,-1.5010923,-2.7211092,-2.9590294,-0.62083125,12.406848,0.06780332,0.022795916,0.030118318,3.0927837,2.1978023,0.295,0.185,0.089999996,0.09201449,-24.739517
./StandardData/2021.0514.150004.wav,0 days,0 days 00:00:00.988750,28.517788,0.038266804,27.35067,28.024439,29.76765,2.4169807,3.8164303,1.9412758,11.679105,4.501249,0.2412224,0.6338225,0.09823282,0.19622558,0.40729365,0.3090608,2.3563066,1.1627858,3.025459,1.8615415,0.07686222,0.93785876,24.98486,0.53640455,16.190773,0.573267,0.9101876,11.911007,1.3641253,9.784018,0.015078973,0.80126065,0.7900291,0.573632,8.901725,0.11430078,4.9016075,1.3459989,25.000275,0.3388111,829.264,0.26697683,1271.8335,0.2421629,-79.22194,-1.031143,1963.9827,0.17470321,1036.0061,0.17219588,-89.16338,-0.8359552,3146.1626,0.080992915,1014.32947,0.2629328,-95.95304,-0.72676504,-21.142242,-0.2140173,38.851078,0.20686696,-0.032529984,-0.64935935,-0.010269301,-0.99300146,0.11267399,0.5835957,32.651997,0.23813152,20.563297,0.20163794,1.494651,5.734081,8.7380495,1.037601,-10.290476,18.247229,-0.007974541,-0.003684312,0.011066858,3.0927837,1.0869566,0.62,0.0,0.13499999,0.055,-28.01442
./StandardData/2021.0614.014007.wav,0 days,0 days 00:00:01.447937500,28.712482,0.06208064,27.561157,29.044865,30.374464,2.8133068,24.096691,14.302141,9.165528,8.966472,0.17093231,0.4371227,0.09257011,0.17161815,0.23442316,0.14185305,1.3386558,0.7279056,0.637049,0.43913892,0.08465743,0.7277136,26.70327,0.32775638,20.007128,0.4967453,16.56537,0.7340899,10.540081,1.7111814,0.02080921,0.8123156,1.5320171,0.79543525,8.470202,0.26374826,11.634156,0.7852281,27.361095,0.33148864,934.4288,0.24163035,1294.7616,0.13734384,-80.85823,-0.8748184,2010.4384,0.12671389,1288.8511,0.26671937,-87.81012,-0.7393438,3089.9392,0.07816911,1146.6404,0.3387984,-89.59794,-0.7116239,-29.41955,-0.2411031,43.82712,0.16560063,-0.047756493,-0.32070434,0.0019392401,3.7717578,0.10954308,0.49648052,31.083746,0.15199494,24.90591,0.24998996,20.584686,0.52449316,19.965971,0.50966614,-13.003035,23.72608,-0.0062220283,0.0041283476,0.024376476,4.895105,1.4492754,0.5,0.48,0.11,0.037416574,-28.309591
./StandardData/2021.0714.093812.wav,0 days,0 days 00:00:00.896937500,30.773384,0.021218026,30.095192,30.743454,31.403141,1.3079491,13.908394,4.297545,8.345825,0.04068041,0.45697922,0.97271764,0.031147115,0.23897246,0.9872687,0.95612156,1.1690454,0.84305936,3.432602,0.0,0.16708232,0.98172337,30.0823,0.6942461,-0.3523926,-43.576763,-5.2651553,-2.1455595,-22.541061,-0.4472056,0.008598643,0.8721678,0.802029,0.8779798,8.08776,0.45203942,-3.191041,-1.1390076,37.87865,0.30782956,647.9535,0.28834906,1373.1523,0.16855375,-83.51425,-1.1899278,1652.0942,0.19937468,1122.643,0.21657056,-94.45421,-0.9501107,2807.2476,0.11058572,847.6975,0.32527423,-101.40448,-0.82586616,-19.687134,-0.3639914,35.900387,0.2581539,0.0915711,0.12205098,-0.034136098,-0.49460143,0.30143374,0.33582678,47.483665,0.18113413,7.2914133,1.5017737,-10.973103,-1.1047784,-19.864204,-0.5994211,-3.754446,11.13267,0.085426286,0.0066303746,0.008263807,1.1363636,1.2048193,0.47,0.0,0.16499999,0.055,-21.012157
./StandardData/2021.0614.114147.wav,0 days,0 days 00:00:01.310125,30.466478,0.037746936,29.29296,31.03159,31.426392,2.1334324,43.05495,52.31951,8.60068,1.3701131,0.851864,0.79950154,0.06432212,0.8173326,1.5641603,1.4998382,14.453438,9.380377,14.519966,9.278351,0.93009794,0.9943512,35.22876,0.5515204,6.7746115,1.8739095,-10.6037655,-0.8804627,-17.950218,-0.6381587,0.02338613,0.69818324,1.1806593,0.8034736,4.10012,0.69391406,-3.7296546,-1.2338738,45.044804,0.1205574,695.1017,0.25246817,1497.7673,0.15785466,-91.61582,-1.0393316,1773.4814,0.15754636,1261.9446,0.13586342,-101.063385,-0.8280198,3051.7373,0.07399546,1174.7657,0.20442617,-110.742424,-0.67953277,-20.339958,-0.33816612,41.592216,0.15196356,0.060018197,0.3540679,-0.043019716,-0.42227453,1.425327,0.55548155,48.631123,0.121601745,12.781074,0.4974248,-14.563041,-0.6681018,-21.531162,-0.4664702,-7.32801,20.074202,0.050515156,0.002228529,0.40714982,4.6153846,3.2,0.16499999,0.11011357,0.122499995,0.098075226,-14.099472
./StandardData/2021.0614.014435.wav,0 days,0 days 00:00:00.896937500,0.0,0.0,0.0,0.0,0.0,0.0,0.0,0.0,0.0,0.0,0.5745296,1.000419,0.032207843,0.39417675,1.2269126,1.1947048,8.943711,5.312439,9.293147,1.5306821,0.18344139,1.1328374,3.760249,3.1750827,-12.99602,-0.6491982,-1.6486958,-3.472858,-20.521935,-0.26498598,0.0,0.0,0.0,0.0,0.0,0.0,0.0,0.0,0.0,0.0,0.0,0.0,0.0,0.0,-201.0,0.0,0.0,0.0,0.0,0.0,-201.0,0.0,0.0,0.0,0.0,0.0,-201.0,0.0,0.0,0.0,0.0,0.0,0.0,0.0,0.0,0.0,0.0,0.0,0.0,0.0,0.0,0.0,0.0,0.0,0.0,0.0,1.6223356,6.8047276,0.06287264,0.0059575024,0.19662242,4.5454545,0.0,0.0,0.0,0.82,0.0,-30.520437
./StandardData/2021.0616.113630.wav,0 days,0 days 00:00:00.413250,0.0,0.0,0.0,0.0,0.0,0.0,0.0,0.0,0.0,0.0,0.40165693,1.0304741,0.22496821,0.2499404,0.40761492,0.1826467,27.634476,34.10038,15.697838,14.133081,0.44361672,2.7466471,6.8690515,0.9520731,-16.758577,-0.3742621,-4.3561044,-1.0747075,-21.349764,-0.3116177,0.0,0.0,0.0,0.0,0.0,0.0,0.0,0.0,0.0,0.0,0.0,0.0,0.0,0.0,-201.0,0.0,0.0,0.0,0.0,0.0,-201.0,0.0,0.0,0.0,0.0,0.0,-201.0,0.0,0.0,0.0,0.0,0.0,0.0,0.0,0.0,0.0,0.0,0.0,0.0,0.0,0.0,0.0,0.0,0.0,0.0,0.0,-0.025078043,8.270303,0.07426305,0.0023257635,0.5476875,5.0000005,0.0,0.0,0.0,0.34,0.0,-21.757978
./StandardData/2021.0707.084826.wav,0 days,0 days 00:00:02.136625,31.959541,0.13957238,28.16132,33.22854,35.335274,7.173954,121.493484,91.360085,40.762688,13.6064415,0.40404633,0.80390453,0.10427953,0.30090845,0.7267294,0.6224499,11.653632,6.2210283,8.303892,3.6287146,0.3479457,1.0556971,34.391994,0.38451135,7.4071317,1.9273145,0.7749123,24.821703,-11.783171,-1.2017388,0.031278107,0.7320711,1.6539261,0.68687004,5.0777955,0.5352352,-2.6324418,-3.0927448,35.98387,0.24305762,573.31335,0.37887788,1407.6919,0.11737604,-85.67993,-1.0806423,1615.5616,0.15142247,1125.9464,0.2028748,-90.3484,-0.904289,2797.8171,0.07313107,1052.0137,0.30081216,-99.7549,-0.7481552,-19.184584,-0.46056187,36.752445,0.22526607,0.058943488,0.48954895,-0.01810388,-1.0726709,0.4778995,0.78237456,40.264538,0.23257327,9.309256,1.4537804,0.4001973,55.534397,-9.783335,-1.5302408,-11.63442,25.641527,0.061743498,-0.0039706514,0.1538002,4.7169814,2.415459,0.25,0.17731328,0.118333325,0.045977045,-23.14665
./StandardData/2021.0606.145341.wav,0 days,0 days 00:00:01.264249999,37.718513,0.05978781,35.350708,37.153442,40.089966,4.739258,36.250374,0.0,13.285605,0.0,0.5242495,1.0190865,0.05557656,0.38301578,0.924837,0.86926043,3.3004644,1.5558728,4.1153436,1.2046597,0.19045892,1.1727062,16.500671,0.60744345,-7.8212714,-2.990407,-3.381741,-4.817515,-23.936071,-0.9006941,0.012060134,1.2974681,1.0377305,0.8537152,8.943661,0.43735027,4.9904885,1.086384,19.168892,1.0234371,769.226,0.2761607,1302.484,0.12681328,-84.78216,-1.1259578,1879.9823,0.11375973,1037.9257,0.31409916,-86.36691,-1.0559186,2843.0847,0.10488471,1025.6339,0.40101147,-86.347626,-1.0607648,-9.260829,-1.495461,18.464386,0.78795075,0.0851749,0.2671705,-0.027953053,-1.0089676,0.299546,0.7260882,18.299809,0.6530746,-7.1371827,-3.8560147,-6.468713,-3.0941408,-34.475822,-0.6432708,-3.36768,13.570375,0.04857541,0.011489122,0.04703343,2.4,2.5000002,0.22999999,0.14165686,0.14333333,0.026246693,-26.214096
./StandardData/2021.0707.084430.wav,0 days,0 days 00:00:00.965812500,29.924845,0.056968115,28.09922,30.701883,31.018572,2.9193516,48.95635,27.140087,14.437978,10.582074,0.39803052,0.94064105,0.034015946,0.35665014,0.7455045,0.71148854,3.2982414,2.765326,3.7245433,0.62334085,0.16098638,1.1704531,29.14306,0.6680818,0.21432707,71.82749,-4.451779,-2.1528807,-23.144056,-0.4681236,0.013998626,1.1912323,0.83847344,0.89371264,6.9554987,0.5508946,0.1604144,21.91177,34.385025,0.38975453,540.90393,0.29397085,1416.4807,0.108863376,-105.053085,-0.9326638,1548.2743,0.15770368,1101.9066,0.11290076,-109.5957,-0.80776054,2721.3687,0.09424597,867.2942,0.24387603,-115.876884,-0.7102456,-17.684902,-0.4051329,32.931347,0.34391287,0.07445326,0.4323826,-0.036858395,-0.5358996,0.28443792,0.6838869,45.216347,0.19883814,7.6410937,1.6462823,-8.185333,-1.3016038,-17.829527,-0.55266094,-5.818964,14.171754,0.07311495,-0.0017230002,0.054284953,2.1052632,2.2222223,0.21499999,0.114999995,0.14,0.0725718,-25.287064
./StandardData/2021.0707.084753.wav,0 days,0 days 00:00:01.310187500,29.177732,0.13462785,25.475355,28.999052,33.454594,7.9792385,36.584026,5.482482,44.98839,38.760105,0.3566496,0.91703814,0.064776875,0.2275489,0.62537664,0.56059974,9.06866,7.498522,5.9695864,2.2365117,0.28083226,1.1822737,32.151764,0.46351668,7.377628,2.223907,3.3444822,4.6776805,-12.474946,-1.119151,0.02443772,1.2719877,1.7305834,0.5072056,4.7300873,0.6701507,3.7478747,3.2606094,39.01124,0.27564818,606.6251,0.30458745,1350.953,0.14879636,-79.92433,-1.0546075,1626.2747,0.16855887,1113.379,0.29216424,-86.06469,-0.92756385,2823.7913,0.076586634,935.497,0.22534701,-96.31104,-0.739922,-18.82627,-0.5100251,35.938747,0.22357984,0.043726407,0.68476915,-0.015313215,-1.5028653,0.38827592,0.85901034,40.049286,0.20761503,11.024787,1.0517672,0.48280385,35.79442,-9.442284,-1.4518702,-12.273015,21.685703,0.0581658,-0.0013949731,0.12232469,3.846154,3.2,0.195,0.13793114,0.0925,0.059319053,-23.373556
./StandardData/2021.0606.145609.wav,0 days,0 days 00:00:00.667312500,44.50412,0.23130693,36.262527,40.246056,60.445004,24.182476,121.23789,0.0,-0.24860927,0.0,0.2560477,1.1389644,0.06208408,0.14069726,0.29167178,0.2295877,7.509941,4.573627,3.9951642,1.4627988,0.09239508,1.6334431,14.811744,0.38478765,0.2620064,56.16024,-3.629938,-3.7624466,-22.405464,-0.6240872,0.03121647,0.5559344,1.3140334,0.41982085,8.182106,0.2767659,1.3456271,10.498837,18.716908,0.8302179,635.22406,0.2064822,1237.3413,0.15916215,-125.46613,-0.71227705,1776.9279,0.095523104,1143.1973,0.30414096,-121.69381,-0.67063546,2807.6267,0.06139976,911.385,0.16057709,-120.13341,-0.6538769,-10.96529,-0.52898896,17.038214,0.47731665,0.026098104,0.84586483,-0.013313745,-0.8815321,0.1510345,1.2155284,15.899675,0.4188928,4.6081433,4.2637525,-1.620623,-11.000179,-29.566967,-0.37247813,-7.489925,18.872623,0.01103876,0.0030356382,0.048580952,3.0769231,5.084746,0.08333333,0.00942809,0.09333333,0.07717224,-31.319132
./StandardData/2021.0616.104842.wav,0 days,0 days 00:00:01.310187500,31.235304,0.04361087,29.878,31.105688,32.98352,3.1055202,85.96475,143.92555,13.498171,3.6037745,0.66531605,0.76367146,0.07260902,0.5809719,1.2722859,1.1996769,8.852342,6.477921,8.506464,4.193517,0.35914272,0.91752476,31.411905,0.607324,5.865157,2.9584558,-3.496545,-3.0728395,-22.739347,-0.67840904,0.009132819,0.8056441,1.127714,1.0129324,8.199997,0.38714686,1.3080456,3.3271563,41.57502,0.28662005,703.79736,0.2769475,1430.1592,0.14335206,-68.37111,-1.373604,1768.8018,0.15739763,1181.1581,0.25383854,-82.64013,-0.9957793,2975.4688,0.07987402,954.0536,0.23867723,-89.06175,-0.8720133,-20.120874,-0.4325316,36.308403,0.296279,0.08120326,0.1721827,-0.041064873,-0.47185376,0.51301914,0.5673752,43.153744,0.22690284,9.519302,1.4446586,-6.627876,-1.7548089,-23.55315,-0.4886773,-4.8706803,11.177352,0.05058758,0.00058610697,0.10275551,4.6153846,1.6,0.405,0.345,0.13,0.048989795,-18.622004
./StandardData/2021.0614.114141.wav,0 days,0 days 00:00:00.367312500,48.20165,0.18972054,36.104897,55.09435,55.1286,19.023705,-0.13427734,0.0,237.66766,0.0,0.09420316,0.99580026,0.042112693,0.05772684,0.106094666,0.06398197,7.834323,0.0,-1.2201036,1.2216772,0.04627325,1.8881109,21.309277,0.53468686,-2.4663563,-3.1338701,-12.317491,-0.61480415,-25.928953,-0.35178578,0.033126824,0.48147374,1.0088183,0.28825957,9.566202,0.7282134,5.8221354,1.039838,13.644282,0.5991783,599.7428,0.28620785,1628.2446,0.22062202,-191.60057,-0.14618792,1619.0367,0.11042431,1369.876,0.19056778,-134.71422,-0.55934185,2637.95,0.05558354,1140.2092,0.24357016,-138.9289,-0.5086145,-18.178526,-0.4696935,31.605524,0.3521305,0.036977276,0.13249262,-0.016273325,-0.77806413,0.018759267,0.85649335,19.227364,0.51704323,-1.2629737,-3.965191,-15.689129,-0.47482345,-33.153683,-0.2747838,-15.414009,30.28444,0.036787488,-0.009747944,0.074359834,2.857143,6.896552,0.044999998,0.015,0.08,0.0,-40.593822
./StandardData/2021.0714.093745.wav,0 days,0 days 00:00:00.458187500,0.0,0.0,0.0,0.0,0.0,0.0,0.0,0.0,0.0,0.0,0.42969623,0.98840344,0.22836918,0.27861577,0.4554538,0.22708464,13.43249,14.912587,16.779568,15.127159,0.34989718,2.56026,6.2867036,1.1164978,-17.055748,-0.3254306,-4.0871763,-1.1725284,-23.575323,-0.2701341,0.0,0.0,0.0,0.0,0.0,0.0,0.0,0.0,0.0,0.0,0.0,0.0,0.0,0.0,-201.0,0.0,0.0,0.0,0.0,0.0,-201.0,0.0,0.0,0.0,0.0,0.0,-201.0,0.0,0.0,0.0,0.0,0.0,0.0,0.0,0.0,0.0,0.0,0.0,0.0,0.0,0.0,0.0,0.0,0.0,0.0,0.0,0.32938766,7.670075,0.07735943,0.0032598153,0.38552633,4.5454545,0.0,0.0,0.0,0.38,0.0,-21.68896
./StandardData/2021.0606.145204.wav,0 days,0 days 00:00:00.483687500,38.872765,0.028181717,37.471127,39.427673,39.9224,2.4512749,12.200638,0.0,-1.6428376,0.0,0.12617807,0.66464967,0.051347896,0.11099664,0.20552532,0.15417743,1.6205415,0.7776917,-0.32951412,0.71450925,0.019629817,0.7755986,18.808174,0.59566385,10.869371,0.47880432,-0.08675791,-218.42442,-26.328157,-0.8077873,0.009335105,1.0933013,0.7672914,0.7321436,12.45381,0.15303998,10.439464,0.44626412,40.607487,0.117678955,722.3821,0.2576277,1368.0762,0.13045973,-84.09326,-1.144621,1912.0183,0.14572601,1185.652,0.21015206,-90.58167,-0.86551803,2997.6055,0.069107465,1051.1525,0.23508243,-93.74004,-0.8129432,-18.07745,-0.25949994,34.222458,0.1137319,0.09652232,0.23314641,-0.03072663,-0.34946737,0.027350483,0.49590465,26.312365,0.18285342,11.170745,0.4462221,-12.975271,-1.0714877,-42.46564,-0.2659284,-10.0888815,18.899935,0.016289936,0.015789336,0.011281168,4.255319,2.3809524,0.26,0.0,0.065,0.005,-42.38194
./StandardData/2021.0713.140449.wav,0 days,0 days 00:00:00.409437500,0.0,0.0,0.0,0.0,0.0,0.0,0.0,0.0,0.0,0.0,0.4281316,1.0872853,0.23927227,0.26629314,0.39742053,0.15814826,2.9474952,0.0,10.819219,8.110367,0.4751614,2.7105093,6.3156366,1.2495229,-18.928244,-0.38168296,-6.4001193,-0.78854007,-22.348894,-0.28229395,0.0,0.0,0.0,0.0,0.0,0.0,0.0,0.0,0.0,0.0,0.0,0.0,0.0,0.0,-201.0,0.0,0.0,0.0,0.0,0.0,-201.0,0.0,0.0,0.0,0.0,0.0,-201.0,0.0,0.0,0.0,0.0,0.0,0.0,0.0,0.0,0.0,0.0,0.0,0.0,0.0,0.0,0.0,0.0,0.0,0.0,0.0,-0.30755028,8.891938,0.07734301,0.0021212602,0.55242103,2.5641026,0.0,0.0,0.0,0.32999998,0.0,-20.936222
./StandardData/2021.0707.085338.wav,0 days,0 days 00:00:01.080625,29.825909,0.09023029,26.382065,30.547632,31.388914,5.0068493,37.552227,10.995522,28.626972,0.0,0.39693686,1.079884,0.040574864,0.22494759,0.7845768,0.7440019,7.1297226,8.39903,5.283319,2.6893048,0.22888173,1.2937098,27.4264,0.5628372,1.3907433,9.998961,10.259183,1.195015,-10.807166,-1.1720418,0.01861199,0.6916498,1.4104285,0.77239066,6.029261,0.4015981,10.864785,1.7683595,33.855743,0.38643214,564.70734,0.29592973,1346.857,0.099619456,-89.61186,-1.0383269,1675.95,0.11281525,1094.3867,0.21415047,-92.31472,-0.9249103,2748.5112,0.0892377,1041.7118,0.1967979,-98.07444,-0.82212037,-19.398605,-0.4377849,29.756613,0.37942544,0.0652932,0.4649979,-0.030434381,-0.55700094,0.39159346,0.774242,38.361744,0.22491421,5.7263737,2.2539487,8.234295,1.6874472,-10.042906,-0.95761263,-6.2708507,14.258769,0.056730304,0.014355929,0.014991099,2.8037386,1.9607843,0.29999998,0.26,0.12333333,0.08178563,-22.979116
./StandardData/2021.0707.085503.wav,0 days,0 days 00:00:01.080562500,29.797966,0.099000745,27.939896,29.327785,31.886581,3.9466858,259.44388,246.0363,-7.700876,27.933954,0.40571052,1.0663056,0.04616119,0.2858932,0.67054355,0.6243824,10.484989,9.008145,6.6960855,0.94611174,0.2845986,1.2422693,23.779697,0.65697634,2.6426208,5.96237,4.5730014,3.577003,-14.138893,-0.75394046,0.025311304,1.3047769,1.6398256,0.8309796,5.5052123,0.4205187,1.8091098,3.2344444,35.183376,0.3201956,686.58057,0.25070262,1413.6202,0.12466604,-107.80117,-0.8723034,1849.4594,0.108732626,1033.2416,0.29670346,-115.67054,-0.74578094,2932.467,0.08521745,1126.7378,0.24857031,-119.719604,-0.6851657,-19.63591,-0.30018654,30.260502,0.37474653,0.08049124,0.21355453,-0.027078178,-0.6865651,0.5492363,0.66013914,34.45962,0.33700162,12.016586,0.7504925,11.043484,1.5022686,-10.4850235,-1.0188601,-3.144579,14.139279,0.06132244,0.01024656,0.074103475,2.8037386,2.9411764,0.14999999,0.0697615,0.16333334,0.08178563,-22.413788
./StandardData/2021.0525.102751.wav,0 days,0 days 00:00:01.172375,30.301983,0.097674355,27.20887,30.545073,33.0812,5.8723297,41.405544,39.106255,83.24489,55.070553,0.3121365,1.0434461,0.04325786,0.20384452,0.5957122,0.55245435,5.9948087,4.194489,4.289265,0.7678757,0.22889812,1.2950481,24.57016,0.5835555,8.425103,2.0688226,16.275734,1.27589,-6.768697,-2.0391564,0.019161226,0.8196715,1.4893419,0.60595536,6.274758,0.6104781,13.40075,1.1691085,28.296856,0.42322364,642.5572,0.40753317,1400.9851,0.11362793,-113.76156,-0.7283856,1746.623,0.17379335,1100.4662,0.19336933,-116.34959,-0.6620108,2803.3972,0.09542693,1068.8077,0.42448968,-117.960724,-0.6383529,-21.83885,-0.47171658,33.758896,0.2180927,0.036674917,0.68605775,-0.011083013,-2.0913174,0.3724423,0.94295055,31.921762,0.34803623,17.87926,0.5986027,21.637762,0.963574,-2.0747807,-5.918795,-8.436838,19.406174,0.048541676,0.0033013308,0.10926136,2.586207,5.4054055,0.08166667,0.066936955,0.08,0.078951456,-22.674088
./StandardData/2021.0606.145101.wav,0 days,0 days 00:00:00.851000,39.925068,0.07059563,37.644093,38.44256,42.13389,4.4897957,0.3521506,0.0,0.0,0.0,0.30743802,1.1675262,0.045226768,0.10311909,0.646006,0.60077924,2.4662266,1.988132,4.591772,0.01269722,0.22835879,1.4471843,22.656822,0.7151809,-6.628345,-1.4467552,-20.7648,-0.793027,-34.209522,-0.40391338,0.027451668,0.57446957,1.771139,0.9738441,5.5455213,0.77739584,-0.6652687,-8.770638,54.875584,0.1259815,872.26794,0.11326186,1266.4885,0.118715376,-141.70438,-0.6286447,1933.9868,0.0939759,1249.6082,0.1404614,-150.87114,-0.47434473,3104.293,0.052469753,1139.2382,0.28535616,-153.96304,-0.43725112,-17.895473,-0.39231855,46.819946,0.13602592,0.08983906,0.2542776,-0.05950832,-0.3129524,0.6425507,0.4444203,42.64462,0.12645698,0.3761256,22.5741,-40.193485,-0.23358712,-49.68239,-0.26936185,-5.3866425,17.519844,0.09141126,0.003188671,0.063033715,2.3809524,2.5316458,0.11,0.08,0.17333333,0.04189935,-23.740343
./StandardData/2021.0713.140506.wav,0 days,0 days 00:00:00.667312500,0.0,0.0,0.0,0.0,0.0,0.0,0.0,0.0,0.0,0.0,0.17463352,0.97432065,0.034733057,0.09579908,0.37448338,0.33975032,4.717368,2.9703882,4.704648,1.3889455,0.06394455,1.4119167,12.870382,0.52115333,-19.167866,-0.4770754,0.7481196,11.19167,-21.489391,-0.49958292,0.0,0.0,0.0,0.0,0.0,0.0,0.0,0.0,0.0,0.0,0.0,0.0,0.0,0.0,-201.0,0.0,0.0,0.0,0.0,0.0,-201.0,0.0,0.0,0.0,0.0,0.0,-201.0,0.0,0.0,0.0,0.0,0.0,0.0,0.0,0.0,0.0,0.0,0.0,0.0,0.0,0.0,0.0,0.0,0.0,0.0,0.0,-1.7298281,11.4657345,0.073071666,0.011113477,0.070133865,4.6153846,0.0,0.0,0.0,0.59,0.0,-40.929173
./StandardData/2021.0714.095026.wav,0 days,0 days 00:00:01.677500,27.24293,0.07714506,25.37126,27.378305,28.596338,3.2250786,34.571228,11.341767,16.947815,4.790167,0.30189827,0.6343427,0.0739035,0.294178,0.4595039,0.3856004,3.6401646,2.0933044,4.058596,1.9828947,0.17087153,0.86437887,35.68396,0.45334437,17.83025,0.99950016,9.190685,1.8152087,-8.886522,-1.6835965,0.043692946,2.3137925,1.2112423,0.5769532,6.0000443,0.4308282,3.669793,1.951094,44.68817,0.24083212,612.2658,0.31680095,1441.1208,0.15983278,-53.428955,-1.4865249,1737.9153,0.15737815,1177.1722,0.1821515,-70.1368,-0.98100215,2891.9878,0.08715603,1124.1083,0.21535017,-78.34795,-0.81654936,-26.787317,-0.34999472,40.776306,0.2021054,0.042850036,0.526083,-0.023792531,-0.9395391,0.21044682,0.6477644,42.144676,0.24578106,23.744228,0.4753596,10.787444,1.6750419,-5.580681,-2.6639764,-7.7263255,17.648092,0.07157459,0.0048672566,0.053579465,4.2168674,0.621118,1.25,0.0,0.16499999,0.024999999,-26.577013
./StandardData/2021.0606.145530.wav,0 days,0 days 00:00:00.759187500,42.537888,0.046691734,40.462635,42.367184,44.165756,3.7031212,99.58242,0.0,30.07076,0.0,0.49505016,0.93699586,0.05054289,0.35392308,0.8971106,0.8465677,2.6490805,1.6305703,3.7024312,0.0,0.18737243,1.1875001,4.505006,1.482801,-22.78524,-0.37900874,-32.21302,-0.4970432,-4.5785575,-2.2253945,0.03698088,0.20338203,1.2322191,0.44428074,1.2833797,2.8365238,-0.9985658,-6.766073,15.508749,0.46628922,931.2429,0.11735955,1151.5693,0.19658859,-146.38596,-0.5377114,1853.9741,0.11113049,1128.4323,0.17526686,-142.95267,-0.55831754,2790.3164,0.07042103,951.46246,0.26575482,-147.13437,-0.50412434,0.007159029,799.4577,18.020456,0.23331876,0.078326896,0.15001546,0.020791654,0.64727426,0.43041095,0.64495385,7.8237762,0.7863946,-13.195579,-0.5421913,-31.019182,-0.2824143,-3.4049778,-2.7792466,5.6210213,13.314993,0.07116121,0.027240068,0.106536016,1.3513514,3.0303032,0.08,0.06,0.14333333,0.07318166,-27.377136
./StandardData/2021.0606.145448.wav,0 days,0 days 00:00:00.759125,42.80592,0.0023358264,42.731117,42.782604,42.87606,0.14494324,0.0,0.0,-0.080521904,0.0,0.19963776,1.3979739,0.043417506,0.061103545,0.28172323,0.23830572,9.450088,6.770782,6.27113,3.1140053,0.11323465,1.7290269,18.740719,0.51456565,-1.2704895,-9.490405,2.532635,3.953506,-18.793385,-0.5839367,0.046339188,0.14028761,2.5892532,0.16109654,3.8862662,0.07676333,23.528555,0.013627859,32.798058,0.02742063,771.8231,0.03844171,1327.4407,0.12575951,-192.39546,-0.173593,1923.0314,0.008641278,1090.9365,0.084124796,-193.44975,-0.15221183,3039.1165,0.004617994,845.1372,0.04854446,-193.48781,-0.15132147,-21.70358,-0.078630306,32.40939,0.04300288,0.1011599,0.07067613,-0.031392153,-0.05535548,0.08272207,0.38945723,30.209242,0.081626095,2.9682386,0.4064612,-14.305395,-0.041229345,-36.150627,-0.0042303004,-10.385525,21.065855,0.06134617,0.0066057593,0.1245257,4.054054,1.4492754,0.02,0.0,0.32,0.25,-35.208744
./StandardData/2021.0614.005459.wav,0 days,0 days 00:00:00.713250,27.133259,0.010029412,26.866621,27.26044,27.385468,0.5188465,14.571011,7.279269,7.660273,11.615629,0.19750226,1.1410836,0.07723356,0.09269498,0.2457126,0.16847903,2.5026138,1.0318229,6.1670337,4.2109427,0.102727965,2.0009646,21.893827,0.4521687,6.6134276,1.1824089,7.410715,1.0720185,-10.247787,-0.8619646,0.026872173,0.4846216,1.4367596,0.39884686,6.2994084,0.3590241,21.106628,1.0090181,23.993523,0.15849079,830.4288,0.15518987,1096.3966,0.059479583,-146.06958,-0.5445034,1970.1638,0.06664821,943.1904,0.12236244,-150.70457,-0.4820596,2994.099,0.061914988,828.4571,0.11288858,-151.77545,-0.46853682,-23.051836,-0.3541338,35.810703,0.28017178,-0.038525335,-0.58876395,-0.02181335,-0.49819568,0.2823258,1.1010785,31.585018,0.2448287,12.836426,0.5749813,14.852268,0.42254636,-3.9790883,-2.3168821,-12.25798,23.337288,-0.0066953003,-0.004524587,0.035822928,2.857143,1.5384616,0.19,0.0,0.21499999,0.015,-30.089722
./StandardData/2021.0614.005550.wav,0 days,0 days 00:00:00.621437500,27.060799,0.0025499798,27.023499,27.055538,27.11268,0.0891819,4.859098,0.0,-11.05051,0.0,0.13898678,0.6863967,0.06841794,0.11865231,0.16715525,0.098737314,2.2614653,0.60366625,0.16262396,1.2740228,0.049918015,1.4724525,21.709627,0.3852022,6.56164,0.93909025,7.9994936,1.3750927,-11.225615,-0.8826758,0.06506677,0.0,2.0929058,0.07929166,1.5303016,1.5846171,17.06952,0.38474172,35.35666,0.059725888,686.01154,0.08460373,1569.2898,0.096566655,-180.49385,-0.29655626,1647.9564,0.045711976,1424.3821,0.07193151,-181.24811,-0.28420448,2774.6335,0.032187697,1467.2019,0.26456243,-182.6013,-0.26218566,-12.774498,-0.30977803,28.110176,0.18886809,0.006833942,1.3555336,-0.01920595,-0.3031185,0.23587723,0.43498066,34.728546,0.23470147,5.140363,0.35882974,-6.6122565,-0.8889588,-5.6997094,-1.7361226,-12.888052,23.533834,-0.0053720595,-0.00022688386,0.027210224,4.9180326,1.8181818,0.049999997,0.0,0.235,0.024999999,-39.72056
./StandardData/2021.0707.085554.wav,0 days,0 days 00:00:01.677500,28.994558,0.1419067,25.15273,27.87635,31.173416,6.020685,43.462383,17.015564,42.53011,25.252872,0.39850354,0.82446164,0.07468912,0.35609847,0.6479588,0.5732697,9.430788,6.4017725,6.4271793,4.1544495,0.28286713,1.145546,28.405289,0.64485645,10.8705015,1.2814983,13.551143,1.4491996,-9.660579,-1.8127706,0.030332066,2.336377,1.3364921,0.89696765,6.298267,0.5041057,7.379295,0.9025355,43.60634,0.24943262,607.23285,0.2869333,1437.6677,0.18980655,-100.08166,-0.9136961,1739.0028,0.14032134,1065.2318,0.20620482,-106.44257,-0.7635461,2879.4475,0.092532076,1083.7202,0.23971182,-112.22037,-0.6799212,-24.666588,-0.33315676,35.207153,0.25651774,0.051062863,0.6407147,-0.023926191,-0.72670305,0.3741436,0.8514596,40.402443,0.21301726,19.252623,0.5826503,13.929413,1.4844989,-6.138149,-3.3744597,-4.7734523,15.106074,0.05787619,0.007385532,0.19564483,4.8192773,3.10559,0.166,0.08731552,0.111666664,0.08132582,-23.110132
./StandardData/2021.0606.145427.wav,0 days,0 days 00:00:01.126500,43.353294,0.0780742,41.99526,42.661922,42.94682,0.951561,201.41208,7.811096,-19.998072,47.47028,1.0970051,1.1876842,0.056527596,0.4140447,2.2518969,2.1953692,7.9679403,6.2561316,22.438482,8.53397,0.6426247,1.4832106,16.700161,0.6335799,-20.541508,-0.8861315,-17.212929,-0.7425305,-31.19195,-0.6498564,0.012186162,1.4415356,0.8492579,1.1022031,10.059068,0.63899815,6.551553,1.8040607,26.485401,0.50050133,859.9655,0.19802713,1341.4657,0.22069104,-90.21788,-1.1043388,1836.3955,0.123222314,1180.8202,0.21063152,-91.48464,-0.99339867,2872.3372,0.058998145,1044.1588,0.25992465,-96.63405,-0.8970339,-8.5198345,-1.2826294,21.083788,0.55908674,0.05832982,0.55122316,-0.018909477,-1.3099358,1.1412017,0.9180291,20.468058,0.5446732,-22.384043,-0.95677495,-25.268959,-0.3860083,-39.50496,-0.5360371,-1.9398084,11.723694,0.080269314,0.006762414,0.043001436,2.7027028,1.8867925,0.29999998,0.0,0.13666667,0.049216073,-12.820098
./StandardData/2021.0714.093452.wav,0 days,0 days 00:00:01.493812500,30.06387,0.1528356,24.743523,31.488611,35.075096,10.3315735,157.06851,234.1015,38.99738,10.863729,0.3369274,0.94862133,0.057801247,0.21142906,0.6261856,0.56838435,9.498437,5.8904614,7.009341,3.3727174,0.24257915,1.159914,31.864285,0.44431874,6.5132284,2.1305902,7.0038977,2.6413467,-10.17078,-1.5075314,0.029863462,0.8116621,1.7957114,0.58412373,4.9461865,0.50004333,4.5483923,1.3442268,39.42655,0.21483198,694.092,0.30494273,1496.8351,0.2066995,-83.78125,-1.0703284,1754.6625,0.13045067,1093.3453,0.22564891,-90.95306,-0.89206165,2879.762,0.08218711,1095.9628,0.25848758,-98.22511,-0.77325916,-18.143969,-0.5127029,33.132175,0.2682142,0.064654335,0.49649766,-0.018023726,-1.1930519,0.358879,0.82392496,38.524536,0.2471937,8.955632,1.2785224,7.9475875,2.8411644,-3.9065545,-4.030355,-11.056338,21.436436,0.07243271,-0.003396819,0.074446015,4.054054,2.7972028,0.21249999,0.11797775,0.098,0.07304793,-24.38388
./StandardData/2021.0614.114416.wav,0 days,0 days 00:00:00.503874999,0.0,0.0,0.0,0.0,0.0,0.0,0.0,0.0,0.0,0.0,0.25957036,1.4959385,0.1018603,0.14340456,0.25925982,0.15739952,15.316253,11.068114,4.7452326,0.0,0.2072043,2.3782687,20.54202,0.43811062,-3.1414595,-2.609856,-2.1827567,-3.3509605,-16.200726,-0.30124906,0.0,0.0,0.0,0.0,0.0,0.0,0.0,0.0,0.0,0.0,0.0,0.0,0.0,0.0,-201.0,0.0,0.0,0.0,0.0,0.0,-201.0,0.0,0.0,0.0,0.0,0.0,-201.0,0.0,0.0,0.0,0.0,0.0,0.0,0.0,0.0,0.0,0.0,0.0,0.0,0.0,0.0,0.0,0.0,0.0,0.0,0.0,-6.862311,20.394527,0.04051458,-0.0027075498,0.23080045,2.0408163,0.0,0.0,0.0,0.42999998,0.0,-27.62802
./StandardData/2021.0714.095045.wav,0 days,0 days 00:00:01.447875,33.382935,0.23994741,28.38183,31.964582,34.31552,5.933691,148.0289,0.0,10.961615,7.851712,0.4054193,0.84118277,0.057439744,0.3528233,0.6652454,0.60780567,7.4568725,3.6497881,8.526933,3.760677,0.23311047,0.9622962,29.212624,0.5711404,-0.15199953,-90.691475,-4.553285,-3.4027457,-18.252449,-0.59880376,0.046688832,1.5097541,1.5485095,0.62601,5.7022443,0.74504894,3.0185618,2.6253905,35.71339,0.32172924,620.429,0.22178847,1422.685,0.15166807,-112.20847,-0.8340853,1610.7819,0.122383066,1107.9236,0.19141336,-117.11348,-0.73652804,2835.516,0.07669736,1034.413,0.21021086,-121.39211,-0.6385815,-16.245422,-0.5531429,33.059063,0.21863632,0.0624671,0.3984117,-0.021687424,-1.0911773,0.37716028,0.56225,40.237347,0.26031515,4.100872,3.6073503,-5.5466394,-2.6237478,-14.788565,-0.74128914,-5.732354,19.716848,0.062519625,-0.0027418272,0.11570386,4.895105,2.8985507,0.1575,0.09549214,0.132,0.066753276,-25.157099
./StandardData/2021.0610.112939.wav,0 days,0 days 00:00:01.034687500,30.159597,0.03575271,28.974808,30.229715,31.340748,2.36594,29.42269,18.811394,9.111805,0.57187366,0.21158794,0.68052465,0.0748558,0.1784508,0.30703714,0.23218134,1.1717294,0.6827861,1.6444331,0.61845434,0.100671805,0.86031693,25.822876,0.536427,21.222033,0.70633805,10.899555,1.6535864,-6.238538,-2.2698944,0.018136196,0.74036354,1.3678012,0.8775312,8.586922,0.27208462,8.114928,1.362862,31.811308,0.3111951,754.659,0.29821402,1476.528,0.15594353,-101.07926,-0.802742,1786.6014,0.18341163,1291.1847,0.17680775,-108.348656,-0.687055,2900.8782,0.08597259,1058.5131,0.24309278,-112.27077,-0.6225508,-24.374762,-0.45594025,40.83919,0.2680082,-0.016304813,-1.4573909,-0.015993759,-0.87523717,0.1492044,0.48230824,33.756565,0.38476905,29.246788,0.3257675,14.034061,1.5655577,-1.9075261,-7.395028,-13.921263,24.303993,-0.0139318565,-0.0020205493,0.04410491,1.9607843,3.0927837,0.17999999,0.11575837,0.089999996,0.052440442,-27.912714
./StandardData/2021.0614.114138.wav,0 days,0 days 00:00:00.228625,0.0,0.0,0.0,0.0,0.0,0.0,0.0,0.0,0.0,0.0,0.42338666,1.3250923,0.15202436,0.18661697,0.19881897,0.04679461,17.363308,11.843634,23.009598,0.0,0.37181526,1.8557155,11.197325,0.69832975,-4.2257853,-1.4644326,0.8345637,5.967717,-15.833473,-0.3231824,0.0,0.0,0.0,0.0,0.0,0.0,0.0,0.0,0.0,0.0,0.0,0.0,0.0,0.0,-201.0,0.0,0.0,0.0,0.0,0.0,-201.0,0.0,0.0,0.0,0.0,0.0,-201.0,0.0,0.0,0.0,0.0,0.0,0.0,0.0,0.0,0.0,0.0,0.0,0.0,0.0,0.0,0.0,0.0,0.0,0.0,0.0,-6.475915,15.310732,0.041111395,-0.0011588144,0.4991603,4.7619047,0.0,0.0,0.0,0.14999999,0.0,-23.909046
./StandardData/2021.0616.104856.wav,0 days,0 days 00:00:01.080562500,29.596348,0.12669607,27.051617,29.901386,32.887733,5.836117,17.135061,6.879679,48.386253,0.0,0.35400465,1.1481655,0.04253857,0.2353632,0.5443624,0.50182384,11.524792,13.43292,5.5159006,2.240646,0.22490835,1.5029742,31.46531,0.4922321,9.917584,1.7606033,7.039216,1.8841474,-15.306332,-0.8707097,0.019081986,0.74648196,1.4140991,0.87564194,5.849907,0.43606707,1.9067837,2.2906473,41.473526,0.25894666,689.89,0.22770737,1365.4482,0.0979915,-90.60825,-1.0055326,1846.8596,0.11146248,1222.5933,0.29623544,-104.59982,-0.765274,2963.022,0.09294848,1079.717,0.19185106,-109.09949,-0.6971865,-24.504068,-0.35053065,35.69251,0.24513265,0.061933696,0.29389793,-0.03572487,-0.56145304,0.38298127,1.0240345,41.11469,0.20473209,14.80137,1.064608,7.4715266,2.126887,-12.142148,-1.154072,-12.543892,22.0262,0.04982389,-0.008182682,0.043222245,1.869159,2.9411764,0.18333334,0.08730534,0.13,0.07788881,-24.077997
./StandardData/2021.0614.014443.wav,0 days,0 days 00:00:01.034625,28.61525,0.02340557,28.318657,28.560936,29.309647,0.9909897,16.42567,14.840257,-2.0087993,9.4984865,0.23785235,0.82474786,0.044414777,0.18913056,0.4407129,0.3962981,2.344552,0.74329704,2.975301,1.3165189,0.14380525,1.2227099,35.711876,0.5104359,17.944122,1.1858846,7.554846,2.0342722,-9.066994,-1.9343213,0.014829057,1.5044618,1.1724055,0.9928858,8.667974,0.26037687,5.2820234,1.7459829,57.472473,0.19234137,576.6797,0.24019673,1423.139,0.12282784,-89.18405,-0.9969231,1753.8622,0.09636187,1358.3253,0.1904807,-107.284935,-0.67240226,2881.603,0.058410306,1246.4509,0.18525696,-113.832596,-0.58772224,-36.81267,-0.17993872,50.463398,0.0954131,0.047435388,0.49119073,-0.019330792,-0.8981702,0.21452941,0.87585384,47.70544,0.12030302,33.720657,0.22000188,17.395733,0.6624684,0.77448505,19.70799,-7.452487,21.254148,0.060778964,-0.0033411735,0.056062616,2.9411764,2.0618558,0.285,0.255,0.11666667,0.062360957,-24.74677
./StandardData/2021.0614.014428.wav,0 days,0 days 00:00:01.330625,52.39597,0.17623186,39.368053,58.823654,58.964104,19.59605,5.0457,0.0,330.21152,0.0,0.25730312,1.013771,0.10390595,0.18679446,0.3493842,0.24547824,8.237122,9.455281,10.0149975,14.38073,0.112669505,2.6262643,8.788429,1.3515979,-11.830127,-0.9396589,-2.123108,-5.749764,-19.261267,-0.48709688,0.053090245,0.56846386,1.600652,0.64822704,8.440187,0.57738894,7.3363767,0.6742346,15.512907,0.653044,827.006,0.14207204,1301.1775,0.074672066,-198.10497,-0.080417596,1903.5679,0.090464614,1159.905,0.21169215,-190.05879,-0.19225186,3012.7046,0.05208377,1272.7031,0.44185233,-189.49257,-0.1937457,-15.365189,-0.5752265,33.927658,0.2974586,0.07360923,0.22237104,-0.010684741,-0.8672463,0.12922055,0.69085294,29.418884,0.15537518,-2.9953372,-1.508738,-17.572792,-0.8074953,-31.183607,-0.27150625,-0.43918973,10.727693,0.07662694,0.0111018075,0.11506813,5.3030305,1.5748031,0.035,0.015,0.38333333,0.18838495,-31.689514
./StandardData/2021.0707.084844.wav,0 days,0 days 00:00:01.402000,32.39462,0.06687506,30.11802,32.142475,35.07371,4.9556923,17.001202,8.11641,9.590852,0.0,2.2336233,0.86451507,0.09081741,2.1952264,4.2405233,4.149706,34.387066,17.39641,38.318604,16.407455,1.7526132,0.9072365,27.039963,0.47332284,-6.355166,-2.0082881,-2.239324,-4.914484,-20.821102,-0.44816035,0.013840543,0.99448895,2.0102491,0.7839695,7.790947,0.42838117,2.4816606,3.162462,26.12083,0.29761162,626.07416,0.31492126,1458.4324,0.09852988,-71.071976,-1.334287,1639.3713,0.120541036,1109.7585,0.2783997,-73.96188,-1.188198,2749.4795,0.08413921,1030.8351,0.43238565,-80.07756,-1.0460832,-13.35183,-0.35280818,25.421383,0.25677708,0.041972585,0.42174882,-0.03554072,-0.31729612,2.5846233,0.45117065,33.14231,0.2585444,-5.04123,-2.2920213,-2.773995,-4.5110526,-21.22718,-0.48456267,-5.151345,15.490535,0.07599201,0.004821322,0.289403,4.316547,1.4925374,0.435,0.21499999,0.14,0.0697615,-5.8260646
./StandardData/2021.0606.145013.wav,0 days,0 days 00:00:00.529625,22.292465,0.20315385,15.208555,24.476688,26.038132,10.8295765,92.72347,60.365417,192.02513,0.0,0.090812616,0.67604226,0.048007656,0.06802523,0.103154846,0.05514719,1.740892,1.6380408,0.91061306,0.17291474,0.03137324,1.2483326,16.809113,0.9619695,11.033557,0.6934438,6.162858,1.841268,-8.712342,-1.4691147,0.03659387,0.6001141,2.1764672,0.6026596,0.9837715,0.8519596,11.62527,0.5984163,41.24094,0.1097511,784.39795,0.15794763,1356.8739,0.12961939,-163.23694,-0.3991141,1849.6394,0.10868211,1263.5454,0.25890458,-167.50533,-0.3405013,2917.3696,0.06031884,1047.8699,0.2992274,-169.44693,-0.31563023,-19.978624,-0.26720718,30.78542,0.23399727,0.0327049,0.4865966,-0.012616442,-1.543076,0.08019369,0.54921556,30.771736,0.24874537,16.964087,0.34068778,2.3768804,5.5944543,-14.2008095,-1.1444945,-7.0713644,16.552086,0.025371894,0.009199837,0.022791466,3.9215686,4.3478265,0.035,0.015,0.10666667,0.060184903,-44.401863
./StandardData/2021.0707.085614.wav,0 days,0 days 00:00:01.677500,31.5104,0.07019309,30.020086,30.837402,32.92461,2.9045238,23.12387,7.070798,13.029712,31.45451,0.4902666,0.8497006,0.07997985,0.42899984,0.80701876,0.7270389,11.630041,8.565075,10.995407,6.6794815,0.33706367,1.0489366,31.105663,0.5273409,3.7475488,3.856971,-1.7734709,-8.496304,-17.047052,-0.68170035,0.013533819,0.75987357,1.520078,0.82912886,6.389902,0.6030425,6.356794,1.6581416,44.123653,0.3299667,705.6356,0.28571442,1460.356,0.11584827,-116.5401,-0.7831288,1763.0342,0.1477274,1188.4343,0.16618955,-119.15535,-0.70438886,2915.1157,0.097776346,1111.6046,0.215002,-125.05767,-0.6226375,-21.347073,-0.57346815,36.14412,0.29010215,0.06641769,0.23608534,-0.021715352,-0.96963286,0.47333822,0.64079076,41.488693,0.24539575,10.144425,1.6616791,0.33625385,47.765488,-13.021106,-1.0811894,-5.3934574,20.92888,0.057777084,0.0039420607,0.23521447,4.8192773,2.484472,0.1775,0.13808964,0.162,0.112853885,-21.933413
./StandardData/2021.0525.102807.wav,0 days,0 days 00:00:01.356062500,32.112827,0.08398749,29.227238,33.251305,34.1379,4.9106636,59.116413,21.79542,22.757364,12.397017,0.414872,0.8771058,0.055001386,0.32484537,0.7301396,0.67513824,8.766491,5.4995966,7.031646,5.529798,0.28275752,1.1218259,27.281736,0.65549064,4.9566073,2.627286,4.4383025,4.35226,-12.824443,-1.2081159,0.021289725,0.7859587,1.939239,0.67172027,6.837011,0.48418692,2.6234632,2.5679162,38.659748,0.18285824,587.8429,0.38431737,1402.2795,0.14338294,-114.460434,-0.8223474,1588.4069,0.18268315,1132.206,0.21558297,-117.23201,-0.7358366,2783.5964,0.08638797,919.345,0.28206238,-123.54967,-0.6440874,-17.287817,-0.52151406,34.55868,0.31255332,0.07242793,0.26229632,-0.02592774,-0.62084967,0.52568865,0.58759594,41.31454,0.26183704,11.556008,0.78975135,-3.7420394,-4.5558314,-20.046669,-0.65602607,-4.792655,18.347115,0.041444417,0.013263749,0.09143044,3.7313435,2.3255816,0.19,0.14988884,0.1625,0.049180787,-22.181816
./StandardData/2021.0616.113714.wav,0 days,0 days 00:00:01.907062500,29.188223,0.13501982,26.546951,29.162605,33.176773,6.629822,11.086804,5.0495343,28.724363,0.0,0.39808863,0.8782898,0.08513367,0.32281232,0.76622427,0.6810906,6.41179,3.4917758,5.958792,3.4073918,0.20101611,1.0995286,34.527924,0.47875106,9.673307,1.7214038,-0.57875806,-25.247555,-15.17602,-0.8241758,0.019228414,1.0399357,1.133883,0.95868725,5.9569616,0.5713866,-2.8677707,-1.6922297,40.243557,0.24946988,592.1769,0.276382,1492.0884,0.11821613,-78.368996,-1.1739234,1642.6786,0.15841304,1236.4438,0.17663349,-89.12288,-0.9279317,2839.122,0.0894049,1130.6074,0.22499038,-99.83249,-0.7455364,-19.145897,-0.6216063,37.6832,0.25086427,0.07463064,0.29644307,-0.030697588,-0.8651215,0.27222273,0.8041382,43.43742,0.26378745,11.950903,1.2555614,-6.5553865,-2.2255342,-17.36418,-0.6841236,-12.445062,23.828993,0.058116864,0.0022586053,0.102776736,3.1746032,3.2608697,0.17999999,0.18193404,0.103333324,0.06798693,-23.57521
./StandardData/2021.0616.113951.wav,0 days,0 days 00:00:00.229625,0.0,0.0,0.0,0.0,0.0,0.0,0.0,0.0,0.0,0.0,0.6389574,1.2144864,0.25376025,0.31659693,0.34272543,0.08896518,28.330462,19.782671,63.969147,0.0,0.5791166,1.7756928,7.9360247,0.88061106,-16.600595,-0.2090188,-3.7991004,-0.9351168,-18.091385,-0.46178073,0.0,0.0,0.0,0.0,0.0,0.0,0.0,0.0,0.0,0.0,0.0,0.0,0.0,0.0,-201.0,0.0,0.0,0.0,0.0,0.0,-201.0,0.0,0.0,0.0,0.0,0.0,-201.0,0.0,0.0,0.0,0.0,0.0,0.0,0.0,0.0,0.0,0.0,0.0,0.0,0.0,0.0,0.0,0.0,0.0,0.0,0.0,-0.67348975,7.7266665,0.059991937,-0.000326181,0.76418936,4.7619047,0.0,0.0,0.0,0.14999999,0.0,-18.65912
./StandardData/2021.0616.112449.wav,0 days,0 days 00:00:00.988750,30.4662,0.046435688,28.446964,31.090942,31.622179,3.1752148,20.690794,23.008863,21.16718,1.0414438,0.37581527,0.964022,0.05097428,0.19001134,0.6752223,0.624248,3.8788767,2.1741211,4.530822,0.95382535,0.2807199,1.3360931,28.33829,0.63664716,9.991985,1.9107766,3.3749719,7.3450656,-19.587284,-0.5740674,0.01229021,0.55958396,0.9706863,0.84109086,7.1119804,0.52225024,6.887407,0.83282435,48.97969,0.28253287,655.30756,0.32041603,1456.7671,0.21517475,-104.169205,-0.86515,1715.9036,0.15974571,1354.6848,0.21987948,-112.5975,-0.70826954,2876.009,0.07039354,1125.3018,0.15204991,-119.60661,-0.6105679,-21.2438,-0.5693722,39.35411,0.3331511,0.06344571,0.38808325,-0.03186073,-0.5895152,0.48730174,0.8524347,40.460682,0.39127624,20.350214,0.70416874,0.72686714,37.456425,-21.399658,-0.5280715,-6.8117166,18.552692,0.059288736,0.010816567,0.08486275,2.0618558,3.2608697,0.14999999,0.086023256,0.099999994,0.061237242,-21.322958
./StandardData/2021.0707.085324.wav,0 days,0 days 00:00:01.447875,29.335567,0.1549436,25.896664,28.414093,34.71978,8.823116,36.34608,14.671917,50.071686,17.453176,0.347011,1.0587785,0.053827304,0.1901627,0.5926291,0.5388018,9.071263,7.4230886,7.8242216,4.7866635,0.2748186,1.5382954,29.579044,0.49535286,9.349178,1.6497111,13.376791,1.1446184,-2.5200195,-4.730352,0.022760732,0.8340634,1.4945045,0.6280352,5.9564815,0.49052992,9.032346,0.92508066,37.89944,0.24345441,664.97253,0.33709952,1440.5564,0.13247111,-75.49013,-1.0997978,1747.3181,0.14500012,1171.8242,0.27057362,-83.88384,-0.8947169,2881.8215,0.10175714,1075.2773,0.21021283,-89.78873,-0.7892161,-21.719398,-0.35430503,33.320744,0.23955107,0.051774304,0.67255616,-0.015550744,-1.2305346,0.4091234,1.1528848,37.480686,0.24051537,13.063762,0.9642338,10.554582,1.6079705,-1.5301771,-7.6102443,-10.747371,19.650972,0.05226655,0.025564138,0.030215826,3.4965036,2.8985507,0.22,0.06745369,0.089999996,0.06745369,-20.983166
./StandardData/2021.0714.093829.wav,0 days,0 days 00:00:01.356125,28.09263,0.10255886,26.254341,27.436295,30.179808,3.9254665,26.264313,12.919411,34.362793,0.0,0.34186345,0.9815208,0.045449987,0.2662462,0.4976793,0.45222932,4.9754643,1.5116582,3.1292498,3.801235,0.1955872,1.1881784,31.936996,0.4639343,7.1201835,2.2157874,8.277759,1.8269595,-4.540501,-2.487816,0.01915313,0.98957366,1.0068079,1.1315266,5.4564085,0.54531133,1.3001513,4.7702456,37.782585,0.3968306,547.89087,0.37067017,1396.8446,0.08182883,-120.72173,-0.7667775,1638.7325,0.14621001,1130.9209,0.14700861,-125.80654,-0.66388047,2745.1555,0.1091847,1046.5125,0.20180854,-131.06506,-0.5955786,-21.106916,-0.38705352,33.932743,0.3197779,0.04490069,0.45049667,-0.019536626,-0.6809309,0.31674996,0.8348556,43.918793,0.1733992,11.429748,1.4296366,8.828494,1.2298231,1.1401751,11.670257,-10.826706,23.244497,0.04285198,0.0019214003,0.12185864,2.9850748,2.3255816,0.17333333,0.115854315,0.175,0.064226165,-25.995083
./StandardData/2021.0614.014452.wav,0 days,0 days 00:00:01.815250,28.129055,0.13068055,25.590406,29.887611,31.140484,5.5500774,27.083065,0.0,35.623108,60.162857,0.1698966,0.9177245,0.056550466,0.10766817,0.2586938,0.20214334,3.3639936,1.1464432,2.5000055,1.5640284,0.1293405,1.3194582,31.14639,0.44671363,18.563114,0.9832643,14.825871,0.694931,-3.447526,-4.183966,0.03584208,1.9268067,1.6899697,0.7918684,6.4860477,0.3927209,7.9606223,1.0837399,49.801155,0.20814835,728.6456,0.2847075,1426.7435,0.100121655,-100.78411,-0.81374085,1872.4684,0.09651801,1315.3376,0.108868495,-112.552734,-0.63381964,2969.167,0.061927143,1200.323,0.14653115,-116.077324,-0.589543,-33.641582,-0.19756776,45.807755,0.16828422,0.03550501,1.179855,-0.01573153,-1.0005244,0.2088306,0.88821375,40.68673,0.18311474,29.877033,0.29031423,20.087788,0.33701816,2.9667695,4.3130984,-11.898992,21.825901,0.057726838,0.007836805,0.032753978,3.888889,4.0,0.13285714,0.07959079,0.10833333,0.0569844,-27.63093
./StandardData/2021.0606.145424.wav,0 days,0 days 00:00:00.483687500,0.0,0.0,0.0,0.0,0.0,0.0,0.0,0.0,0.0,0.0,0.16746107,2.00641,0.041958153,0.052171722,0.06999637,0.028038219,6.0170174,0.0,-7.782422,0.0,0.12491678,2.6017578,10.351021,0.9794395,-11.1497345,-0.90281594,-7.548645,-0.9045401,-23.936243,-0.3818491,0.0,0.0,0.0,0.0,0.0,0.0,0.0,0.0,0.0,0.0,0.0,0.0,0.0,0.0,-201.0,0.0,0.0,0.0,0.0,0.0,-201.0,0.0,0.0,0.0,0.0,0.0,-201.0,0.0,0.0,0.0,0.0,0.0,0.0,0.0,0.0,0.0,0.0,0.0,0.0,0.0,0.0,0.0,0.0,0.0,0.0,0.0,-3.751494,13.523184,0.078873396,0.0061722915,0.14285661,2.1276596,0.0,0.0,0.0,0.41,0.0,-28.587448
./StandardData/2021.0614.113504.wav,0 days,0 days 00:00:00.391812500,61.259567,5.4659766e-05,61.25711,61.258064,61.26143,0.0043182373,0.002073288,0.0,0.0,0.0,0.074075244,1.08433,0.031033617,0.03461986,0.080050305,0.049016688,0.6995006,0.4873647,3.0299132,0.0,0.024662029,2.1282332,10.093232,0.89280593,-26.286404,-0.41785198,-8.336032,-1.6195503,-26.000782,-0.20075864,0.052128125,0.16087039,2.5191884,0.20041582,5.2945986,0.18413164,4.5318956,0.04647769,8.676576,0.23842546,908.37244,0.1602278,1325.7042,0.06939135,-201.0,0.0,1946.4022,0.07285413,1106.6343,0.056573793,-186.50735,-0.19968335,2955.2456,0.09019642,1373.2844,0.09325234,-181.78244,-0.24680719,3.3108842,0.41320142,10.578381,0.19837607,0.06670569,0.06100038,0.019425176,0.25298527,0.012688385,0.9097709,7.455154,0.6853854,-31.989594,-0.19064155,-5.2711415,-0.24438892,-23.827005,-0.026540192,0.5363859,11.074438,0.0837939,0.016935255,0.030109882,2.631579,3.0303032,0.03,0.0,0.13499999,0.035,-45.882965
./StandardData/2021.0714.095017.wav,0 days,0 days 00:00:01.677500,31.065044,0.09594896,28.26497,30.369486,34.149796,5.8848248,88.60061,120.031166,22.767313,11.701561,0.5481731,0.95446736,0.08009393,0.41333944,1.0522352,0.9721413,5.98429,3.1053295,7.2958126,5.0304627,0.26786065,0.91410315,32.317608,0.4529166,5.739373,2.998936,10.214979,1.789418,-4.781439,-3.517907,0.017686132,0.9772614,1.2750176,0.97875214,7.6400437,0.3428978,9.079256,1.1458563,38.476616,0.29514107,658.1645,0.30305094,1428.6865,0.12218915,-63.57698,-1.3334429,1714.2462,0.12299602,1118.9178,0.23323584,-71.42872,-1.1083884,2842.9448,0.10384119,1178.0472,0.36601096,-81.7682,-0.8840716,-19.54046,-0.46808332,33.363617,0.27731758,0.054950204,0.5954765,-0.022857644,-0.9004181,0.3657271,0.62789196,39.124805,0.25320023,7.627002,2.0879395,7.850314,2.4462767,-4.3983393,-3.8166652,-11.370041,20.889114,0.042155106,0.012222156,0.045873996,3.6144578,1.863354,0.37666667,0.3120185,0.195,0.005,-21.575357
./StandardData/2021.0714.093820.wav,0 days,0 days 00:00:01.264249999,28.860851,0.13090855,25.87685,28.016829,33.00029,7.12344,32.426052,10.403258,44.25984,36.406734,0.30653408,0.77779365,0.0673892,0.2484266,0.54534423,0.47795504,5.063417,3.5188258,4.513288,1.4524411,0.16974722,0.91232765,32.007946,0.53273726,10.546494,1.7925333,7.068051,2.1971292,-9.505969,-1.4411258,0.019069448,0.8308804,1.3755265,0.7173717,5.85801,0.51623213,3.9846354,1.2470515,38.652634,0.2550818,590.4955,0.3044117,1470.7898,0.15744764,-92.97108,-0.9533614,1654.1101,0.14812379,1245.4277,0.27803457,-102.67927,-0.767044,2780.9438,0.09755761,1081.1737,0.20736986,-108.88938,-0.6748597,-22.930864,-0.4408236,37.43548,0.24669081,0.050192326,0.38488832,-0.02389024,-0.85955966,0.26130804,0.54867244,41.986897,0.2271084,17.31583,0.8849119,7.8067117,2.2308354,-6.6125073,-2.2431667,-8.447752,19.73644,0.05329566,0.0069433968,0.063495845,4.0,4.166667,0.128,0.109799825,0.088,0.06493073,-26.88832
./StandardData/2021.0616.113816.wav,0 days,0 days 00:00:01.631562500,28.46449,0.091981255,26.825874,27.35673,31.153576,4.3277016,58.53909,62.91697,24.608742,14.180609,0.3619051,1.0380878,0.05001384,0.28816324,0.53333265,0.4833188,4.7833586,1.7003596,3.3753197,3.871439,0.21651013,1.4419953,26.198063,0.63617015,10.635137,1.5763478,18.902302,1.0006931,-3.755368,-4.3941274,0.02944024,1.0024973,1.6183118,0.8630608,6.3320684,0.3792256,5.192531,1.8123593,31.91499,0.35214823,651.5163,0.35474873,1442.9818,0.27172464,-77.133194,-1.0952605,1719.8845,0.12757838,1196.3812,0.31093588,-85.9276,-0.87701035,2785.2207,0.08272506,1085.5881,0.28461185,-89.79386,-0.80810034,-21.062098,-0.446153,32.576862,0.33954287,0.041270573,0.7694506,-0.01726267,-1.4077811,0.30940402,1.1324983,34.65018,0.38183048,15.210609,0.93617827,18.572071,1.1006795,-1.8411397,-9.102455,-7.954851,16.051235,0.050847862,0.016138779,0.05386844,3.0864198,3.2051284,0.19999999,0.18121809,0.074999996,0.062115483,-23.78439
./StandardData/2021.0616.112436.wav,0 days,0 days 00:00:01.264249999,30.343538,0.05117604,28.821054,30.465622,31.868502,3.0474472,20.416885,12.725251,21.511744,12.867644,0.53380865,0.83131355,0.057506386,0.48355874,0.8878142,0.83030784,9.022459,5.1878858,7.790527,3.637928,0.32049778,1.0591539,33.055042,0.54279876,9.854989,1.3176935,-1.9947618,-7.679412,-14.678446,-0.8307499,0.019679021,1.3794485,1.377523,0.95487314,6.827022,0.4961798,-0.37745714,-13.029076,42.22359,0.29169053,674.55835,0.25262046,1395.6368,0.12752043,-53.027355,-1.556116,1742.775,0.15099363,1086.3615,0.1378824,-66.661865,-1.1073778,2914.4,0.08680116,1107.8966,0.2198995,-77.75325,-0.8630343,-18.281113,-0.4306521,36.5036,0.29347962,0.0750388,0.39031327,-0.034939967,-0.648884,0.43510583,0.76140904,41.741657,0.28841123,13.423705,0.87227404,-7.538669,-1.793541,-16.55416,-0.7694819,-3.304401,12.312207,0.03723846,0.018520342,0.015339944,3.2,1.6666667,0.445,0.39499998,0.086666666,0.07408704,-21.088964
./StandardData/2021.0707.084833.wav,0 days,0 days 00:00:00.437750,0.0,0.0,0.0,0.0,0.0,0.0,0.0,0.0,0.0,0.0,0.076930255,1.0551502,0.028875005,0.03069381,0.08596283,0.057087827,1.1985763,0.0,-1.7544752,0.0,0.036666237,1.9770123,16.891989,0.7404853,-7.6297045,-1.7029384,4.1034374,2.60641,-15.590374,-0.8182047,0.0,0.0,0.0,0.0,0.0,0.0,0.0,0.0,0.0,0.0,0.0,0.0,0.0,0.0,-201.0,0.0,0.0,0.0,0.0,0.0,-201.0,0.0,0.0,0.0,0.0,0.0,-201.0,0.0,0.0,0.0,0.0,0.0,0.0,0.0,0.0,0.0,0.0,0.0,0.0,0.0,0.0,0.0,0.0,0.0,0.0,0.0,-5.469556,16.299442,0.070568345,0.010546823,0.04051881,2.3809524,0.0,0.0,0.0,0.35999998,0.0,-43.04237
./StandardData/2021.0714.095410.wav,0 days,0 days 00:00:01.998875,28.12849,0.14458187,24.352806,27.195223,31.81293,7.460123,68.5525,60.148376,48.894115,18.193783,0.33821398,0.6048352,0.13708515,0.33221734,0.51101464,0.3739295,2.8532002,1.0448716,3.8340716,1.4866183,0.18333688,0.73090893,38.329308,0.37849233,12.304994,1.3242929,0.46904334,35.862465,-12.515671,-1.2855875,0.03830896,1.0012773,1.4334495,0.8476392,4.6354694,0.6113025,5.1250424,1.4858618,43.6613,0.23521821,707.037,0.24376763,1459.8723,0.15103516,-55.73711,-1.4254658,1772.554,0.16650815,1173.2877,0.1937152,-70.59785,-1.000321,2976.4958,0.08291647,1119.604,0.19162919,-80.67604,-0.7987239,-21.222824,-0.48991084,39.530544,0.25349903,0.052156612,0.45448473,-0.02857711,-0.8338682,0.22584502,0.54188645,44.354465,0.17135654,17.286116,0.7195096,-1.4566599,-11.503973,-13.567007,-1.1379285,-9.810183,22.255497,0.06392745,0.0022612151,0.07728845,3.5353537,2.6041667,0.28,0.25845695,0.08,0.06324555,-27.611553
./StandardData/2021.0707.084452.wav,0 days,0 days 00:00:01.493812500,28.705063,0.11811636,25.851427,27.861528,30.776382,4.9249554,44.24168,12.317872,36.13184,16.484337,0.34729037,0.85954136,0.07321836,0.24083167,0.6295436,0.55632526,3.0313451,2.3889449,3.0282123,1.0260373,0.14611508,0.98454934,31.991488,0.43144372,9.638005,1.7023271,7.9726872,2.1417751,-6.2986355,-2.513137,0.04719402,1.6727408,0.94985825,0.69803584,6.419327,0.4288506,6.7340417,1.2120577,38.147728,0.23259537,684.7337,0.2582718,1331.6473,0.10482565,-58.188076,-1.3683276,1790.744,0.0994018,1121.0637,0.4062079,-71.4755,-1.0088935,2918.453,0.07903086,1014.3855,0.2813793,-80.15131,-0.835386,-23.324423,-0.41010737,35.555206,0.32117134,0.03173077,1.0039862,-0.0282345,-0.82177,0.19495597,0.7271041,38.77549,0.17309566,15.854117,0.848282,8.495967,2.2964556,-3.6016557,-4.116957,-5.7990746,15.479108,0.055062283,0.0012341551,0.027541302,2.7027028,1.4285715,0.52,0.5,0.155,0.035,-27.608904
./StandardData/2021.0714.094407.wav,0 days,0 days 00:00:00.621437500,32.16749,0.15511659,26.010687,35.39947,36.398693,10.388006,137.81932,92.141136,136.14082,0.0,0.08639289,0.54332644,0.049357694,0.0718137,0.13061391,0.08125621,0.39295965,0.18596715,0.27695528,0.26001897,0.043863136,1.1582128,30.332642,0.28853446,10.543366,0.86536074,18.32373,0.4085069,2.511346,2.8643713,0.103138834,1.1736813,2.0470467,0.49055803,7.457718,0.42810488,13.297191,0.42438826,34.491665,0.28956577,889.74927,0.12877569,1468.161,0.2181614,-149.9738,-0.4749153,1902.8066,0.08000509,1254.2146,0.13121389,-154.16754,-0.42527348,3050.1758,0.056127883,996.9582,0.26721805,-156.69589,-0.39521018,-29.305462,-0.27708092,45.546547,0.19038054,0.014280067,1.3625486,0.0048587136,2.0049891,0.096173964,0.6057578,37.554157,0.17376095,20.248867,0.40252495,16.145735,0.657033,3.5773284,3.2297297,-15.5110235,28.682215,0.028014967,0.019099215,0.023121182,3.2786884,3.7037039,0.07,0.049999997,0.17,0.02,-37.09808
./StandardData/2021.0616.114118.wav,0 days,0 days 00:00:01.310125,30.768314,0.031000433,30.46164,31.041779,31.412365,0.95072556,9.382176,3.2964828,4.147678,1.9294412,0.4504871,0.9252803,0.05236583,0.3259899,0.83077776,0.7784119,10.082753,7.504985,8.952135,3.466199,0.25399148,1.1698958,28.790026,0.5983996,-0.40881327,-31.905222,2.33767,6.1040063,-10.417565,-1.0832231,0.019059988,1.1785308,1.6620687,0.6759549,5.9657683,0.5035885,5.6712008,1.4944637,32.40988,0.25917763,628.42194,0.32420793,1361.0353,0.10366263,-76.43266,-1.2139177,1687.0382,0.17072128,1057.4528,0.23773083,-82.32583,-1.0379018,2797.9631,0.11167192,1025.4028,0.2590681,-90.051544,-0.88402784,-15.745824,-0.5815509,27.70467,0.3209143,0.07086493,0.20091102,-0.020108713,-1.0707241,0.40064812,0.76103294,39.22615,0.33815062,4.452324,2.6456728,2.996284,6.0225353,-5.44097,-1.8198197,-2.655254,12.579719,0.07022259,0.010162,0.02501698,3.846154,2.4,0.25666666,0.16131404,0.1025,0.06378675,-23.07528
./StandardData/2021.0714.095449.wav,0 days,0 days 00:00:01.126500,27.64753,0.15907334,22.638847,27.087452,31.981888,9.34304,32.190258,16.417763,67.91896,0.0,0.25949413,1.0461849,0.03949824,0.1945426,0.39277318,0.35327494,3.3575861,1.4100776,5.462889,3.8306952,0.1684735,1.4738516,32.5121,0.51600575,11.445315,1.2891673,7.22732,2.0192316,-9.177764,-1.4296821,0.052963674,0.8555109,1.4441881,0.60970575,4.523209,0.5097732,7.787745,1.6762503,41.11299,0.25424948,776.208,0.20474808,1427.5304,0.17625841,-113.287056,-0.7899653,1906.5184,0.13967909,1243.9368,0.21586388,-122.93294,-0.63785505,3050.1914,0.083745934,1072.4279,0.17401594,-126.10954,-0.59722733,-24.516932,-0.33189502,42.018017,0.12405771,0.033712685,0.8991291,-0.027526958,-0.65675426,0.271208,0.9910535,45.2218,0.14749844,18.73337,0.5569956,5.5505056,2.5179918,-10.620973,-1.3279064,-12.844575,25.125395,0.036851905,0.001170889,0.091865756,2.7027028,2.8301888,0.15666667,0.044969123,0.13,0.09137833,-26.817274
./StandardData/2021.0610.112859.wav,0 days,0 days 00:00:01.379000,29.710674,0.05198626,28.115467,29.772346,31.38887,3.2734032,72.25772,79.53145,8.663931,8.37431,0.23572722,0.5263427,0.09143013,0.21827449,0.33753154,0.24610141,1.6740919,1.0304215,1.9220623,0.9217258,0.10163712,0.78957415,28.148098,0.4723446,24.553328,0.5220611,6.919672,1.5296155,2.7688882,5.166388,0.01741875,1.0987889,1.1021837,0.71307504,8.328035,0.27760306,1.0111588,7.195718,26.32117,0.513253,712.6827,0.39523843,1397.1425,0.21506321,-61.37583,-1.1718786,1814.0419,0.19438703,1178.1293,0.25693998,-75.16478,-0.8514041,2892.425,0.084927335,1053.5991,0.35329354,-79.0102,-0.7763782,-24.040266,-0.2760685,38.43566,0.23323445,-0.012750816,-2.5308938,-0.013034547,-0.94113946,0.12801363,0.5510252,32.598064,0.36947674,29.714054,0.29142597,8.40918,1.347491,8.133197,1.3906735,-11.844399,20.941868,-0.006607796,6.499359e-05,0.022816507,2.9411764,1.5267177,0.505,0.024999999,0.12,0.07,-28.95221
./StandardData/2021.0514.145903.wav,0 days,0 days 00:00:01.723437500,29.089643,0.1463483,27.11903,28.716986,32.813828,5.6947975,51.392944,36.04723,55.240513,35.58739,0.19733585,0.47414345,0.10951331,0.18906355,0.27999818,0.17048487,1.5061901,0.57672757,1.1091176,0.2872333,0.10841459,0.75582224,23.201895,0.6201668,28.099972,0.44483483,20.174372,0.63169056,7.053647,2.100333,0.024142537,0.69350463,1.6121143,0.78188443,8.300783,0.34484923,12.574042,0.7793327,29.783064,0.39327344,915.0452,0.18915015,1324.2405,0.16587819,-89.2126,-0.7886561,2049.9038,0.104134,1242.776,0.26241478,-95.97058,-0.6803442,3070.337,0.080353476,1139.0033,0.23714757,-96.79419,-0.6655145,-27.210693,-0.27632982,38.31139,0.26447216,-0.030602887,-0.7043341,-0.0015463005,-6.3221693,0.12679614,0.5871902,27.602764,0.39516872,29.513666,0.26605865,23.790987,0.4471672,13.356152,0.8946921,-15.43096,23.243065,-0.02322483,-0.0036009292,0.08096991,4.0935674,4.848485,0.1325,0.08196798,0.068333335,0.053046096,-28.925426
./StandardData/2021.0616.104948.wav,0 days,0 days 00:00:00.896937500,29.93724,0.04597907,28.801287,29.119091,31.77529,2.9740028,7.5511026,4.7841244,6.995758,6.5148807,0.49540165,1.0351727,0.034006782,0.25356454,0.99736816,0.9633614,6.5707474,3.758108,8.081419,4.688405,0.2852597,1.2499257,31.743685,0.57532734,-0.3815485,-36.477863,-1.2262591,-16.097933,-12.01339,-1.1215953,0.013166997,1.1644435,1.4734122,0.7943447,7.080945,0.3695127,0.27091497,9.944779,34.15989,0.2817601,676.09296,0.24717042,1481.7979,0.09852707,-66.978065,-1.392297,1735.9866,0.1262115,1135.5541,0.15017779,-77.831314,-1.0841572,2879.1438,0.076353915,1069.623,0.24846315,-85.05737,-0.9307358,-19.440468,-0.38091218,34.33273,0.21708737,0.07197152,0.27606255,-0.030720223,-0.6020128,0.4461093,0.8039657,44.054516,0.21884748,5.1791477,2.4256456,-6.710813,-3.3539627,-10.427851,-1.303982,-2.760543,11.439294,0.05176363,0.0193186,0.004779021,2.2727273,1.2048193,0.55,0.0,0.125,0.065,-21.152782
./StandardData/2021.0606.145201.wav,0 days,0 days 00:00:00.516875,47.02299,0.000862912,46.981827,47.02751,47.05995,0.078125,0.0,0.0,-0.021305848,0.0,0.15282322,1.5020293,0.04157713,0.054527834,0.13429181,0.09271468,1.8181562,1.4032704,5.1406536,0.0,0.11113364,2.3560715,19.433386,0.4958473,-7.752816,-1.3105047,-4.732652,-2.6752186,-19.735125,-0.36007455,0.055841316,0.0,1.3142798,0.65756965,0.10606393,8.079691,15.244885,0.31960148,31.432585,0.28300628,772.8324,0.33266562,1338.9397,0.037259776,-186.97601,-0.25065094,1691.4034,0.13395382,1214.2959,0.039963067,-179.87254,-0.29738674,2720.0835,0.08636234,930.8411,0.07040802,-181.18332,-0.27710652,-2.4903233,-0.3834245,14.527218,0.20479359,0.07048666,0.06648681,0.005235224,0.9593176,0.32611132,1.0446984,19.434267,0.4114474,-28.773417,-0.4112182,-11.182653,-0.35319814,-23.577044,-0.057499733,-6.6458564,19.995996,0.062301744,0.005239002,0.09793593,2.0,2.2222223,0.04,0.0,0.19,0.02,-31.832155
./StandardData/2021.0616.114106.wav,0 days,0 days 00:00:01.815250,30.160961,0.16255945,26.262112,30.154871,33.12546,6.86335,288.30804,362.94022,220.57014,262.50565,0.36113772,0.91427577,0.062117375,0.26580358,0.6346243,0.5725069,6.7032743,2.8190963,4.965263,2.6885862,0.23423992,1.073616,29.691204,0.54440284,8.215212,2.1222775,8.8401375,2.1652303,-12.307813,-1.1095952,0.022459527,0.74880356,1.3465502,0.8921652,6.1064444,0.59006315,5.275872,1.9172509,39.618263,0.25472155,620.18774,0.3283649,1407.2411,0.11554264,-102.39583,-0.8995115,1743.477,0.15951803,1099.6814,0.24234669,-108.245674,-0.75353205,2900.4182,0.098558314,1168.2823,0.37795424,-113.97365,-0.67253965,-21.939865,-0.50128525,34.408737,0.27170128,0.06177007,0.3779576,-0.023722827,-1.0109832,0.38081217,0.64364445,38.689705,0.31212386,14.700113,0.8778042,8.903794,2.3338315,-12.030375,-1.0770746,-9.9876795,21.237978,0.047674898,0.007086283,0.08372676,3.3333335,3.4285715,0.145,0.20336747,0.12333333,0.060184903,-22.43965
./StandardData/2021.0714.094403.wav,0 days,0 days 00:00:00.667312500,36.562748,0.00855553,36.245296,36.46287,36.91778,0.67248535,18.088055,0.0,-15.100734,0.0,0.11783546,0.3828441,0.060219683,0.12607273,0.16242638,0.1022067,0.9300448,0.3103835,0.73744863,0.37983137,0.08537335,0.60490054,36.986477,0.16843627,17.11595,0.50928426,19.41062,0.30487803,4.2301283,1.7754253,0.060555935,0.5081073,1.6246885,0.2681797,9.85449,0.10525703,2.7738292,1.4263954,23.55558,0.080221936,873.8653,0.21192275,1450.9329,0.05353514,-174.85315,-0.3147041,1956.1638,0.093661524,1416.9646,0.06851257,-174.53552,-0.30322266,3044.894,0.043120086,1312.0885,0.108881734,-175.4887,-0.2907688,-37.471664,-0.065930724,52.238827,0.020827347,0.022138413,0.2385829,-0.0024829463,-0.8755497,0.13106112,0.23053488,39.51219,0.0374285,28.160864,0.032525502,21.25422,0.17183535,10.009646,0.22905022,-25.37295,41.071186,0.011410992,0.0039943885,0.085012145,6.1538463,1.6666667,0.099999994,0.0,0.235,0.024999999,-35.406956
./StandardData/2021.0714.094401.wav,0 days,0 days 00:00:00.575500,36.16745,0.019436143,35.69258,36.330505,36.79259,1.1000099,18.713879,7.797632,-1.3144813,7.60554,0.091187365,0.3567062,0.069744706,0.08340722,0.10476067,0.035015963,0.5605846,0.4022169,0.45468676,0.073902905,0.025023019,0.6388036,27.575169,0.23193036,6.289496,1.3559741,15.887753,0.32707617,-2.5844681,-4.060429,0.022397224,0.586138,1.3437641,0.46093792,10.451507,0.21591105,-5.8743954,-1.1324927,12.683145,0.5964226,913.56757,0.18662335,1232.9841,0.17972222,-68.12351,-0.91894245,1912.484,0.08873868,1088.2501,0.13345492,-73.504684,-0.7923619,2962.9575,0.06190603,862.10065,0.22741395,-78.11897,-0.71620184,-23.7916,-0.28446808,37.283844,0.19113354,0.04407686,0.23408101,0.0039576823,2.9437406,0.027117416,0.52060956,29.921518,0.18062928,9.306933,0.8054466,16.25856,0.36419094,-2.6497636,-4.0705476,-13.582516,26.628988,0.045091633,0.021594696,0.025793904,3.5714285,3.9215686,0.195,0.095,0.07,0.0,-40.88278
./StandardData/2021.0707.084836.wav,0 days,0 days 00:00:00.596937500,33.180115,0.08349158,31.027218,33.197464,34.991287,3.9640694,347.38687,0.0,-157.21765,131.52107,3.3631773,0.81502974,0.11188568,3.5857954,6.418528,6.3066425,62.538536,44.330757,15.916925,0.0,2.5466945,0.77251416,24.624964,0.3838616,-10.634787,-0.74025506,-6.252375,-1.6941514,-23.180454,-0.38492063,0.049989544,1.7043738,1.3053347,0.0,6.1300154,0.5397817,-1.7135355,-15.189656,14.892041,0.37171558,972.0309,0.3118892,1276.1412,0.12842552,-95.34103,-1.0460414,1880.0049,0.12980448,1184.2631,0.3020071,-92.28633,-1.0562898,2874.2795,0.070847526,843.09143,0.22623475,-95.72189,-0.9873831,-8.787893,-0.28109688,18.456694,0.120057374,0.037640203,0.31188676,-0.037314996,-0.31076065,3.9556398,0.26314494,19.270082,0.2875292,-16.187553,-0.33038852,-3.6492264,-1.5001241,-25.471899,-0.29196417,-13.480128,27.642624,0.049916286,-0.03303172,1.5429873,1.724138,1.8867925,0.28,0.0,0.22999999,0.0,-4.037806
./StandardData/2021.0606.145020.wav,0 days,0 days 00:00:00.759187500,27.369781,0.10434788,26.212036,27.46324,29.878246,3.6662102,106.61462,105.59682,151.62181,169.81894,0.12481534,0.49816358,0.066046834,0.10988395,0.17397316,0.107926324,2.0083673,1.3836046,1.2745472,0.22357996,0.04828162,0.6669143,30.697567,0.20828241,16.9234,0.4843948,17.965992,0.48517504,1.7557693,5.690884,0.056626238,1.026337,1.4627285,0.6861093,4.9804354,0.42088723,11.484346,1.0768232,31.40508,0.21208209,756.4928,0.20499131,1350.0677,0.15454793,-56.5121,-1.0716547,1895.212,0.08052755,1020.3252,0.23692077,-66.01676,-0.84112155,2914.0938,0.03945785,1034.0333,0.31893423,-69.41497,-0.7798402,-23.017208,-0.26230437,32.308735,0.29558682,0.023374429,1.3667969,-0.012519306,-1.5582453,0.055794194,0.55164194,31.365627,0.1918047,18.371841,0.43134278,19.05803,0.36635843,2.5648072,4.090556,-21.951077,33.36599,0.02666627,-0.004509618,0.035098374,5.4054055,4.545455,0.17,0.19096246,0.035,0.005,-39.304073
./StandardData/2021.0614.113739.wav,0 days,0 days 00:00:00.437750,32.63858,0.055947624,30.74613,32.47334,34.220142,3.4740124,0.0,0.0,-0.94745713,0.0,0.07341439,1.1958706,0.03261205,0.03511739,0.0562477,0.023635648,0.6802316,0.5473838,4.4477572,0.0,0.03436097,2.2553298,16.932756,0.7291798,-16.622278,-0.46608073,-5.334921,-1.841806,-16.36629,-0.32734317,0.021479618,0.0,3.9057384,0.0,0.8409805,0.55825806,-0.30466715,-20.457851,30.840775,0.20444052,892.0553,0.09611749,1357.8197,0.09377524,-172.79692,-0.36998215,1853.3586,0.08396406,1138.9291,0.050124634,-174.96231,-0.33488983,2766.5908,0.06723641,1605.4883,0.2938206,-176.7119,-0.30849972,-13.034111,-0.4877852,32.320538,0.37985876,0.08890025,0.093189396,-0.012683615,-1.1004239,0.23498917,0.40527418,43.670765,0.22881854,-22.776016,-0.5161765,-25.68224,-0.3625774,-21.487558,-0.33537206,-1.5865626,11.808721,0.052751426,0.020256259,0.008882902,2.3809524,2.7027028,0.04,0.0,0.14999999,0.08,-42.787228
./StandardData/2021.0525.101036.wav,0 days,0 days 00:00:00.412250,0.0,0.0,0.0,0.0,0.0,0.0,0.0,0.0,0.0,0.0,0.38187635,1.108709,0.17704414,0.24033555,0.39747953,0.2204354,13.037761,14.7873535,16.014969,14.406398,0.3532321,2.5485754,8.690637,0.8343786,-13.816268,-0.57647187,-1.4955833,-3.444204,-18.271154,-0.26887083,0.0,0.0,0.0,0.0,0.0,0.0,0.0,0.0,0.0,0.0,0.0,0.0,0.0,0.0,-201.0,0.0,0.0,0.0,0.0,0.0,-201.0,0.0,0.0,0.0,0.0,0.0,-201.0,0.0,0.0,0.0,0.0,0.0,0.0,0.0,0.0,0.0,0.0,0.0,0.0,0.0,0.0,0.0,0.0,0.0,0.0,0.0,-1.1379659,9.34053,0.07425984,0.0017577716,0.399976,5.0000005,0.0,0.0,0.0,0.34,0.0,-21.623055
./StandardData/2021.0514.145943.wav,0 days,0 days 00:00:01.402000,28.059591,0.114306636,25.688559,27.985102,31.585567,5.897009,28.98006,6.832942,-27.386894,37.49124,0.17504261,0.5850484,0.08220707,0.17719336,0.22470632,0.14249925,1.3309029,1.6120157,1.2071345,0.31991887,0.102572106,0.8002491,27.483072,0.3288477,24.173006,0.48187673,16.882244,0.6723944,6.748405,2.53891,0.04132015,1.1841125,1.3993636,0.8012862,7.06935,0.267304,17.743979,0.41331384,37.18671,0.2771886,800.6039,0.2609653,1424.4437,0.14588319,-81.834366,-0.9076099,1894.2485,0.11826576,1207.083,0.16869168,-90.072876,-0.7603007,3017.5852,0.066205055,1093.8374,0.18266803,-92.77418,-0.7148505,-28.805296,-0.2554355,41.1429,0.20125377,-0.03705395,-0.6205457,-0.005435843,-1.9651868,0.1332516,0.57729137,31.253223,0.22472532,29.429058,0.24736908,19.089092,0.57567894,12.740362,1.1298419,-17.650717,27.722624,-0.009949622,-0.0014506857,0.0325791,2.877698,1.4925374,0.475,0.315,0.16499999,0.024999999,-29.659311
./StandardData/2021.0714.092454.wav,0 days,0 days 00:00:01.218375,29.96829,0.039763976,28.576927,30.22322,31.034966,2.4580383,12.717382,4.425065,14.8166685,7.325501,0.5155475,0.75362843,0.06328039,0.50896966,0.89473724,0.83145684,6.2930474,3.888056,6.655748,3.4293854,0.2962648,0.90030473,36.028683,0.5373069,7.0506673,2.321333,-6.4914947,-1.7081673,-16.870255,-0.684237,0.016165722,1.0142775,1.223248,0.74611694,7.267341,0.34227404,-0.8776928,-5.370932,44.061108,0.25446722,639.258,0.3201758,1400.7473,0.09985769,-51.354904,-1.6377313,1689.9259,0.17174138,1151.4015,0.16030587,-64.61861,-1.1588893,2868.6274,0.10601772,1026.1301,0.21638148,-76.673706,-0.88674366,-20.067768,-0.36314204,38.79339,0.26596746,0.07889044,0.26607132,-0.03515052,-0.5308007,0.4027081,0.5798329,46.502136,0.19885527,13.172826,0.8525096,-9.845182,-1.0493864,-17.675638,-0.6678131,-0.58253086,9.880564,0.07868379,0.019890733,0.0034555076,5.0000005,0.86956525,0.87,0.0,0.125,0.065,-21.155832
./StandardData/2021.0614.114343.wav,0 days,0 days 00:00:01.310125,32.441895,0.23958234,26.878475,32.090782,34.365517,7.4870415,366.6061,249.48213,167.02907,116.43788,0.6096018,1.1711174,0.035967294,0.26335597,1.361466,1.3254987,12.7093725,10.152525,9.506505,4.2040105,0.3877564,1.2213936,23.415138,0.7948524,1.2304493,12.368849,3.830806,3.7247286,-11.70121,-1.4163054,0.023640722,0.8435195,1.5466632,0.8295983,6.1975327,0.6364607,-0.9047665,-3.3738575,25.16134,0.6487763,790.3149,0.29840356,1406.2296,0.18265675,-127.99298,-0.6576494,1816.4011,0.17784673,1053.8573,0.20185873,-128.4562,-0.6303042,2974.5317,0.11767224,1023.71094,0.31821612,-132.94902,-0.5669763,-12.927762,-0.9641256,27.987825,0.46031645,0.04939654,0.40820977,-0.024257852,-1.1862257,0.74452066,0.7373043,33.830437,0.58125883,7.059913,1.6757699,-1.6102359,-10.067245,-10.366684,-1.6678504,-7.9614124,19.631319,0.044245936,0.0069332686,0.17972885,3.0769231,4.8,0.07333333,0.065489605,0.09714285,0.06755195,-20.38373
./StandardData/2021.0707.085451.wav,0 days,0 days 00:00:01.585687500,28.10923,0.08152009,26.825504,27.42502,29.566212,2.7407074,9.034552,6.701547,23.165615,7.831701,0.3581975,0.7627371,0.05991137,0.32865843,0.5931789,0.53326756,7.9910507,5.149024,4.6081123,2.0327616,0.19258635,1.1055961,31.757055,0.59731805,9.391286,1.5007472,4.590164,4.4341435,-9.516907,-1.3594066,0.0203717,1.5101067,1.0288512,0.617394,5.833441,0.45096788,5.9067783,1.1716145,39.064014,0.25365743,658.22125,0.3050829,1398.6587,0.12650013,-80.554855,-1.0940632,1683.3097,0.15617669,1087.8599,0.22100616,-86.02931,-0.9435706,2882.2375,0.0687017,1069.0248,0.23874947,-97.747086,-0.7415501,-21.187143,-0.45806476,39.31521,0.18625619,0.039409984,0.6478686,-0.025244562,-0.82955724,0.26847714,0.83230555,43.60506,0.2073777,15.329012,0.79686064,0.1588878,144.41109,-8.342208,-1.7838426,-3.7927134,14.169793,0.064088486,0.012322928,0.06829056,3.1847136,1.9736842,0.32,0.14764823,0.122499995,0.06417749,-26.103832
./StandardData/2021.0514.150021.wav,0 days,0 days 00:00:00.229625,27.322876,0.010767989,26.990635,27.32066,27.583256,0.59262085,7.761574,2.1684384,17.680086,7.3990684,0.09093236,0.23072371,0.06612909,0.098078795,0.106356405,0.040227316,0.3407541,0.011845435,0.48924798,0.08333808,0.041740198,0.8039702,24.407253,0.24548559,17.17615,0.40076384,16.204433,0.48454595,-4.3772984,-2.1148798,0.030623043,0.54587793,2.7099228,0.5913184,5.344867,0.18363968,-13.250848,-1.8459913,-2.7180443,-8.005389,899.7185,0.08092913,1272.2769,0.13137111,-28.245516,-0.43661466,2062.3423,0.063072555,1211.0562,0.1285102,-40.91386,-0.15396878,2921.6787,0.04543304,992.8045,0.19143365,-39.407673,-0.18189567,-25.836668,-0.22949629,37.273117,0.19672953,-0.051362302,-0.21264285,-0.0040587448,-1.7739435,0.06154873,0.52986884,27.707096,0.1480784,20.845375,0.25416476,19.312782,0.37997353,-0.25885606,-31.43146,0.0,0.0,0.0,0.0,0.0,4.7619047,7.142857,0.13,0.0,0.0,0.0,-39.462845
./StandardData/2021.0714.095129.wav,0 days,0 days 00:00:01.172437500,29.546953,0.08059582,28.098242,29.014206,31.970633,3.8723907,51.943253,39.999844,54.288887,48.804405,0.41343206,0.8117049,0.06940211,0.3662507,0.66513306,0.59573096,7.417436,9.100201,5.839251,2.4135582,0.29488218,1.0600762,32.15542,0.43555763,2.7435415,5.5893946,9.322942,1.7329992,-6.34664,-2.8970358,0.027652435,0.65304357,1.7180604,0.57088447,5.825069,0.36448285,2.9035585,3.056573,33.288048,0.3595181,638.47974,0.31698725,1346.28,0.20940375,-104.90593,-0.90438807,1735.6273,0.12571342,1104.6654,0.33456102,-113.85352,-0.7350697,2795.236,0.08041631,954.2881,0.26896492,-116.20375,-0.70349926,-21.58854,-0.43490762,29.60012,0.34772894,0.059515603,0.5228338,-0.028437786,-1.0150489,0.45939428,0.6916681,39.95574,0.22003442,8.928488,1.5883274,14.870588,0.93893874,-3.5322106,-6.0080934,-7.3335004,22.53472,0.03703274,-1.7003436e-05,0.1621685,3.448276,2.7027028,0.17333333,0.11025223,0.13,0.10793516,-23.00192
./StandardData/2021.0514.150044.wav,0 days,0 days 00:00:00.896937500,28.953773,0.05040127,26.977348,30.09116,30.154104,3.176756,16.673534,0.0,37.874046,3.5868034,0.22971621,1.1498169,0.07638481,0.105611764,0.35061932,0.2742345,7.850529,7.1416283,9.880917,7.0522456,0.100477874,1.777447,18.980934,0.4354629,1.66461,7.5916634,7.3110137,1.3422066,-2.0828063,-5.0744715,0.04654311,0.41228405,1.2411559,0.4016487,7.0868697,0.29603896,1.7126844,1.1303499,12.115896,0.21844658,867.0362,0.17087737,1274.4153,0.13549812,-159.31337,-0.4362978,1844.7681,0.102743976,1149.7024,0.18762434,-160.69562,-0.4174133,2832.683,0.07398841,935.9592,0.30185896,-161.81494,-0.40313575,-17.464813,-0.38966364,30.983313,0.15778334,-0.03174615,-0.385432,0.006317488,1.6526471,0.05135151,0.8485029,25.922268,0.123229064,7.5628233,1.6600387,14.671938,0.638404,7.6842327,0.8782742,-8.625859,18.950758,-0.003849735,0.0045473445,0.12726788,3.409091,2.4096386,0.089999996,0.01,0.19999999,0.14719601,-34.76378
./StandardData/2021.0714.094333.wav,0 days,0 days 00:00:01.126500,28.309828,0.05258714,26.846014,28.04015,30.065989,3.2199745,23.157372,8.969432,18.596083,18.22773,0.23513757,0.922206,0.06589926,0.15524027,0.38063815,0.3147389,4.7337403,3.1956108,3.6851704,1.8429947,0.14025566,1.0413506,35.966663,0.37228814,17.24238,0.7235056,7.0922995,2.6513717,-6.46599,-1.461709,0.02595149,1.1126976,1.3710954,0.63514644,5.925165,0.41127428,12.345582,1.4426422,51.714302,0.18564598,664.76074,0.29029784,1445.6924,0.14063577,-111.79003,-0.81120414,1738.9059,0.17205738,1300.3555,0.21332745,-120.5987,-0.6609154,2930.3833,0.082599506,1307.03,0.29255995,-128.77727,-0.550944,-20.228144,-0.6113706,45.34589,0.1235554,0.04175751,0.65183693,-0.02391181,-0.87572134,0.24628666,0.60553443,46.87212,0.18467118,21.962765,0.5799537,-4.706095,-4.6217422,-9.643814,-1.2578192,-19.82297,32.497704,0.036508624,0.008378324,0.056303997,3.6036036,2.8301888,0.16,0.12027746,0.1275,0.06869315,-29.472197
./StandardData/2021.0606.145505.wav,0 days,0 days 00:00:00.621437500,50.842026,0.14033799,45.77899,54.971367,55.09475,9.315758,193.41867,0.0,-0.749588,0.0,0.17928982,2.07648,0.027407663,0.041216325,0.124551475,0.097143814,3.6743655,2.5906801,5.3159375,0.0,0.17766535,2.6795316,15.795965,0.7504256,-13.061937,-0.7331577,-8.072567,-1.4384575,-25.276524,-0.4540157,0.055495102,0.99182093,1.7805858,0.44314057,11.060235,0.34336734,3.9560835,2.3688543,13.131831,0.45188034,780.9719,0.12559986,1528.1628,0.08361113,-181.22073,-0.2896328,1679.9456,0.07584358,1385.5088,0.0762309,-158.56259,-0.44214308,2766.9746,0.07050464,1012.3096,0.15896676,-160.43411,-0.41817182,-19.654415,-0.3664886,37.49155,0.14104655,0.08143485,0.0835979,-0.02256117,-0.54182696,0.65969545,1.2516912,28.399733,0.37144274,-11.298016,-1.0017384,-24.49538,-0.27746192,-39.951607,-0.29356852,-4.0800085,13.21862,0.07766559,0.010660255,0.038951606,1.6393442,1.7857143,0.13,0.0,0.19999999,0.03,-27.505285
./StandardData/2021.0616.113848.wav,0 days,0 days 00:00:01.011687500,30.189585,0.093316555,29.718548,31.06295,32.27987,2.5613213,14.711217,0.0,-56.252693,0.0,0.42039916,1.2434167,0.03530231,0.09956595,0.9731793,0.93787694,5.623797,3.7856781,6.0903616,1.1433022,0.35860503,1.5457888,21.998255,0.6373544,-0.59238714,-22.91038,9.182724,1.43735,-13.329932,-0.79455954,0.02531603,0.45873997,1.9533718,0.7080247,4.9009657,0.5708628,4.9854684,1.5068759,32.54666,0.2914365,677.40247,0.24130535,1361.5994,0.12050299,-120.014915,-0.76414096,1762.946,0.10371703,1005.36847,0.33493853,-125.30422,-0.68378246,2801.3806,0.08815707,874.8999,0.21841125,-128.87602,-0.63114464,-16.968454,-0.49450204,24.178078,0.41897497,0.077435866,0.24524033,-0.032392595,-0.5727601,0.7391381,0.7594412,32.126633,0.37970144,4.7509108,2.60021,10.124061,1.7052467,-15.92428,-0.55584854,-7.2496996,14.728965,0.06964118,0.0058624675,0.12946336,2.0,3.1578948,0.12,0.061644137,0.13,0.08276473,-19.934612
./StandardData/2021.0714.095113.wav,0 days,0 days 00:00:01.998937500,30.13389,0.089678384,27.584118,29.916187,31.920784,4.336666,63.650707,23.33278,25.42038,3.3142161,0.36482516,0.69595665,0.0923893,0.36352834,0.59727764,0.50488836,6.6545157,3.8391378,5.63315,3.5798008,0.22243662,0.9303648,31.700455,0.48209953,10.667453,1.3910766,15.689075,1.0440366,-8.064833,-1.6546938,0.022881338,0.74691284,1.4488336,0.864639,6.8173475,0.3089184,8.259707,1.177418,41.230873,0.21046156,655.8864,0.25139475,1412.3973,0.13113838,-73.48868,-1.1640157,1807.1698,0.10380693,1000.8944,0.22182769,-81.93864,-0.9418794,2936.5142,0.07695175,1012.1911,0.21963783,-88.422455,-0.82182693,-23.968548,-0.34122914,32.622932,0.3106226,0.06469472,0.4796415,-0.027645973,-0.70921427,0.29085132,0.6730649,39.194065,0.2366172,15.870736,0.7422786,17.049894,1.0129672,-6.6152806,-2.069119,-8.530644,16.743937,0.05716848,0.0021721171,0.09258604,4.545455,2.0725389,0.315,0.22874658,0.09166667,0.054288324,-25.207718
./StandardData/2021.0714.094422.wav,0 days,0 days 00:00:00.621437500,0.0,0.0,0.0,0.0,0.0,0.0,0.0,0.0,0.0,0.0,0.11551791,0.9753724,0.04618907,0.067955196,0.17296535,0.12677628,0.7663914,0.64788383,1.5643098,0.0,0.04398297,1.8107725,19.107693,0.20331754,1.0843397,5.3231845,18.826654,0.41325724,-5.3648043,-2.0095556,0.0,0.0,0.0,0.0,0.0,0.0,0.0,0.0,0.0,0.0,0.0,0.0,0.0,0.0,-201.0,0.0,0.0,0.0,0.0,0.0,-201.0,0.0,0.0,0.0,0.0,0.0,-201.0,0.0,0.0,0.0,0.0,0.0,0.0,0.0,0.0,0.0,0.0,0.0,0.0,0.0,0.0,0.0,0.0,0.0,0.0,0.0,-11.022462,21.124126,0.015778346,0.017858377,0.048354216,1.6393442,0.0,0.0,0.0,0.55,0.0,-40.339954
./StandardData/2021.0606.145224.wav,0 days,0 days 00:00:00.782125,36.40543,0.03211766,34.90434,36.633022,37.639286,2.7349472,0.8962631,0.0,11.72525,0.0,0.3945147,1.4734195,0.088313565,0.1314125,0.4044497,0.31613612,4.354026,1.4385849,4.8107605,0.0,0.18480334,1.7875882,19.271591,0.3460093,1.6963379,9.0089035,4.36208,2.7785006,-14.2826395,-0.46436295,0.011078849,0.40688857,1.2577306,0.6770989,7.5879807,0.4335289,9.001808,0.61197156,20.491995,0.20644347,738.01733,0.23360898,1421.6738,0.14245863,-127.36782,-0.71387345,1772.5852,0.102286205,1125.552,0.27388763,-122.70858,-0.7343833,2803.1523,0.084493734,931.5372,0.30046135,-126.056335,-0.67860585,-9.7290535,-1.0349613,21.745312,0.31032583,0.08385846,0.13482235,-0.0060316143,-2.0554063,0.39412233,1.176659,22.649149,0.28225094,-6.3650565,-2.3070493,1.9635453,8.728638,-16.420189,-0.3776242,-10.4019985,19.06321,0.047633175,-0.0042178337,0.05798535,1.2987013,2.777778,0.14,0.11,0.19999999,0.12,-25.330133
./StandardData/2021.0616.104712.wav,0 days,0 days 00:00:00.409437500,0.0,0.0,0.0,0.0,0.0,0.0,0.0,0.0,0.0,0.0,0.41194952,1.0827886,0.22423176,0.25662014,0.37824374,0.15401198,1.6909207,1.2282083,11.316929,9.870041,0.4415612,2.7141006,5.6247797,1.1687012,-17.954784,-0.3553457,-6.5519266,-0.6053538,-24.393002,-0.25072494,0.0,0.0,0.0,0.0,0.0,0.0,0.0,0.0,0.0,0.0,0.0,0.0,0.0,0.0,-201.0,0.0,0.0,0.0,0.0,0.0,-201.0,0.0,0.0,0.0,0.0,0.0,-201.0,0.0,0.0,0.0,0.0,0.0,0.0,0.0,0.0,0.0,0.0,0.0,0.0,0.0,0.0,0.0,0.0,0.0,0.0,0.0,-0.19679947,9.043007,0.07524138,0.0015373642,0.51428956,2.5641026,0.0,0.0,0.0,0.32999998,0.0,-21.620447
./StandardData/2021.0606.145602.wav,0 days,0 days 00:00:01.310187500,26.731514,0.3576974,14.984233,32.77266,36.36575,21.381516,133.49655,30.089985,166.98918,71.47448,0.2118811,0.47155124,0.1172096,0.20228687,0.3153518,0.19814222,2.592655,1.5209818,1.7771614,0.47864485,0.19012995,1.0642258,21.451702,0.4590489,12.944216,0.7972571,21.627064,0.6086154,19.284338,0.9229016,0.03320629,0.6909515,1.9399595,0.4838202,5.164853,0.72320914,8.830651,2.1401877,23.677158,0.7113814,979.1201,0.20232931,1180.8557,0.15749674,-120.33755,-0.65464425,2010.7355,0.09606529,1016.0152,0.23882982,-117.683556,-0.673566,3078.8337,0.08366041,994.72736,0.17374097,-121.4707,-0.6250149,-23.421188,-0.40184635,30.499613,0.30471337,-0.037034854,-0.5856865,0.00059241115,9.063157,0.25404617,0.9081093,25.005169,0.36892602,16.443983,0.50172365,27.20846,0.28051573,24.992422,0.40955073,-16.401897,25.384386,-0.023582485,0.0009484279,0.14250839,3.846154,4.8,0.09333333,0.039015666,0.09166667,0.048448138,-26.56932
./StandardData/2021.0525.102758.wav,0 days,0 days 00:00:01.585687500,29.713636,0.13173835,24.487843,30.491817,33.80723,9.319389,19.509285,7.4237566,20.935484,0.0,0.3961478,1.0163963,0.07936416,0.21689977,0.8440628,0.7646986,7.7999406,7.425533,4.803255,2.6030478,0.25679404,1.276365,32.47915,0.5218263,8.309972,1.9236037,2.7575352,4.815457,-11.367678,-0.94964015,0.028878732,1.2568306,1.5520389,0.85064626,6.0642195,0.67277044,-0.46941674,-16.700785,37.217705,0.2934863,558.0576,0.26804757,1347.4211,0.10721891,-104.04233,-0.9242134,1591.5054,0.14842464,1235.251,0.18074214,-114.8002,-0.7461553,2723.1877,0.0862149,998.12573,0.21602875,-119.9233,-0.67226136,-23.721523,-0.32812163,37.503815,0.18898635,0.05887486,0.37270588,-0.029186128,-0.43292633,0.42450443,0.82713705,45.59084,0.15985365,13.621998,0.8788956,-0.82261574,-18.840939,-11.004911,-1.0397046,-12.480153,20.93917,0.061228577,-0.00789533,0.11853067,3.8216562,1.9736842,0.23666665,0.19938795,0.185,0.06837397,-21.88212
./StandardData/2021.0614.014538.wav,0 days,0 days 00:00:01.998875,28.393267,0.061157744,27.1011,28.198853,29.624691,2.52359,34.74327,16.750526,11.648061,6.6290264,0.4316771,0.71081287,0.1070232,0.388924,0.76253796,0.6555148,7.646312,5.0893407,5.937841,3.185432,0.30584154,0.9344987,28.2671,0.54999775,17.210676,0.9632115,24.487099,0.6952055,-17.109348,-0.96718776,0.019178629,0.6541086,1.5368468,0.861399,6.7981334,0.37470013,3.3070076,2.679945,35.48743,0.40878963,585.9912,0.27830258,1327.3206,0.111294694,-76.109505,-1.1066961,1693.6731,0.08574372,1112.5054,0.24966185,-92.508446,-0.7865539,2903.5747,0.04893068,745.67334,0.58580625,-92.73921,-0.78071934,-24.51852,-0.37886852,30.75998,0.38798475,0.046050195,0.48537818,-0.016952941,-0.9545889,0.38944015,0.6678556,36.75585,0.22112636,26.01841,0.39521998,29.323463,0.41069207,-17.65113,-0.88413787,-3.454542,11.496594,0.04657493,0.013836688,0.16772388,5.050505,3.1088083,0.20333333,0.17326921,0.08285714,0.054435875,-21.178371
./StandardData/2021.0514.143821.wav,0 days,0 days 00:00:00.667312500,27.221586,0.025313243,26.806246,27.076548,27.411215,0.604969,55.513397,57.48092,17.94506,10.634498,0.0878952,0.29061052,0.064596035,0.087081574,0.10916683,0.044570796,0.54165167,0.19802679,0.76694345,0.24619019,0.031714395,0.72334784,32.61337,0.2649,20.220152,0.32322595,25.840553,0.20079906,17.067703,0.48609403,0.02612871,0.88266873,1.1674491,0.87204957,8.298411,0.16113347,1.6660613,9.476348,26.5879,0.5778257,949.33765,0.21156175,1428.5612,0.1166214,-71.979416,-0.83709663,2003.5591,0.09123993,1327.9598,0.17715767,-79.07357,-0.72260696,3104.679,0.062329948,1155.1781,0.1252996,-83.12192,-0.66307336,-33.614983,-0.10877172,45.682877,0.1027368,-0.008346239,-2.4759958,-0.0027904157,-3.1223516,0.03868844,0.5960056,36.7785,0.13648579,23.42013,0.14344624,26.647364,0.13757181,19.125053,0.42004701,-15.792217,25.841488,0.0074719116,0.01041719,0.013788221,6.1538463,3.3898306,0.225,0.105,0.089999996,0.0,-36.328953
./StandardData/2021.0606.145357.wav,0 days,0 days 00:00:01.080562500,40.88743,0.043662403,40.332275,41.10773,42.004166,1.6718903,1.0124998,11.592585,14.983598,0.0,1.0836504,0.974944,0.062712565,1.0330048,1.8080313,1.7453188,5.6347733,2.5497947,8.413952,2.336601,0.49337524,1.4089983,17.543005,0.62635195,-12.729399,-0.6938127,0.7074145,8.99201,-34.597836,-0.46262205,0.006725906,0.728519,0.62281305,0.91451097,11.814534,0.2900787,-5.9541416,-0.95019114,12.437538,0.8901357,843.8157,0.09792567,1038.361,0.120977804,-79.74178,-1.2093121,2132.2551,0.07548009,618.98846,0.2849379,-88.9771,-0.97542614,2987.6836,0.06873361,1097.6941,0.3774665,-89.04371,-0.9764898,-12.508634,-0.68018246,17.02992,0.4147898,0.0576147,0.26877213,-0.030164706,-0.4643348,0.8056722,0.9438011,22.468517,0.45510337,-11.930703,-0.74109626,-1.4446291,-3.5108426,-45.31539,-0.2312632,-1.6759847,9.82621,0.07107388,0.011392531,0.051323343,1.869159,0.98039216,0.62,0.0,0.185,0.005,-14.75121
./StandardData/2021.0606.145438.wav,0 days,0 days 00:00:00.759187500,0.0,0.0,0.0,0.0,0.0,0.0,0.0,0.0,0.0,0.0,0.43719348,0.9745106,0.041063793,0.2048317,0.86915565,0.82809186,1.3159022,2.3946621,3.674357,0.0,0.11376779,1.1973408,-0.80249655,-5.2774863,-23.866194,-0.2839199,-7.2077785,-0.5135269,-20.443892,-0.22505881,0.0,0.0,0.0,0.0,0.0,0.0,0.0,0.0,0.0,0.0,0.0,0.0,0.0,0.0,-201.0,0.0,0.0,0.0,0.0,0.0,-201.0,0.0,0.0,0.0,0.0,0.0,-201.0,0.0,0.0,0.0,0.0,0.0,0.0,0.0,0.0,0.0,0.0,0.0,0.0,0.0,0.0,0.0,0.0,0.0,0.0,0.0,3.9628654,5.6359863,0.079499885,0.014983577,0.12317521,1.3513514,0.0,0.0,0.0,0.68,0.0,-34.12924
./StandardData/2021.0606.145540.wav,0 days,0 days 00:00:00.529562500,46.172718,0.06584587,43.995094,47.584126,48.655403,4.660309,161.1551,0.0,-20.77163,0.0,0.20249029,0.33196136,0.13661568,0.16978352,0.28398123,0.14736556,2.2089908,0.91555476,1.0833224,0.36249048,0.03622297,0.34968108,9.940163,1.4902656,3.701425,1.7229631,1.8799407,2.1805336,-26.674322,-0.536273,0.020043498,0.75821704,0.93928695,0.46997976,12.257907,0.23345539,16.762932,0.5831641,15.525449,0.3199331,878.0869,0.14135629,1189.9437,0.22511733,-91.029205,-0.9782014,1907.9021,0.08390444,1155.1489,0.28492597,-92.23473,-0.86987305,2793.907,0.0630621,858.1267,0.19147909,-94.379295,-0.8326188,-15.490211,-0.45285758,23.17478,0.43859985,0.050767355,0.5060649,-0.0044689826,-1.806146,0.035697445,0.3401801,16.252836,0.5115438,0.48643783,14.5035925,0.62498426,7.887874,-32.888836,-0.5062285,4.597063,1.5439136,0.012041426,0.00062841247,0.049225625,3.9215686,5.0000005,0.114999995,0.074999996,0.14,0.0,-41.491447
./StandardData/2021.0614.114259.wav,0 days,0 days 00:00:01.769375,30.47663,0.16088498,27.241425,29.584925,32.503265,5.261841,442.29443,494.196,199.40308,286.56454,0.76593643,0.7945706,0.12224665,0.6512307,1.4085126,1.286266,14.022646,5.819826,10.928247,6.3669696,0.64094734,0.94387436,32.265537,0.52771574,2.1463647,5.9650335,-4.161606,-3.7100384,-16.153223,-0.8795258,0.035311863,1.2773868,1.4267509,0.8602745,6.217779,0.41937903,1.7974163,4.021894,41.411488,0.23271653,654.8962,0.34162652,1440.9888,0.15582033,-99.02377,-0.9532847,1688.1545,0.2087905,1169.3132,0.24441028,-106.67456,-0.7882978,2901.5269,0.09827525,1012.9004,0.24970496,-114.31026,-0.67459345,-17.721632,-0.4399535,37.431084,0.22622496,0.06469854,0.3896917,-0.03332827,-0.6370401,0.9870691,0.5362257,44.50383,0.25729844,9.522311,0.9373794,-6.9717956,-1.8745631,-18.454725,-0.7659115,-5.453562,19.313427,0.041039232,0.0046934024,0.2940219,4.571429,3.529412,0.13833332,0.11596216,0.105714284,0.05314593,-14.99546
./StandardData/2021.0614.114222.wav,0 days,0 days 00:00:00.805062500,45.38154,0.25978345,31.804913,55.283813,55.65484,23.849926,0.0,0.0,-3.4041727,0.0,0.72081894,1.5576036,0.055166937,0.084697016,1.4355878,1.3804208,23.44877,21.445648,35.614113,18.561047,0.64963347,1.544723,28.195377,0.37920624,-11.45921,-1.3736253,-4.2835283,-2.8954127,-20.381098,-0.5807583,0.055353943,0.0883145,2.4263163,0.45132315,4.4745917,0.5530631,12.6887,0.12754238,23.748905,0.31113333,654.2491,0.2828564,1551.4406,0.10630185,-192.37724,-0.17598112,1686.3947,0.08971492,1578.2059,0.11571659,-183.87787,-0.24533305,2701.5242,0.09567219,991.00073,0.1204611,-184.70906,-0.2307766,-15.730188,-0.33587617,27.227213,0.29481953,0.048629444,0.19275571,-0.022313492,-0.29390857,0.33830765,1.3380748,26.988075,0.29104552,-3.4954894,-1.366192,-8.978833,-0.4156947,-29.097233,-0.11326428,-9.938373,22.915049,0.052986022,-0.006480619,0.7402886,3.7974684,2.7027028,0.024999999,0.005,0.21333334,0.1367073,-18.468803
./StandardData/2021.0610.121226.wav,0 days,0 days 00:00:01.723375,27.709648,0.026746338,27.225616,27.452927,28.132706,0.90708923,18.303904,10.167044,12.822904,10.656691,0.24236801,0.582518,0.093810074,0.22983496,0.3644714,0.27066132,2.4499238,2.6734028,1.7028297,0.9931563,0.115010165,0.8219325,29.293169,0.38711578,21.213444,0.555828,11.59093,1.248979,5.6545177,2.8478541,0.01517011,1.1137505,1.0506043,0.8313615,8.53447,0.1770819,3.2051036,2.3092752,19.62438,0.54497993,937.0544,0.17544498,1252.7552,0.17676078,-55.173557,-1.0637683,2022.7654,0.11218496,1185.8131,0.23432286,-69.44026,-0.75572044,3101.0806,0.064939834,973.0057,0.25183585,-70.32821,-0.73562676,-28.353178,-0.27681652,42.42242,0.21840233,-0.052048765,-0.3564445,-0.01107463,-1.4695978,0.1363538,0.6519695,32.171745,0.31485263,24.88219,0.36379722,13.190874,1.1534406,9.82986,1.4135988,-10.955107,22.172796,-0.0052937833,0.0047530583,0.005733824,2.3391814,0.60240966,1.42,0.0,0.105,0.055,-23.777721
./StandardData/2021.0606.145135.wav,0 days,0 days 00:00:01.102000,40.863255,0.0072130975,40.606384,40.85871,41.177822,0.57143784,7.7019587,0.0,-11.728048,0.0,0.90282243,1.5023109,0.14133267,0.29465163,1.359031,1.2176983,21.171022,16.30675,20.14399,9.145016,1.0410014,1.586252,23.44,0.77247983,-9.2244625,-1.4655597,-2.056344,-3.268078,-15.006921,-1.0698376,0.0081809955,0.36329913,1.2713736,0.32054678,8.144485,0.25089347,-13.429561,-0.21097535,12.708296,0.20627466,738.99945,0.21549311,1306.6223,0.14246431,-174.68013,-0.38048846,1809.5151,0.15759233,1217.0885,0.14746892,-169.35846,-0.40221107,2763.5103,0.07364003,1004.21765,0.18283056,-170.68443,-0.38241673,-8.589335,-0.36282423,22.781734,0.11181036,0.07549076,0.12741597,0.012059808,0.5039013,0.0341275,0.2813799,23.869894,0.10292187,-19.575108,-0.20302266,-5.6352854,-0.9467246,-36.463318,-0.23347953,-7.9421415,21.21347,0.02212432,-0.0054349722,1.3123204,2.7522936,0.9615385,0.17,0.0,0.84999996,0.0,-14.179615
./StandardData/2021.0714.095531.wav,0 days,0 days 00:00:00.942875,27.786999,0.07859008,25.967041,26.571701,30.296356,4.329315,173.87328,0.0,19.80332,0.0,0.27321094,0.92146045,0.019558934,0.22293608,0.47441387,0.45485494,2.8783178,1.9333701,2.353081,0.43060076,0.11167461,1.034124,26.9389,0.72761464,5.6668234,1.8000833,3.4188333,7.033044,-13.050031,-0.9752939,0.012304856,0.72603875,1.2732837,1.0525241,5.288266,0.5453303,0.4842847,11.538577,33.253975,0.43653792,570.70496,0.23650952,1390.1533,0.13893424,-106.811714,-0.903428,1602.3041,0.12977585,1078.2173,0.2676957,-114.89699,-0.77055115,2749.2236,0.08911941,993.3534,0.15674996,-122.214714,-0.6655145,-16.071754,-0.49773896,30.335499,0.3959356,0.067273974,0.14150915,-0.033095833,-0.45249426,0.18726523,0.48952097,43.974545,0.23899055,9.707482,1.2633636,2.854933,9.105153,-9.309394,-1.375771,-3.0784416,16.368317,0.046830334,0.005086799,0.057652153,3.2258065,2.2727273,0.195,0.175,0.14666666,0.08259674,-30.61717
./StandardData/2021.0606.145606.wav,0 days,0 days 00:00:00.437750,0.0,0.0,0.0,0.0,0.0,0.0,0.0,0.0,0.0,0.0,0.17153975,1.3089567,0.061418183,0.07295327,0.20471075,0.14329258,1.9086908,1.2551606,7.2889314,0.0,0.052829977,2.2818217,10.665194,0.4412452,-4.390889,-1.4220767,1.549272,3.4351513,-12.259804,-0.72384447,0.0,0.0,0.0,0.0,0.0,0.0,0.0,0.0,0.0,0.0,0.0,0.0,0.0,0.0,-201.0,0.0,0.0,0.0,0.0,0.0,-201.0,0.0,0.0,0.0,0.0,0.0,-201.0,0.0,0.0,0.0,0.0,0.0,0.0,0.0,0.0,0.0,0.0,0.0,0.0,0.0,0.0,0.0,0.0,0.0,0.0,0.0,-5.7709837,15.352262,0.005828849,0.0066172387,0.060659446,2.3809524,0.0,0.0,0.0,0.35999998,0.0,-39.758453
./StandardData/2021.0614.014524.wav,0 days,0 days 00:00:01.907062500,27.685429,0.086712964,25.509115,26.99745,30.174238,4.665123,31.118752,4.0465965,58.39989,38.451656,0.39220905,0.7310898,0.098152146,0.38363895,0.6628233,0.56467116,7.6859164,6.102131,8.419508,3.8528173,0.36611366,1.0766568,28.337711,0.5203302,13.051626,1.5695235,18.632484,0.6976198,-13.689138,-0.99827355,0.025783855,0.9593522,1.408121,0.86390835,6.1937723,0.3485179,6.605124,2.1331792,39.29266,0.35461825,602.38153,0.30183724,1357.58,0.11613021,-104.72447,-0.82828873,1743.1586,0.09968132,1136.6088,0.210196,-116.76559,-0.6420665,2959.0615,0.055286564,833.1282,0.44307813,-118.29603,-0.6221013,-27.58188,-0.3165611,36.26345,0.31975335,0.039211225,0.5957925,-0.020934958,-0.7343714,0.48062295,0.7901694,37.860035,0.24207632,27.428867,0.39775044,23.137281,0.36150527,-8.247064,-1.4988126,-5.987209,13.340817,0.0527333,0.002835957,0.26915193,5.291005,3.804348,0.12714286,0.07832428,0.099999994,0.070356235,-20.645088
./StandardData/2021.0606.145452.wav,0 days,0 days 00:00:01.677500,38.374947,0.22786063,32.05696,35.80754,50.180416,18.123455,89.54394,2.4338608,104.00361,73.67712,0.31491834,0.91108054,0.09259227,0.19174382,0.530884,0.43829176,5.3234377,3.5632637,4.4894743,2.064808,0.21878885,1.3047209,30.098131,0.47434354,4.72708,2.9414814,-10.759758,-1.6542916,-25.850683,-0.5313368,0.015348758,0.6579511,1.2108693,0.61985475,7.516641,0.4637038,11.775454,1.2748785,39.070564,0.3556719,820.65356,0.15775973,1311.4454,0.15682346,-114.110344,-0.79155874,1900.3635,0.121129945,1208.2727,0.23643743,-117.530876,-0.65539795,3037.3003,0.066886194,1043.594,0.31160757,-122.86478,-0.5820876,-16.507195,-0.53364867,38.706985,0.16426264,0.065416366,0.39920992,-0.027005991,-0.64568686,0.2444985,0.94576824,37.81257,0.24051271,9.038423,1.2359122,-17.10279,-1.1861628,-27.693748,-0.5207982,-11.056263,23.571875,0.071122825,-0.0074868533,0.2058562,4.8192773,5.031447,0.08875,0.06173279,0.089999996,0.071589105,-26.933794
./StandardData/2021.0614.014550.wav,0 days,0 days 00:00:00.851000,40.83717,0.00023181153,40.831764,40.8397,40.84309,0.011325836,1.0364532,0.0,1.4259338,0.0,0.29302838,1.0988443,0.06178891,0.14979114,0.48364365,0.42185473,13.5633135,5.806527,12.267125,8.354616,0.27678886,1.6627462,26.456173,0.40537894,-18.695368,-0.50130266,-16.892693,-0.7024267,-17.550192,-0.49268797,0.056821004,0.2588561,3.3924809,0.47536153,2.0702434,0.37816656,-21.155777,-0.23994154,32.818314,0.14919311,693.2185,0.21988589,1621.1892,0.0880837,-192.91286,-0.19705547,1471.226,0.05401687,1270.6191,0.046506956,-187.52345,-0.24875194,2794.4165,0.08873993,1265.2494,0.14014508,-190.26479,-0.19507395,-0.7899111,-2.133176,36.055935,0.28982413,0.05625562,0.13731197,0.013448127,0.2963551,0.80666006,0.90161335,41.516373,0.25137496,-21.467735,-0.3779913,-32.080482,-0.38234258,-13.374646,-0.18478493,-2.0173368,22.140436,0.0760698,0.008475764,0.26087034,5.952381,1.2658229,0.04,0.0,0.35999998,0.049999997,-27.42379
./StandardData/2021.0514.150010.wav,0 days,0 days 00:00:00.851000,26.764359,0.15599582,25.89253,26.836597,27.975697,2.0831661,25.239962,0.0,-128.60939,0.0,0.1902948,0.6926987,0.058885407,0.15548757,0.277399,0.2185136,1.4334084,1.1040275,1.5129874,0.13911623,0.12425594,0.96946937,22.805265,0.3462691,21.276436,0.53409445,14.89509,0.66578877,10.145656,1.7195212,0.0553849,1.9192283,1.9408386,0.7445239,6.618074,0.38873425,13.489409,0.62695026,38.252716,0.16450487,791.5859,0.32019284,1359.5574,0.10477164,-118.58792,-0.6759743,1885.1688,0.12850127,1071.7715,0.25410077,-123.67041,-0.6074364,3026.781,0.071351394,1066.2812,0.1637475,-126.64321,-0.56690913,-28.761248,-0.2447382,40.574383,0.22607984,-0.042396285,-0.6232041,-0.009364132,-1.177596,0.20551415,0.47408092,29.351631,0.15254672,29.085203,0.25358903,20.298418,0.41978434,22.953106,0.2989831,-16.182316,24.078684,-0.01691559,-0.008330242,0.06418091,2.3809524,3.7974684,0.11666667,0.060184903,0.12,0.06683312,-27.270721
./StandardData/2021.0616.104924.wav,0 days,0 days 00:00:01.769375,29.998512,0.10940285,27.005829,30.502655,32.408897,5.4030685,65.44131,57.92791,25.631607,28.98256,0.43686065,0.8992687,0.05846677,0.2751479,0.8176479,0.7591811,7.910025,4.9666257,7.9761033,2.9190426,0.28272548,1.3257343,33.22471,0.40846133,3.4550817,3.874844,3.9613981,3.6329238,-8.4778595,-1.9432552,0.02823376,1.3920007,1.8489249,0.90255517,5.7532773,0.5525665,-0.74832815,-12.012883,29.209948,0.41514874,690.57214,0.25814602,1370.6082,0.16105182,-65.27623,-1.2723162,1717.2584,0.11957456,1016.374,0.1933594,-74.81655,-1.0344737,2818.5264,0.07530423,963.67737,0.35348216,-83.55761,-0.86178255,-18.430988,-0.3383767,32.791058,0.29723954,0.0562262,0.50964314,-0.03747204,-0.6007415,0.3971973,1.0113226,40.308205,0.19144185,6.2290134,1.7291712,1.39386,10.942084,-7.410796,-2.2951045,-9.030143,20.219942,0.054692365,0.006264646,0.039462388,3.4285715,2.9411767,0.22999999,0.12569804,0.105,0.080777474,-23.415987
./StandardData/2021.0614.113922.wav,0 days,0 days 00:00:00.437750,37.766865,5.0366147e-05,37.765484,37.765747,37.768024,0.0025405884,0.0,0.0,-0.0014127096,0.0,0.07646207,1.1671524,0.028133353,0.038365703,0.0952069,0.06707355,1.5040854,0.0,-2.325944,0.0,0.03157155,2.1397495,20.549711,0.5120281,-18.341003,-0.64128196,-8.082785,-1.7247096,-15.671409,-0.57033175,0.004606143,0.0,4.744588,0.0,-3.4642708,-0.10909191,-4.935548,-0.063705586,45.562683,0.019988913,1050.9237,0.006434878,1124.8335,0.02184113,-183.4095,-0.26546532,1946.4292,0.009058603,1023.88544,0.033023875,-184.52098,-0.24722187,2983.6057,0.008840476,873.8458,0.04457538,-186.7995,-0.21037932,1.9487324,1.252546,23.551386,0.11399108,0.10660893,0.056512747,0.0126522,0.6796442,0.124347575,0.45592207,34.687176,0.15164399,-38.129482,-0.06497597,-29.619465,-0.19213226,-11.609968,-0.51498836,-3.3179944,16.394451,0.080769785,0.017267676,0.027351381,2.3809524,2.7027028,0.02,0.0,0.16,0.049999997,-42.831406
./StandardData/2021.0606.145351.wav,0 days,0 days 00:00:00.483687500,39.84262,0.028727653,38.719826,39.538223,41.13572,2.4158936,0.30366096,0.0,0.0,0.0,0.060507286,0.6602839,0.0338152,0.041898366,0.07665898,0.042843778,0.25799108,0.16736147,0.7656314,0.0,0.030151894,1.6848034,18.281906,0.60733414,-9.384971,-1.34,5.892529,1.3846649,-15.317743,-0.6196839,0.051307466,0.4710788,2.9549417,0.3223298,9.750163,0.16346982,-8.57402,-0.7889116,10.581271,0.35018215,817.62646,0.20489179,1254.9568,0.12683956,-168.68604,-0.35519725,1894.2574,0.08481095,1091.9398,0.17648886,-164.36617,-0.37283668,2941.1116,0.065723464,1083.343,0.16415644,-165.77432,-0.35452947,-24.868874,-0.5838451,34.402657,0.5023189,0.04751658,0.41450796,0.010389951,0.4864908,0.09527259,0.65733975,28.654692,0.3799317,5.6771636,2.517313,16.287615,0.3820617,-4.59827,-2.2629,-6.836895,15.836127,0.07451325,0.01696978,0.014555828,2.1276596,2.3809524,0.089999996,0.0,0.14999999,0.04,-40.611298
./StandardData/2021.0606.144944.wav,0 days,0 days 00:00:00.667375,35.411556,0.0002769465,35.405453,35.41694,35.41874,0.013286591,0.0,0.0,-0.006380717,0.0,0.4813587,1.5041225,0.04198844,0.100556545,0.84487736,0.80288893,10.442912,5.012555,35.10625,25.261145,0.4044653,1.8498771,11.349577,0.5907543,-12.973874,-1.0319977,0.62679005,14.466443,-16.115898,-0.5614563,0.002484139,0.0,3.5159945,0.0,4.977286,0.28202105,-15.835052,-0.15724225,18.67083,0.17665425,877.18555,0.005895548,1478.6942,0.03232308,-190.25511,-0.20470627,1798.6028,0.02078077,1351.7916,0.033716183,-190.52385,-0.198716,2873.191,0.02143009,929.3584,0.016942265,-190.82579,-0.19266762,-16.773672,-0.34688732,33.65416,0.1202759,0.07703989,0.032567304,-0.026934234,-0.32927114,2.7811754,0.15971813,25.33098,0.14227438,-10.512844,-0.49151006,-22.969265,-0.08360781,-41.910603,-0.05133585,-0.57967204,12.32904,0.04910865,0.016401796,0.34081835,3.0769231,1.6666667,0.02,0.0,0.275,0.035,-22.55402
./StandardData/2021.0614.010010.wav,0 days,0 days 00:00:01.080625,29.329855,0.033470135,28.504162,29.409544,30.255257,1.7510948,23.464996,25.70559,20.175339,14.382631,0.21439984,0.6137155,0.08269497,0.19484389,0.29774517,0.21505019,1.9919783,2.0023508,1.9262978,0.894991,0.07677683,0.849768,31.726267,0.35865566,15.776567,0.6270189,1.995345,5.94354,-4.9961247,-2.5064995,0.019395512,1.051568,0.92021424,0.7099026,8.691923,0.2112425,10.108815,0.97603333,29.397688,0.2597959,889.1888,0.15120603,1101.1332,0.1744109,-79.24192,-1.0427687,2032.9772,0.110485025,1126.1218,0.15934272,-96.5764,-0.7188018,3102.5798,0.060653728,1007.09595,0.15963405,-99.23478,-0.67889607,-20.31725,-0.36968523,46.142056,0.10529644,-0.036440983,-0.41056344,-0.010961136,-1.0852169,0.1108263,0.5046519,39.432053,0.114038214,21.535618,0.2954278,2.245529,6.4003854,1.9099348,5.040252,-10.857979,22.434967,-0.004377542,-0.0031853283,0.013152198,2.8037386,0.98039216,0.69,0.0,0.14999999,0.04,-28.896477
./StandardData/2021.0606.145022.wav,0 days,0 days 00:00:00.621437500,0.0,0.0,0.0,0.0,0.0,0.0,0.0,0.0,0.0,0.0,0.16770585,0.67291105,0.062107027,0.14876424,0.2933431,0.23123607,4.620716,2.3507602,3.9222293,1.3852817,0.0440604,0.91472,12.15208,0.40311357,-15.687441,-0.5111043,-1.4397374,-5.849745,-17.690212,-0.53378093,0.0,0.0,0.0,0.0,0.0,0.0,0.0,0.0,0.0,0.0,0.0,0.0,0.0,0.0,-201.0,0.0,0.0,0.0,0.0,0.0,-201.0,0.0,0.0,0.0,0.0,0.0,-201.0,0.0,0.0,0.0,0.0,0.0,0.0,0.0,0.0,0.0,0.0,0.0,0.0,0.0,0.0,0.0,0.0,0.0,0.0,0.0,-2.2866993,11.524468,0.07101019,0.010938702,0.04848258,8.196721,0.0,0.0,0.0,0.55,0.0,-44.87714
./StandardData/2021.0614.114139.wav,0 days,0 days 00:00:00.437750,0.0,0.0,0.0,0.0,0.0,0.0,0.0,0.0,0.0,0.0,0.08825895,1.4309349,0.036947876,0.040899448,0.06658208,0.029634207,1.1103129,0.8883514,6.1762733,0.0,0.04654821,2.42542,19.113436,0.6032066,-5.8618956,-1.2586328,-1.9635391,-4.2415314,-20.681139,-0.26718184,0.0,0.0,0.0,0.0,0.0,0.0,0.0,0.0,0.0,0.0,0.0,0.0,0.0,0.0,-201.0,0.0,0.0,0.0,0.0,0.0,-201.0,0.0,0.0,0.0,0.0,0.0,-201.0,0.0,0.0,0.0,0.0,0.0,0.0,0.0,0.0,0.0,0.0,0.0,0.0,0.0,0.0,0.0,0.0,0.0,0.0,0.0,-5.7865167,16.891891,0.053832915,0.004732519,0.0538645,2.3809524,0.0,0.0,0.0,0.35999998,0.0,-38.703377
./StandardData/2021.0514.145736.wav,0 days,0 days 00:00:01.470875,30.419302,0.11500002,26.804249,31.763111,33.589184,6.784935,55.44893,26.423607,22.54897,0.0,0.21493925,0.5565326,0.08601722,0.20973256,0.2870114,0.2009942,1.5246783,0.45739037,2.0733006,1.6790426,0.099740565,0.76705354,22.88451,0.4565098,23.765139,0.5705266,13.411799,0.806132,8.299819,1.8206431,0.027350288,1.053869,0.9735913,0.6053002,8.990347,0.24618396,15.80728,0.65110075,29.935553,0.440486,847.74316,0.2962692,1386.493,0.12616915,-97.45546,-0.8222478,1895.4412,0.15120108,1220.0475,0.23108561,-102.11319,-0.72610855,3024.2617,0.067215815,1021.8836,0.3031322,-104.85513,-0.6854212,-26.296015,-0.2733175,38.465164,0.21755874,-0.032214712,-0.7277774,-0.004523078,-2.0839927,0.12132544,0.51411355,27.214499,0.3484016,29.318367,0.3480538,16.756817,0.68600523,13.006447,0.8624762,-15.973867,25.800697,-0.014780171,-0.0011810929,0.07381689,4.109589,2.1276596,0.28333333,0.097410925,0.16,0.021602469,-29.39781
./StandardData/2021.0707.084730.wav,0 days,0 days 00:00:00.896937500,29.78888,0.031328686,29.791561,29.990555,30.146633,0.35507202,258.3613,174.95241,29.78984,24.8858,0.43794477,0.90546215,0.033150442,0.36396885,0.8068989,0.77374846,3.0405495,2.3649352,4.9165463,1.574317,0.1954653,0.994889,30.179977,0.61295754,-0.87768894,-17.67162,-4.414363,-2.182575,-29.006208,-0.44007564,0.006313606,0.74925125,0.7783358,1.1016711,6.823729,0.53973734,0.64522266,2.924531,35.941807,0.31924522,642.2719,0.25916103,1383.6471,0.10660412,-102.02415,-0.96737814,1666.6766,0.15574633,1095.6222,0.14240037,-112.82794,-0.78511095,2775.266,0.115639456,961.4583,0.5249121,-116.88757,-0.7211189,-17.374279,-0.40944788,28.85007,0.40298066,0.08537633,0.33146682,-0.03945951,-0.6304795,0.30808124,0.5462139,42.384888,0.26642433,3.5653052,3.8034258,-6.8556786,-1.4615113,-24.05974,-0.60583353,-9.2419815,19.523397,0.0732612,-0.012709492,0.12533922,2.2727273,2.4691358,0.185,0.13499999,0.13,0.048989795,-24.227047
./StandardData/2021.0714.092521.wav,0 days,0 days 00:00:01.218312500,30.952063,0.059396945,30.200441,31.549301,32.32092,2.1204777,27.2685,16.291733,12.908478,3.7517235,0.3437222,0.8214435,0.054075282,0.28876013,0.5996903,0.545615,5.602901,2.507921,5.2226553,1.3054094,0.1906069,0.98950213,31.501656,0.42650092,10.634914,1.6177948,15.243007,0.9373128,-10.189064,-1.0577003,0.01681474,0.7759731,1.4138031,0.801049,8.011648,0.34390637,6.421395,1.4750477,40.97411,0.21735708,641.8278,0.2780831,1400.7235,0.131962,-96.16469,-0.9291432,1788.7837,0.10923805,1110.4159,0.24342392,-103.12671,-0.78872484,2924.9304,0.080198795,1087.5677,0.17910406,-108.229355,-0.709207,-25.256443,-0.26332635,35.189613,0.2516677,0.05677094,0.40663943,-0.030617468,-0.6879076,0.29634118,0.5944545,38.8249,0.22629693,20.826794,0.5665016,21.008556,0.74723893,-12.579217,-0.8494542,-8.499504,19.40176,0.04801898,-0.0032876986,0.06761129,4.166667,2.6086957,0.21,0.22642143,0.21499999,0.005,-25.092924
./StandardData/2021.0714.094325.wav,0 days,0 days 00:00:01.402000,31.011986,0.16154778,28.644493,28.875525,29.42191,0.7774162,93.5862,60.42635,467.8215,0.0,0.190289,0.67294055,0.06845141,0.16868193,0.3069118,0.23846039,3.4296439,2.450159,3.7074368,2.2098732,0.12683596,1.008038,28.03605,0.39623252,4.187244,2.3839037,5.6243873,1.0432549,-17.84656,-0.5803081,0.041714843,0.51027304,3.0106292,0.19111899,3.7682893,0.42969167,9.416713,0.86658895,38.094643,0.24725172,859.45953,0.16270415,1264.139,0.1527773,-173.8437,-0.34123474,1990.3094,0.0678946,1137.7534,0.21836378,-176.34187,-0.30471203,2991.6494,0.06341428,1227.5946,0.43740964,-176.69028,-0.30053285,-19.412287,-0.42740223,32.64442,0.31164277,0.0807949,0.18266064,-0.012915684,-1.0145822,0.23461401,0.6267446,31.677927,0.261883,10.622407,1.0474819,5.0142355,0.6985698,-23.086012,-0.30334276,-14.06926,27.490284,0.0702351,-0.001542754,0.11634905,4.316547,2.9850748,0.037499998,0.020463381,0.22,0.16887864,-33.47313
./StandardData/2021.0707.085411.wav,0 days,0 days 00:00:00.942875,30.375046,0.01349985,29.942076,30.418264,30.793362,0.85128593,8.196005,2.1650698,13.099365,8.751741,0.556342,0.9354195,0.038042173,0.46157828,1.0922819,1.0542397,8.67976,7.450164,5.7447486,0.13634153,0.33268565,1.098633,32.577118,0.60956,4.6999288,3.5676863,-11.009102,-1.4991744,-28.92703,-0.39835128,0.014329185,1.26806,1.1021678,0.869456,7.611827,0.46815392,7.105137,0.89885825,55.331318,0.21183316,753.68225,0.25256425,1530.8193,0.12658797,-84.77465,-1.1316671,1808.3439,0.18915811,1291.4426,0.21513408,-97.06199,-0.8585468,3066.8984,0.08863176,1185.7577,0.21337204,-107.47264,-0.6926667,-22.657553,-0.34230748,47.141605,0.13643418,0.08065209,0.21415062,-0.051842656,-0.279218,0.55124587,0.6079382,48.204525,0.1410981,16.80817,0.5792691,-18.580458,-0.79980814,-31.229752,-0.4029794,-2.4547276,13.256064,0.07810153,0.008881053,0.06488107,3.2258065,2.2727273,0.25,0.21,0.11,0.0697615,-18.640705
./StandardData/2021.0514.145822.wav,0 days,0 days 00:00:01.562687500,29.509193,0.076908424,27.042137,29.777195,31.973457,4.93132,185.03363,216.70486,30.501343,29.731388,0.20159917,0.56423473,0.08056216,0.19956239,0.30634132,0.22577916,2.2544339,1.7721132,2.5857131,1.1188489,0.10715297,0.8844337,24.230953,0.3967926,24.162172,0.5390019,13.2756605,0.93952334,7.6554046,1.9162197,0.01930789,0.897489,1.3862611,0.79318917,8.495723,0.22627287,16.504,0.62062746,27.64,0.3982157,936.30835,0.17775634,1356.0544,0.22085135,-86.82787,-0.79426867,2005.5958,0.122152686,1236.9983,0.28936538,-93.68646,-0.6847165,3097.1772,0.07574793,1045.7031,0.37451953,-95.180565,-0.66246575,-26.621794,-0.27619222,38.996006,0.23876004,-0.044584177,-0.48348662,-0.0055814493,-2.074332,0.13843398,0.6620438,28.257654,0.27891183,28.670124,0.31536987,16.827312,0.7108255,13.767775,0.7379178,-15.882518,25.295494,-0.021350576,-0.0021856015,0.052240986,3.8709679,4.6666665,0.13857143,0.10907777,0.0475,0.0553963,-27.81422
./StandardData/2021.0707.084633.wav,0 days,0 days 00:00:01.861125,29.988409,0.31424642,24.848604,26.947739,32.424164,7.5755596,82.68597,57.246796,105.48171,91.72915,0.23565796,0.7436476,0.11277143,0.199763,0.29004297,0.17727154,2.4735525,1.5348058,2.5075014,1.9582136,0.12602429,1.2996842,24.561325,0.5661202,13.866698,0.80369973,46.15892,0.35225385,17.985474,0.644643,0.025341133,0.78953695,1.352361,0.7948616,7.595379,0.3079661,17.453259,0.95663875,18.698545,1.2997974,803.48035,0.3637235,1284.3069,0.28409478,-53.944035,-0.91857,1888.2222,0.14613912,1046.5242,0.44383612,-54.730564,-0.8680606,2927.0022,0.10873693,977.3934,0.36895102,-46.45295,-1.1358339,-20.244375,-0.73631275,25.710466,0.6408407,-0.027820993,-0.8495507,0.004749569,2.2190363,0.1408211,1.2144413,25.215778,0.57155806,15.99889,0.6076075,48.45366,0.31667924,17.96819,0.6161965,-9.598787,17.54098,-0.01447217,0.021157362,0.049331743,2.7027028,1.6759777,0.53,0.6788716,0.074999996,0.035,-28.55623
./StandardData/2021.0714.094418.wav,0 days,0 days 00:00:00.575500,0.0,0.0,0.0,0.0,0.0,0.0,0.0,0.0,0.0,0.0,0.11839154,1.0939611,0.04649806,0.062876046,0.13177313,0.08527507,1.1558571,0.71161383,2.3992476,0.0,0.039432757,1.8480299,16.027962,0.6396355,-1.7903286,-4.6842303,7.1198783,1.317009,-10.60953,-0.7856416,0.0,0.0,0.0,0.0,0.0,0.0,0.0,0.0,0.0,0.0,0.0,0.0,0.0,0.0,-201.0,0.0,0.0,0.0,0.0,0.0,-201.0,0.0,0.0,0.0,0.0,0.0,-201.0,0.0,0.0,0.0,0.0,0.0,0.0,0.0,0.0,0.0,0.0,0.0,0.0,0.0,0.0,0.0,0.0,0.0,0.0,0.0,-4.633469,16.845476,0.040497128,0.015663533,0.043501377,1.7857143,0.0,0.0,0.0,0.5,0.0,-41.47957
./StandardData/2021.0707.084835.wav,0 days,0 days 00:00:00.667312500,31.938343,0.08483506,29.716072,30.56253,35.343044,5.626972,221.66328,0.0,47.830772,0.0,0.14919609,1.4191775,0.03758675,0.0531657,0.19184837,0.15426162,1.9685097,1.4167707,3.0281718,0.0,0.08751063,2.376836,13.5023,0.7334,-6.4558024,-1.7607771,-1.9924774,-6.8907614,-15.274846,-0.83472115,0.07585691,0.59162223,2.6870363,0.63713634,3.5728035,0.62478095,-6.80379,-0.90753716,21.423203,0.3649519,772.50397,0.07551697,1460.6575,0.11096011,-170.50325,-0.3962204,1817.5157,0.08433611,1101.3015,0.091561854,-173.29715,-0.35299578,2984.0806,0.039778177,1042.4744,0.14449668,-174.68144,-0.33146763,-18.239937,-0.4133457,35.63035,0.24958491,0.08105291,0.17847006,-0.024004912,-0.40625417,0.48404756,0.81199896,31.55634,0.2239234,-11.713105,-1.0121444,-23.809975,-0.6856609,-36.208244,-0.10507249,-4.3602443,13.818735,0.04865132,0.01226434,0.0363461,1.5384616,3.3333335,0.03,0.01,0.16333334,0.10208928,-33.404297
./StandardData/2021.0606.144939.wav,0 days,0 days 00:00:00.942812500,40.52513,0.045599315,38.56142,40.640488,42.556076,3.9946556,22.651361,6.6102934,18.33433,0.0,0.20699035,0.60961,0.096374296,0.16081531,0.2911169,0.19474259,3.3884425,2.004727,2.9334202,1.6145136,0.059418667,1.0769938,19.111288,0.5567429,-21.106153,-0.5843557,-2.8722537,-3.633387,-24.333729,-0.38959968,0.016098086,0.7696897,1.2326165,0.6082503,9.196995,0.30059475,1.4462042,8.665499,15.465083,0.8185396,843.1733,0.21685764,1162.2648,0.16986208,-68.908676,-1.2176702,1869.5974,0.12870918,1165.9929,0.44495684,-67.865814,-1.1410668,2851.5408,0.076087885,1014.97076,0.1997269,-72.17712,-1.0332717,-9.044914,-0.8781113,20.734022,0.40063903,0.09159086,0.11487198,0.008152175,2.3615766,0.07573457,0.9147524,24.003368,0.35325283,-20.035141,-0.63723093,-2.6043515,-4.343055,-25.01731,-0.41500813,1.6222478,11.236626,0.096800424,0.024504373,0.0246816,4.3010755,2.2988505,0.31,0.13,0.105,0.044999998,-37.439117
./StandardData/2021.0606.145159.wav,0 days,0 days 00:00:00.137750,0.0,0.0,0.0,0.0,0.0,0.0,0.0,0.0,0.0,0.0,0.07592182,0.31897762,0.054413483,0.06954649,0.093575746,0.039162263,0.0,0.0,-0.0065665855,0.0,0.012263781,0.56523454,23.133848,0.31199205,6.379228,0.38141826,13.1766205,0.3483515,-4.0197506,-0.6842026,0.0,0.0,0.0,0.0,0.0,0.0,0.0,0.0,0.0,0.0,0.0,0.0,0.0,0.0,-201.0,0.0,0.0,0.0,0.0,0.0,-201.0,0.0,0.0,0.0,0.0,0.0,-201.0,0.0,0.0,0.0,0.0,0.0,0.0,0.0,0.0,0.0,0.0,0.0,0.0,0.0,0.0,0.0,0.0,0.0,0.0,0.0,-13.735157,26.514019,0.056297123,0.0101285195,0.01975171,0.0,0.0,0.0,0.0,0.06,0.0,-52.567146
./StandardData/2021.0610.112735.wav,0 days,0 days 00:00:00.579375,0.0,0.0,0.0,0.0,0.0,0.0,0.0,0.0,0.0,0.0,0.12940778,0.9795439,0.0639571,0.07174115,0.15708835,0.09313125,1.0271313,0.5822938,2.4767694,0.0,0.03778757,1.8047649,17.18836,0.4259434,3.1514094,1.052269,2.85122,1.8200294,-16.116547,-0.49320325,0.0,0.0,0.0,0.0,0.0,0.0,0.0,0.0,0.0,0.0,0.0,0.0,0.0,0.0,-201.0,0.0,0.0,0.0,0.0,0.0,-201.0,0.0,0.0,0.0,0.0,0.0,-201.0,0.0,0.0,0.0,0.0,0.0,0.0,0.0,0.0,0.0,0.0,0.0,0.0,0.0,0.0,0.0,0.0,0.0,0.0,0.0,-11.683327,22.599552,0.003815569,-0.005312333,0.041694384,1.7857143,0.0,0.0,0.0,0.5,0.0,-40.909157
./StandardData/2021.0606.145144.wav,0 days,0 days 00:00:00.062500,0.0,0.0,0.0,0.0,0.0,0.0,0.0,0.0,0.0,0.0,0.046326745,0.028534465,0.045753933,0.0466714,0.04742199,0.0016680583,0.040006265,0.0,-0.18099137,0.0,0.003488,0.26254636,8.826962,0.2665992,2.6842785,0.5730113,19.506702,0.11856954,2.8708856,1.5885361,0.0,0.0,0.0,0.0,0.0,0.0,0.0,0.0,0.0,0.0,0.0,0.0,0.0,0.0,-201.0,0.0,0.0,0.0,0.0,0.0,-201.0,0.0,0.0,0.0,0.0,0.0,-201.0,0.0,0.0,0.0,0.0,0.0,0.0,0.0,0.0,0.0,0.0,0.0,0.0,0.0,0.0,0.0,0.0,0.0,0.0,0.0,-6.5913258,14.529092,0.05076809,0.026559502,0.0,20.000002,0.0,0.0,0.0,0.0,0.0,-65.886734
./StandardData/2021.0714.095508.wav,0 days,0 days 00:00:01.815250,31.713776,0.14422035,29.293888,32.683895,35.49897,6.205082,211.68562,190.69087,50.060154,19.087553,0.19070002,0.79431415,0.056150623,0.1426737,0.34350416,0.28735355,4.2593126,2.2003908,3.6722612,2.1850095,0.101341695,1.1043124,25.192327,0.6479217,11.556759,1.3190124,20.64466,0.8994053,-3.0200813,-3.9861624,0.018107248,0.69021904,1.6272371,0.8945649,7.859742,0.4639966,12.836376,0.8984931,35.951206,0.56112194,775.6029,0.27866507,1402.0494,0.21103224,-126.40686,-0.6421011,1872.8949,0.113771856,1219.5981,0.14650282,-128.54237,-0.5649182,2961.7976,0.068005204,1085.9056,0.2032725,-130.90773,-0.5335715,-24.47366,-0.5022586,37.81891,0.3780259,0.04351835,0.68241125,-0.003827193,-4.946284,0.14502533,0.7351675,33.457985,0.41869253,20.723282,0.58948034,20.425257,0.84197754,0.031622685,426.70584,-10.580226,20.967228,0.048670296,0.009892691,0.07108976,5.0,4.0,0.099999994,0.079462476,0.12142857,0.069164105,-31.000021
./StandardData/2021.0614.114246.wav,0 days,0 days 00:00:00.759125,0.0,0.0,0.0,0.0,0.0,0.0,0.0,0.0,0.0,0.0,0.22522666,1.4386445,0.05649607,0.07271837,0.2700043,0.21350823,6.399048,4.362837,5.5709705,1.524965,0.14731982,1.872874,25.40617,0.4085819,-5.6233783,-2.1144671,-5.2919164,-1.9103522,-20.670235,-0.28737912,0.0,0.0,0.0,0.0,0.0,0.0,0.0,0.0,0.0,0.0,0.0,0.0,0.0,0.0,-201.0,0.0,0.0,0.0,0.0,0.0,-201.0,0.0,0.0,0.0,0.0,0.0,-201.0,0.0,0.0,0.0,0.0,0.0,0.0,0.0,0.0,0.0,0.0,0.0,0.0,0.0,0.0,0.0,0.0,0.0,0.0,0.0,-9.047187,22.10179,0.070821114,-0.0026636713,0.15974966,2.7027028,0.0,0.0,0.0,0.68,0.0,-31.582207
./StandardData/2021.0514.145812.wav,0 days,0 days 00:00:01.585687500,30.559029,0.11654376,27.863464,31.657299,32.786667,4.9232025,598.46564,483.2292,15.376493,14.206791,0.18892398,0.5868516,0.07720544,0.19160408,0.28152093,0.20431548,1.9339058,0.46269125,1.9055854,0.9660961,0.0901532,0.6981221,24.882456,0.55329484,25.072247,0.44705284,15.20435,0.9082201,-0.919125,-13.953048,0.024007693,1.1183485,1.3288885,0.78192353,8.580625,0.31226733,6.333205,1.5330125,30.026308,0.35057813,844.8057,0.2600308,1402.4224,0.15906896,-98.68734,-0.7933557,1966.2614,0.15277846,1264.093,0.25078937,-105.57197,-0.6756335,3026.7134,0.08527811,1175.1082,0.28484038,-108.22333,-0.633833,-24.649559,-0.35813215,36.24208,0.30291244,-0.012674216,-1.5595047,-0.012350076,-1.200348,0.11511795,0.506026,30.040009,0.40378222,29.262268,0.24631506,15.437137,0.9062417,2.4222746,4.0341697,-18.48299,28.032175,-0.020676807,-0.004574684,0.05979352,3.8216562,4.6666665,0.12428571,0.11782034,0.068571426,0.056676667,-30.68351
./StandardData/2021.0514.143827.wav,0 days,0 days 00:00:01.102000,27.973804,0.045623425,27.129631,27.501291,28.675581,1.5459499,36.74563,23.363712,18.113403,12.186402,0.21080773,0.52874976,0.0974129,0.1796184,0.31402004,0.21660714,1.8737857,0.86814535,1.4949687,0.41268328,0.11857928,0.84695256,25.00582,0.36284462,23.331057,0.5172796,15.1757345,0.6053113,15.200881,1.123545,0.021498436,0.67245644,1.4528995,0.6167827,8.006212,0.19526798,6.1484,1.4944155,22.987736,0.45825446,880.7941,0.2031297,1311.9707,0.18032628,-59.30689,-0.88508606,1952.7147,0.10893084,1194.8954,0.2547781,-64.9094,-0.7271708,3045.457,0.07381777,1060.4263,0.2555409,-70.90339,-0.64019334,-25.806686,-0.27219003,38.212696,0.2300661,-0.042896584,-0.44978708,-0.003328195,-2.2373097,0.13941199,0.7102974,26.482016,0.35319713,25.619165,0.4365237,16.51298,0.54916954,20.31467,0.6058271,-17.508303,25.914423,-0.026756195,-0.009914883,0.035860635,3.6697247,3.846154,0.21249999,0.14905955,0.07,0.0,-25.816044
./StandardData/2021.0707.084538.wav,0 days,0 days 00:00:00.575500,26.525278,0.0014766976,26.497026,26.529684,26.554413,0.0573864,0.0,0.0,-0.031880695,0.0,0.18334772,1.9403242,0.041788,0.07079549,0.11170419,0.06991619,3.058653,2.1693387,12.59457,0.0,0.15703316,2.6562245,15.142156,0.8237192,-14.561927,-0.8157261,-0.6766514,-14.591962,-9.729838,-1.2634809,0.0030578575,0.0,3.8552117,0.0,3.2656732,0.021093315,4.2278423,0.52752167,39.650078,0.042440813,981.9874,0.09324405,1277.4257,0.041769836,-189.60468,-0.19822617,2241.7944,0.040653512,1262.8248,0.10466443,-190.87434,-0.17511414,3539.4197,0.026250979,1241.9283,0.09788187,-191.70396,-0.16037612,-19.413786,-0.20514053,45.669666,0.009269727,0.039333895,0.36469743,-0.037227497,-0.12502836,1.5467178,0.15294378,45.893833,0.068884335,-7.07648,-1.0697262,-34.28292,-0.20578662,-21.012623,-0.09474553,-1.7109429,12.429859,0.051836032,0.018325767,0.07469362,1.7857143,1.9607843,0.02,0.0,0.22999999,0.03,-27.625322
./StandardData/2021.0707.084619.wav,0 days,0 days 00:00:01.402000,28.729942,0.076081604,27.004799,29.152376,31.21314,4.2083416,18.273153,10.238356,12.312179,4.695285,0.3058883,0.72046155,0.05876927,0.3040059,0.5361138,0.4773445,3.0224733,1.8991287,2.7836783,0.9942065,0.18542612,0.9902427,29.648932,0.56127924,14.180387,1.3096498,31.743355,0.60932827,4.7457376,2.6234899,0.017072158,1.029356,1.032831,0.9856946,8.684702,0.22918528,18.00054,0.318988,38.94329,0.2542664,661.28204,0.35765168,1387.9047,0.20734788,-71.4816,-1.1013768,1794.4819,0.13335362,1150.8021,0.25402623,-85.113754,-0.8028845,2909.115,0.08313292,910.9469,0.35983476,-83.7819,-0.82237464,-27.865408,-0.3245544,34.96924,0.31253433,0.0078225555,3.4001894,-0.00018228524,-72.715675,0.24201818,0.7021807,36.622387,0.29683983,23.842947,0.41016966,39.38169,0.4002319,9.361048,0.93229854,-3.2779984,11.350403,0.046581913,0.021925233,0.06397836,3.5971224,1.5037595,0.475,0.235,0.11,0.0697615,-21.582253
./StandardData/2021.0606.145011.wav,0 days,0 days 00:00:00.759125,28.964771,0.06352529,26.999798,29.41668,30.837278,3.8374805,0.0,0.0,-0.37537083,0.0,0.13304476,0.7002008,0.06960912,0.107886,0.16239715,0.092788026,3.2684507,2.4509785,2.281756,1.6807038,0.059374604,1.206536,23.363655,0.44680628,6.963209,1.7106793,8.654241,1.2312429,-5.7855577,-2.1326091,0.030227296,1.1142555,1.33318,0.7948153,3.4542658,0.9034762,15.704554,0.34033257,41.661526,0.11146977,879.66736,0.22694066,1339.239,0.22536965,-164.26405,-0.43085265,1934.3811,0.08941078,1424.0408,0.2960202,-163.90714,-0.41915032,2925.3425,0.11240787,1173.1173,0.19356106,-165.117,-0.40158266,-17.14572,-0.64327157,30.124035,0.39459297,0.06413713,0.20540622,0.00994409,2.0805697,0.12580018,0.776163,29.330866,0.35546243,9.449597,1.457537,14.606861,0.5802623,7.356101,1.1291273,-9.029627,20.85464,0.045499202,0.0037641665,0.047395516,5.4054055,1.5151516,0.13,0.0,0.25,0.08,-39.75577
./StandardData/2021.0714.094253.wav,0 days,0 days 00:00:00.483687500,0.0,0.0,0.0,0.0,0.0,0.0,0.0,0.0,0.0,0.0,0.09133999,1.0203612,0.033891022,0.046637047,0.122169055,0.08827803,0.42463067,0.7215134,3.5153248,0.0,0.03163786,2.040851,16.381239,0.73791444,-11.997884,-0.43322948,1.391223,6.39039,-23.01914,-0.29334363,0.0,0.0,0.0,0.0,0.0,0.0,0.0,0.0,0.0,0.0,0.0,0.0,0.0,0.0,-201.0,0.0,0.0,0.0,0.0,0.0,-201.0,0.0,0.0,0.0,0.0,0.0,-201.0,0.0,0.0,0.0,0.0,0.0,0.0,0.0,0.0,0.0,0.0,0.0,0.0,0.0,0.0,0.0,0.0,0.0,0.0,0.0,-2.1713183,14.660956,0.0763306,0.0133416,0.035601787,2.1276596,0.0,0.0,0.0,0.41,0.0,-42.960186
./StandardData/2021.0606.145522.wav,0 days,0 days 00:00:01.239750,39.73794,0.24784741,33.03589,34.025826,51.959538,18.923649,48.532566,30.490908,60.13863,0.0,0.7100253,0.6877481,0.27408558,0.54888004,1.3234684,1.0493829,11.290717,5.708643,8.985034,6.8024383,0.6668206,1.4617044,22.7702,0.8195126,-9.966198,-1.1535459,-20.108643,-0.9808807,-26.866024,-0.5209879,0.018661072,1.3743154,1.0699167,0.8713576,8.128016,0.72044593,4.6130867,2.3154252,24.283804,0.52967286,806.107,0.2278667,1398.2745,0.15703632,-66.83661,-1.3527234,1827.9102,0.14054914,1178.8203,0.19734544,-73.23521,-1.0419753,2923.5093,0.09511807,1119.47,0.22824636,-80.208015,-0.9057035,-15.752988,-0.5132308,33.62769,0.32093045,0.06863446,0.35730088,-0.025960794,-0.6806891,0.8372166,1.2735682,31.490677,0.3370594,-10.257508,-1.0959787,-22.533829,-0.8490284,-29.371054,-0.5053264,2.0432239,10.331153,0.06775188,0.0057890434,0.3468574,4.9180326,3.4188035,0.19999999,0.130958,0.09333333,0.044969123,-16.751257
./StandardData/2021.0707.085536.wav,0 days,0 days 00:00:00.851000,32.09905,0.12003953,31.495052,33.479553,34.612514,3.1174622,25.202307,0.0,-174.38994,0.0,0.35912424,1.0850744,0.04663437,0.21326229,0.6954835,0.6488491,7.1993647,5.6858397,8.747918,2.7428176,0.27854136,1.3070105,22.635746,0.7944746,1.978819,5.2301598,2.474044,10.310572,-15.967638,-0.6130942,0.01772737,0.73538536,1.5643897,0.46102798,6.395156,0.44670898,8.958626,0.83829546,35.822155,0.16576666,657.2804,0.40926602,1360.9801,0.1995436,-141.95284,-0.5653426,1712.887,0.19350952,1059.4017,0.24743137,-139.27336,-0.56409365,2810.7495,0.10098586,1001.0536,0.13150562,-143.15878,-0.51688915,-14.46429,-0.8419635,30.297344,0.43779045,0.070651755,0.2624877,-0.013722125,-0.85435015,0.5751138,0.61588013,34.750343,0.348844,8.4679165,1.4982666,8.110152,3.6447506,-12.775728,-1.027487,-2.2331285,17.989002,0.050717544,0.007825464,0.15149455,3.5714288,3.7974684,0.08,0.06480741,0.12,0.06204837,-23.864471
